[INFO] [launch]: All log files can be found below /home/lawlite/.ros/log/2026-08-04-11-59-20-910033-lawlite-Lenovo-Y520-15IKBN-45975
[INFO] [launch]: Default logging verbosity is set to INFO
[INFO] [gz-1]: process started with pid [45992]
[INFO] [nsk_engine-2]: process started with pid [45993]
[INFO] [parameter_bridge-3]: process started with pid [45994]
[parameter_bridge-3] [INFO] [1785833961.320473226] [clock_bridge]: Creating GZ->ROS Bridge: [/clock (gz.msgs.Clock) -> /clock (rosgraph_msgs/msg/Clock)] (Lazy 0)
[gz-1] [1;33mWarning [Utils.cc:132][0m [/sdf/world[@name="knowledge_world"]/ambient:/home/lawlite/Desktop/NSKsim/ros2_ws/install/nsk_swarm/share/nsk_swarm/worlds/knowledge_world.sdf:L33]: XML Element[ambient], child of element[world], not defined in SDF. Copying[ambient] as children of [world].
[nsk_engine-2] [INFO] [1785833963.241294367] [nsk_engine]: NSK base:     /home/lawlite/Desktop/NSK
[nsk_engine-2] [INFO] [1785833963.242600133] [nsk_engine]: Checkpoint:   /home/lawlite/Desktop/NSK/experiments/checkpoints/joint_best.pt
[nsk_engine-2] [INFO] [1785833963.243212366] [nsk_engine]: Config:       /home/lawlite/Desktop/NSK/configs/base.yaml
[nsk_engine-2] [INFO] [1785833963.243711848] [nsk_engine]: Num robots:   5
[nsk_engine-2] [INFO] [1785833963.244208503] [nsk_engine]: DS indices:   [0, 900, 1800, 2700, 3600]
[INFO] [create-4]: process started with pid [46081]
[INFO] [create-5]: process started with pid [46082]
[INFO] [create-6]: process started with pid [46083]
[INFO] [create-7]: process started with pid [46084]
[INFO] [create-8]: process started with pid [46085]
[nsk_engine-2] [INFO] [1785833963.248380558] [nsk_engine]: Seed:         unseeded
[gz-1] libEGL warning: pci id for fd 108: 10de:1c8d, driver (null)
[gz-1] 
[gz-1] pci id for fd 109: 10de:1c8d, driver (null)
[gz-1] pci id for fd 110: 10de:1c8d, driver (null)
[gz-1] libEGL warning: egl: failed to create dri2 screen
[gz-1] libEGL warning: pci id for fd 108: 10de:1c8d, driver (null)
[gz-1] 
[gz-1] pci id for fd 109: 10de:1c8d, driver (null)
[gz-1] pci id for fd 110: 10de:1c8d, driver (null)
[gz-1] libEGL warning: egl: failed to create dri2 screen
[gz-1] libEGL warning: pci id for fd 108: 10de:1c8d, driver (null)
[gz-1] 
[create-4] [INFO] [1785833963.588024629] [spawn_robot_0]: Entity creation successful.
[gz-1] [1;33mWarning [Utils.cc:132][0m [/sdf/model[@name="turtlebot3_burger"]/link[@name="base_scan"]/sensor[@name="hls_lfcd_lds"]/gz_frame_id:/tmp/robot_0_burger_f400m3rf.sdf:L141]: XML Element[gz_frame_id], child of element[sensor], not defined in SDF. Copying[gz_frame_id] as children of [sensor].
[create-7] [INFO] [1785833963.679525428] [spawn_robot_3]: Entity creation successful.
[INFO] [create-4]: process has finished cleanly [pid 46081]
[create-8] [INFO] [1785833963.779986200] [spawn_robot_4]: Entity creation successful.
[INFO] [create-7]: process has finished cleanly [pid 46084]
[INFO] [create-8]: process has finished cleanly [pid 46085]
[gz-1] [1;33mWarning [Utils.cc:132][0m [/sdf/model[@name="turtlebot3_burger"]/link[@name="base_scan"]/sensor[@name="hls_lfcd_lds"]/gz_frame_id:/tmp/robot_3_burger_x_nb58s0.sdf:L141]: XML Element[gz_frame_id], child of element[sensor], not defined in SDF. Copying[gz_frame_id] as children of [sensor].
[create-5] [INFO] [1785833963.982350962] [spawn_robot_1]: Entity creation successful.
[create-6] [INFO] [1785833964.087736076] [spawn_robot_2]: Entity creation successful.
[INFO] [create-5]: process has finished cleanly [pid 46082]
[gz-1] [1;33mWarning [Utils.cc:132][0m [/sdf/model[@name="turtlebot3_burger"]/link[@name="base_scan"]/sensor[@name="hls_lfcd_lds"]/gz_frame_id:<data-string>:L163]: XML Element[gz_frame_id], child of element[sensor], not defined in SDF. Copying[gz_frame_id] as children of [sensor].
[gz-1] [1;33mWarning [Utils.cc:132][0m [/sdf/model[@name="turtlebot3_burger"]/link[@name="base_scan"]/sensor[@name="hls_lfcd_lds"]/gz_frame_id:<data-string>:L163]: XML Element[gz_frame_id], child of element[sensor], not defined in SDF. Copying[gz_frame_id] as children of [sensor].
[gz-1] [1;33mWarning [Utils.cc:132][0m [/sdf/model[@name="turtlebot3_burger"]/link[@name="base_scan"]/sensor[@name="hls_lfcd_lds"]/gz_frame_id:/tmp/robot_4_burger_vq31jqz9.sdf:L141]: XML Element[gz_frame_id], child of element[sensor], not defined in SDF. Copying[gz_frame_id] as children of [sensor].
[INFO] [create-6]: process has finished cleanly [pid 46083]
[INFO] [ros2-9]: process started with pid [46231]
[gz-1] [1;33mWarning [Utils.cc:132][0m [/sdf/model[@name="turtlebot3_burger"]/link[@name="base_scan"]/sensor[@name="hls_lfcd_lds"]/gz_frame_id:/tmp/robot_1_burger_0s_b3xzc.sdf:L141]: XML Element[gz_frame_id], child of element[sensor], not defined in SDF. Copying[gz_frame_id] as children of [sensor].
[gz-1] libEGL warning: pci id for fd 83: 10de:1c8d, driver (null)
[gz-1] 
[gz-1] pci id for fd 84: 10de:1c8d, driver (null)
[gz-1] pci id for fd 85: 10de:1c8d, driver (null)
[gz-1] libEGL warning: egl: failed to create dri2 screen
[gz-1] libEGL warning: pci id for fd 83: 10de:1c8d, driver (null)
[gz-1] 
[gz-1] pci id for fd 84: 10de:1c8d, driver (null)
[gz-1] pci id for fd 85: 10de:1c8d, driver (null)
[gz-1] libEGL warning: egl: failed to create dri2 screen
[gz-1] libEGL warning: pci id for fd 83: 10de:1c8d, driver (null)
[gz-1] 
[gz-1] [1;33mWarning [Utils.cc:132][0m [/sdf/model[@name="turtlebot3_burger"]/link[@name="base_scan"]/sensor[@name="hls_lfcd_lds"]/gz_frame_id:/tmp/robot_2_burger_jy0bozlt.sdf:L141]: XML Element[gz_frame_id], child of element[sensor], not defined in SDF. Copying[gz_frame_id] as children of [sensor].
[gz-1] [1;33mWarning [Utils.cc:132][0m [/sdf/model[@name="turtlebot3_burger"]/link[@name="base_scan"]/sensor[@name="hls_lfcd_lds"]/gz_frame_id:<data-string>:L163]: XML Element[gz_frame_id], child of element[sensor], not defined in SDF. Copying[gz_frame_id] as children of [sensor].
[gz-1] [1;33mWarning [Utils.cc:132][0m [/sdf/model[@name="turtlebot3_burger"]/link[@name="base_scan"]/sensor[@name="hls_lfcd_lds"]/gz_frame_id:<data-string>:L163]: XML Element[gz_frame_id], child of element[sensor], not defined in SDF. Copying[gz_frame_id] as children of [sensor].
[gz-1] [1;33mWarning [Utils.cc:132][0m [/sdf/model[@name="turtlebot3_burger"]/link[@name="base_scan"]/sensor[@name="hls_lfcd_lds"]/gz_frame_id:<data-string>:L163]: XML Element[gz_frame_id], child of element[sensor], not defined in SDF. Copying[gz_frame_id] as children of [sensor].
[ros2-9] [INFO] [1785833964.735713764] [ros_gz_bridge]: Creating GZ->ROS Bridge: [/robot_0/cmd_vel (gz.msgs.Twist) -> /robot_0/cmd_vel (geometry_msgs/msg/Twist)] (Lazy 0)
[ros2-9] [INFO] [1785833964.743113875] [ros_gz_bridge]: Creating ROS->GZ Bridge: [/robot_0/cmd_vel (geometry_msgs/msg/Twist) -> /robot_0/cmd_vel (gz.msgs.Twist)] (Lazy 0)
[ros2-9] [INFO] [1785833964.745279707] [ros_gz_bridge]: Creating GZ->ROS Bridge: [/robot_0/odom (gz.msgs.Odometry) -> /robot_0/odom (nav_msgs/msg/Odometry)] (Lazy 0)
[ros2-9] [INFO] [1785833964.748724718] [ros_gz_bridge]: Creating ROS->GZ Bridge: [/robot_0/odom (nav_msgs/msg/Odometry) -> /robot_0/odom (gz.msgs.Odometry)] (Lazy 0)
[ros2-9] [INFO] [1785833964.750432232] [ros_gz_bridge]: Creating GZ->ROS Bridge: [/robot_0/scan (gz.msgs.LaserScan) -> /robot_0/scan (sensor_msgs/msg/LaserScan)] (Lazy 0)
[ros2-9] [INFO] [1785833964.753311074] [ros_gz_bridge]: Creating GZ->ROS Bridge: [/robot_1/cmd_vel (gz.msgs.Twist) -> /robot_1/cmd_vel (geometry_msgs/msg/Twist)] (Lazy 0)
[ros2-9] [INFO] [1785833964.754918872] [ros_gz_bridge]: Creating ROS->GZ Bridge: [/robot_1/cmd_vel (geometry_msgs/msg/Twist) -> /robot_1/cmd_vel (gz.msgs.Twist)] (Lazy 0)
[ros2-9] [INFO] [1785833964.756801439] [ros_gz_bridge]: Creating GZ->ROS Bridge: [/robot_1/odom (gz.msgs.Odometry) -> /robot_1/odom (nav_msgs/msg/Odometry)] (Lazy 0)
[ros2-9] [INFO] [1785833964.758807023] [ros_gz_bridge]: Creating ROS->GZ Bridge: [/robot_1/odom (nav_msgs/msg/Odometry) -> /robot_1/odom (gz.msgs.Odometry)] (Lazy 0)
[ros2-9] [INFO] [1785833964.760469523] [ros_gz_bridge]: Creating GZ->ROS Bridge: [/robot_1/scan (gz.msgs.LaserScan) -> /robot_1/scan (sensor_msgs/msg/LaserScan)] (Lazy 0)
[ros2-9] [INFO] [1785833964.762896684] [ros_gz_bridge]: Creating GZ->ROS Bridge: [/robot_2/cmd_vel (gz.msgs.Twist) -> /robot_2/cmd_vel (geometry_msgs/msg/Twist)] (Lazy 0)
[ros2-9] [INFO] [1785833964.764331593] [ros_gz_bridge]: Creating ROS->GZ Bridge: [/robot_2/cmd_vel (geometry_msgs/msg/Twist) -> /robot_2/cmd_vel (gz.msgs.Twist)] (Lazy 0)
[ros2-9] [INFO] [1785833964.766013531] [ros_gz_bridge]: Creating GZ->ROS Bridge: [/robot_2/odom (gz.msgs.Odometry) -> /robot_2/odom (nav_msgs/msg/Odometry)] (Lazy 0)
[ros2-9] [INFO] [1785833964.766506462] [ros_gz_bridge]: Creating ROS->GZ Bridge: [/robot_2/odom (nav_msgs/msg/Odometry) -> /robot_2/odom (gz.msgs.Odometry)] (Lazy 0)
[ros2-9] [INFO] [1785833964.768571771] [ros_gz_bridge]: Creating GZ->ROS Bridge: [/robot_2/scan (gz.msgs.LaserScan) -> /robot_2/scan (sensor_msgs/msg/LaserScan)] (Lazy 0)
[ros2-9] [INFO] [1785833964.770037728] [ros_gz_bridge]: Creating GZ->ROS Bridge: [/robot_3/cmd_vel (gz.msgs.Twist) -> /robot_3/cmd_vel (geometry_msgs/msg/Twist)] (Lazy 0)
[ros2-9] [INFO] [1785833964.770793861] [ros_gz_bridge]: Creating ROS->GZ Bridge: [/robot_3/cmd_vel (geometry_msgs/msg/Twist) -> /robot_3/cmd_vel (gz.msgs.Twist)] (Lazy 0)
[ros2-9] [INFO] [1785833964.772632674] [ros_gz_bridge]: Creating GZ->ROS Bridge: [/robot_3/odom (gz.msgs.Odometry) -> /robot_3/odom (nav_msgs/msg/Odometry)] (Lazy 0)
[ros2-9] [INFO] [1785833964.773163804] [ros_gz_bridge]: Creating ROS->GZ Bridge: [/robot_3/odom (nav_msgs/msg/Odometry) -> /robot_3/odom (gz.msgs.Odometry)] (Lazy 0)
[ros2-9] [INFO] [1785833964.773822190] [ros_gz_bridge]: Creating GZ->ROS Bridge: [/robot_3/scan (gz.msgs.LaserScan) -> /robot_3/scan (sensor_msgs/msg/LaserScan)] (Lazy 0)
[ros2-9] [INFO] [1785833964.775372168] [ros_gz_bridge]: Creating GZ->ROS Bridge: [/robot_4/cmd_vel (gz.msgs.Twist) -> /robot_4/cmd_vel (geometry_msgs/msg/Twist)] (Lazy 0)
[ros2-9] [INFO] [1785833964.776104413] [ros_gz_bridge]: Creating ROS->GZ Bridge: [/robot_4/cmd_vel (geometry_msgs/msg/Twist) -> /robot_4/cmd_vel (gz.msgs.Twist)] (Lazy 0)
[ros2-9] [INFO] [1785833964.777201693] [ros_gz_bridge]: Creating GZ->ROS Bridge: [/robot_4/odom (gz.msgs.Odometry) -> /robot_4/odom (nav_msgs/msg/Odometry)] (Lazy 0)
[ros2-9] [INFO] [1785833964.778330697] [ros_gz_bridge]: Creating ROS->GZ Bridge: [/robot_4/odom (nav_msgs/msg/Odometry) -> /robot_4/odom (gz.msgs.Odometry)] (Lazy 0)
[ros2-9] [INFO] [1785833964.779254838] [ros_gz_bridge]: Creating GZ->ROS Bridge: [/robot_4/scan (gz.msgs.LaserScan) -> /robot_4/scan (sensor_msgs/msg/LaserScan)] (Lazy 0)
[ros2-9] [INFO] [1785833964.779975375] [ros_gz_bridge]: Creating GZ->ROS Bridge: [/tf (gz.msgs.Pose_V) -> /tf (tf2_msgs/msg/TFMessage)] (Lazy 0)
[INFO] [robot_state_publisher-10]: process started with pid [46290]
[INFO] [robot_state_publisher-11]: process started with pid [46291]
[INFO] [robot_state_publisher-12]: process started with pid [46292]
[INFO] [robot_state_publisher-13]: process started with pid [46293]
[INFO] [robot_state_publisher-14]: process started with pid [46294]
[robot_state_publisher-13] [INFO] [1785833965.388841773] [robot_3.robot_state_publisher]: Robot initialized
[robot_state_publisher-10] [INFO] [1785833965.406849000] [robot_0.robot_state_publisher]: Robot initialized
[robot_state_publisher-12] [INFO] [1785833965.431433544] [robot_2.robot_state_publisher]: Robot initialized
[robot_state_publisher-14] [INFO] [1785833965.433472155] [robot_4.robot_state_publisher]: Robot initialized
[robot_state_publisher-11] [INFO] [1785833965.829775503] [robot_1.robot_state_publisher]: Robot initialized
[INFO] [robot_node-15]: process started with pid [46380]
[INFO] [robot_node-16]: process started with pid [46381]
[INFO] [robot_node-17]: process started with pid [46382]
[INFO] [robot_node-18]: process started with pid [46383]
[INFO] [robot_node-19]: process started with pid [46384]
[nsk_engine-2] /home/lawlite/Desktop/NSKsim/venv/lib/python3.12/site-packages/torch/utils/data/dataloader.py:752: UserWarning: 'pin_memory' argument is set as true but no accelerator is found, then device pinned memory won't be used.
[nsk_engine-2]   super().__init__(loader)
[INFO] [convergence_monitor-20]: process started with pid [46422]
[robot_node-15] [WARN] [1785833969.505471745] [robot_0]: [Robot 0] Waiting for /nsk/compress ...
[robot_node-18] [WARN] [1785833969.647052737] [robot_3]: [Robot 3] Waiting for /nsk/compress ...
[robot_node-19] [WARN] [1785833969.990627204] [robot_4]: [Robot 4] Waiting for /nsk/compress ...
[robot_node-16] [WARN] [1785833970.253264746] [robot_1]: [Robot 1] Waiting for /nsk/compress ...
[robot_node-17] [WARN] [1785833970.938034566] [robot_2]: [Robot 2] Waiting for /nsk/compress ...
[convergence_monitor-20] [WARN] [1785833971.200278924] [convergence_monitor]: [NSK Monitor] Waiting for /nsk/similarity_query ...
[robot_node-15] [WARN] [1785833971.510597043] [robot_0]: [Robot 0] Waiting for /nsk/compress ...
[robot_node-18] [WARN] [1785833971.651191286] [robot_3]: [Robot 3] Waiting for /nsk/compress ...
[robot_node-19] [WARN] [1785833971.992488049] [robot_4]: [Robot 4] Waiting for /nsk/compress ...
[robot_node-16] [WARN] [1785833972.260315711] [robot_1]: [Robot 1] Waiting for /nsk/compress ...
[robot_node-17] [WARN] [1785833972.947114201] [robot_2]: [Robot 2] Waiting for /nsk/compress ...
[convergence_monitor-20] [WARN] [1785833973.221656505] [convergence_monitor]: [NSK Monitor] Waiting for /nsk/similarity_query ...
[robot_node-15] [WARN] [1785833973.517865702] [robot_0]: [Robot 0] Waiting for /nsk/compress ...
[robot_node-18] [WARN] [1785833973.655404228] [robot_3]: [Robot 3] Waiting for /nsk/compress ...
[robot_node-19] [WARN] [1785833973.997971489] [robot_4]: [Robot 4] Waiting for /nsk/compress ...
[robot_node-16] [WARN] [1785833974.264603369] [robot_1]: [Robot 1] Waiting for /nsk/compress ...
[nsk_engine-2] [INFO] [1785833974.877521096] [nsk_engine]: Ready.
[robot_node-18] [INFO] [1785833974.936789291] [robot_3]: [Robot 3] Started.
[robot_node-17] [INFO] [1785833975.047282903] [robot_2]: [Robot 2] Started.
[robot_node-19] [INFO] [1785833975.095595934] [robot_4]: [Robot 4] Started.
[robot_node-16] [INFO] [1785833975.115557924] [robot_1]: [Robot 1] Started.
[robot_node-15] [INFO] [1785833975.128457410] [robot_0]: [Robot 0] Started.
[convergence_monitor-20] [INFO] [1785833975.204354920] [convergence_monitor]: [NSK Monitor] Node started.
[robot_node-18] [INFO] [1785833976.939985900] [robot_3]: [Robot 3] → FLOCK (4 peers)
[robot_node-17] [INFO] [1785833977.046285828] [robot_2]: [Robot 2] → FLOCK (4 peers)
[robot_node-19] [INFO] [1785833977.093769543] [robot_4]: [Robot 4] → FLOCK (4 peers)
[robot_node-16] [INFO] [1785833977.113618747] [robot_1]: [Robot 1] → FLOCK (4 peers)
[robot_node-15] [INFO] [1785833977.130843087] [robot_0]: [Robot 0] → FLOCK (4 peers)
[robot_node-18] [INFO] [1785833983.540374104] [robot_3]: [Robot 3] Broadcast to 4 peer(s) retention=0.65 (min_sim=-0.219)
[robot_node-17] [INFO] [1785833983.664636936] [robot_2]: [Robot 2] Broadcast to 4 peer(s) retention=0.65 (min_sim=-0.181)
[robot_node-16] [INFO] [1785833983.683309428] [robot_1]: [Robot 1] Broadcast to 4 peer(s) retention=0.65 (min_sim=-0.219)
[robot_node-16] [INFO] [1785833984.994959898] [robot_1]: [Robot 1] Merged from Robot 3 dist=1.71m gate=0.500 z_norm=1.0000
[convergence_monitor-20] [INFO] [1785833988.014554620] [convergence_monitor]: 
[convergence_monitor-20] ════════════════════════════════════════════════════
[convergence_monitor-20] [NSK Monitor  t=018s]  Mean pairwise sim: 0.4811
[convergence_monitor-20]   Δ from last:  +0.0000   Trend: → stable
[convergence_monitor-20]   Active pairs: (1,0)×1  (1,2)×1  (1,3)×1  (1,4)×1  (2,0)×1  (2,1)×1  (2,3)×1  (2,4)×1  (3,0)×1  (3,1)×1  (3,2)×1  (3,4)×1
[convergence_monitor-20]   Baseline: 0.4811   Rise: +0.0000 (min 0.03)   Stable: 0/3
[convergence_monitor-20]   Status: NOT YET
[convergence_monitor-20] ════════════════════════════════════════════════════
[robot_node-17] [INFO] [1785833988.016079809] [robot_2]: [Robot 2] Merged from Robot 3 dist=1.06m gate=0.500 z_norm=1.0000
[robot_node-19] [WARN] [1785833988.537573995] [robot_4]: [Robot 4] /nsk/compress timeout — skipping cycle
[robot_node-15] [WARN] [1785833988.556304165] [robot_0]: [Robot 0] /nsk/compress timeout — skipping cycle
[robot_node-19] [INFO] [1785833988.560141977] [robot_4]: [Robot 4] Merged from Robot 3 dist=1.06m gate=0.500 z_norm=1.0000
[robot_node-15] [WARN] [1785833988.564865220] [robot_0]: [Robot 0] /nsk/merge timeout — skipping cycle
[robot_node-15] [WARN] [1785833988.666655614] [robot_0]: [Robot 0] /nsk/merge timeout — skipping cycle
[robot_node-18] [WARN] [1785833988.672374610] [robot_3]: [Robot 3] /nsk/merge timeout — skipping cycle
[robot_node-16] [WARN] [1785833988.678441402] [robot_1]: [Robot 1] /nsk/merge timeout — skipping cycle
[robot_node-19] [WARN] [1785833988.686551645] [robot_4]: [Robot 4] /nsk/merge timeout — skipping cycle
[robot_node-15] [WARN] [1785833988.688655500] [robot_0]: [Robot 0] /nsk/merge timeout — skipping cycle
[robot_node-19] [WARN] [1785833988.690705628] [robot_4]: [Robot 4] /nsk/merge timeout — skipping cycle
[robot_node-18] [WARN] [1785833988.691383040] [robot_3]: [Robot 3] /nsk/merge timeout — skipping cycle
[robot_node-17] [WARN] [1785833988.698191227] [robot_2]: [Robot 2] /nsk/merge timeout — skipping cycle
[robot_node-18] [INFO] [1785833993.934555645] [robot_3]: [Robot 3] Broadcast to 4 peer(s) retention=0.40 (min_sim=0.417)
[robot_node-17] [INFO] [1785833995.025252516] [robot_2]: [Robot 2] Broadcast to 4 peer(s) retention=0.40 (min_sim=0.449)
[robot_node-16] [INFO] [1785833995.125458537] [robot_1]: [Robot 1] → EXPLORE
[robot_node-16] [INFO] [1785833995.797287184] [robot_1]: [Robot 1] Broadcast to 4 peer(s) retention=0.65 (min_sim=0.220)
[robot_node-15] [WARN] [1785833996.168007647] [robot_0]: [Robot 0] /nsk/similarity_query timeout — skipping cycle
[robot_node-15] [WARN] [1785833996.168589784] [robot_0]: [Robot 0] similarity refresh failed — using cached peer similarities
[convergence_monitor-20] [INFO] [1785833998.161030685] [convergence_monitor]: 
[convergence_monitor-20] ════════════════════════════════════════════════════
[convergence_monitor-20] [NSK Monitor  t=028s]  Mean pairwise sim: 0.7407
[convergence_monitor-20]   Δ from last:  +0.2597   Trend: ↑ converging
[convergence_monitor-20]   Active pairs: (1,0)×2  (1,2)×2  (1,3)×2  (1,4)×2  (2,0)×2  (2,1)×2  (2,3)×2  (2,4)×2  (3,0)×2  (3,1)×2  (3,2)×2  (3,4)×2
[convergence_monitor-20]   Baseline: 0.4811   Rise: +0.2597 (min 0.03)   Stable: 0/3
[convergence_monitor-20]   Status: NOT YET
[convergence_monitor-20] ════════════════════════════════════════════════════
[robot_node-16] [WARN] [1785833999.008011987] [robot_1]: [Robot 1] /nsk/merge timeout — skipping cycle
[robot_node-17] [WARN] [1785833999.014429283] [robot_2]: [Robot 2] /nsk/merge timeout — skipping cycle
[robot_node-19] [WARN] [1785833999.020930347] [robot_4]: [Robot 4] /nsk/merge timeout — skipping cycle
[robot_node-15] [WARN] [1785833999.031493325] [robot_0]: [Robot 0] /nsk/merge timeout — skipping cycle
[robot_node-15] [INFO] [1785833999.083744978] [robot_0]: [Robot 0] Broadcast to 4 peer(s) retention=0.65 (min_sim=0.370)
[robot_node-19] [INFO] [1785833999.121567956] [robot_4]: [Robot 4] Broadcast to 4 peer(s) retention=0.65 (min_sim=0.220)
[robot_node-15] [WARN] [1785834000.059558931] [robot_0]: [Robot 0] /nsk/merge timeout — skipping cycle
[robot_node-16] [WARN] [1785834000.070345750] [robot_1]: [Robot 1] /nsk/merge timeout — skipping cycle
[robot_node-19] [WARN] [1785834000.084341780] [robot_4]: [Robot 4] /nsk/merge timeout — skipping cycle
[robot_node-18] [WARN] [1785834000.087549602] [robot_3]: [Robot 3] /nsk/merge timeout — skipping cycle
[robot_node-17] [WARN] [1785834000.814024098] [robot_2]: [Robot 2] /nsk/merge timeout — skipping cycle
[robot_node-19] [WARN] [1785834000.821958627] [robot_4]: [Robot 4] /nsk/merge timeout — skipping cycle
[robot_node-15] [WARN] [1785834000.824319910] [robot_0]: [Robot 0] /nsk/merge timeout — skipping cycle
[robot_node-18] [WARN] [1785834000.838685440] [robot_3]: [Robot 3] /nsk/merge timeout — skipping cycle
[robot_node-18] [INFO] [1785834002.030441681] [robot_3]: [Robot 3] Broadcast to 4 peer(s) retention=0.20 (min_sim=0.761)
[robot_node-16] [WARN] [1785834004.133130565] [robot_1]: [Robot 1] /nsk/merge timeout — skipping cycle
[robot_node-18] [WARN] [1785834004.136826548] [robot_3]: [Robot 3] /nsk/merge timeout — skipping cycle
[robot_node-16] [WARN] [1785834004.141818635] [robot_1]: [Robot 1] /nsk/similarity_query timeout — skipping cycle
[robot_node-16] [WARN] [1785834004.142368458] [robot_1]: [Robot 1] similarity refresh failed — using cached peer similarities
[robot_node-15] [WARN] [1785834004.145766413] [robot_0]: [Robot 0] /nsk/merge timeout — skipping cycle
[robot_node-17] [WARN] [1785834004.153645534] [robot_2]: [Robot 2] /nsk/merge timeout — skipping cycle
[robot_node-16] [WARN] [1785834004.155386289] [robot_1]: [Robot 1] /nsk/merge timeout — skipping cycle
[robot_node-17] [WARN] [1785834004.163212426] [robot_2]: [Robot 2] /nsk/merge timeout — skipping cycle
[robot_node-19] [WARN] [1785834004.169987996] [robot_4]: [Robot 4] /nsk/merge timeout — skipping cycle
[robot_node-17] [INFO] [1785834004.202952019] [robot_2]: [Robot 2] Broadcast to 4 peer(s) retention=0.40 (min_sim=0.607)
[robot_node-19] [INFO] [1785834004.272004381] [robot_4]: [Robot 4] Broadcast to 4 peer(s) retention=0.40 (min_sim=0.627)
[robot_node-18] [WARN] [1785834005.182640911] [robot_3]: [Robot 3] /nsk/merge timeout — skipping cycle
[robot_node-19] [INFO] [1785834005.767711938] [robot_4]: [Robot 4] Merged from Robot 3 dist=1.06m gate=0.500 z_norm=1.0000
[ros2-9] [INFO] [1785834006.000496203] [ros_gz_bridge]: Passing message from ROS geometry_msgs/msg/Twist to Gazebo gz.msgs.Twist (showing msg only once per type)
[robot_node-17] [INFO] [1785834006.803971070] [robot_2]: [Robot 2] Merged from Robot 3 dist=1.06m gate=0.500 z_norm=1.0000
[convergence_monitor-20] [INFO] [1785834006.805953934] [convergence_monitor]: 
[convergence_monitor-20] ════════════════════════════════════════════════════
[convergence_monitor-20] [NSK Monitor  t=037s]  Mean pairwise sim: 0.8823
[convergence_monitor-20]   Δ from last:  +0.1416   Trend: ↑ converging
[convergence_monitor-20]   Active pairs: (0,1)×1  (0,2)×1  (0,3)×1  (0,4)×1  (1,0)×2  (1,2)×2  (1,3)×2  (1,4)×2  (2,0)×3  (2,1)×3  (2,3)×3  (2,4)×3  (3,0)×3  (3,1)×3  (3,2)×3  (3,4)×3  (4,0)×2  (4,1)×2  (4,2)×2  (4,3)×2
[convergence_monitor-20]   Baseline: 0.4811   Rise: +0.4012 (min 0.03)   Stable: 0/3
[convergence_monitor-20]   Status: NOT YET
[convergence_monitor-20] ════════════════════════════════════════════════════
[robot_node-16] [WARN] [1785834007.042461881] [robot_1]: [Robot 1] /nsk/merge timeout — skipping cycle
[robot_node-16] [INFO] [1785834007.045963967] [robot_1]: [Robot 1] → EXPLORE
[robot_node-16] [INFO] [1785834007.052741775] [robot_1]: [Robot 1] Broadcast to 4 peer(s) retention=0.65 (min_sim=0.220)
[robot_node-15] [WARN] [1785834007.085196854] [robot_0]: [Robot 0] /nsk/merge timeout — skipping cycle
[robot_node-19] [INFO] [1785834007.821284605] [robot_4]: [Robot 4] Merged from Robot 2 dist=1.72m gate=0.500 z_norm=1.0000
[robot_node-15] [WARN] [1785834009.012215777] [robot_0]: [Robot 0] /nsk/compress timeout — skipping cycle
[robot_node-16] [WARN] [1785834009.235187584] [robot_1]: [Robot 1] /nsk/merge timeout — skipping cycle
[robot_node-18] [WARN] [1785834009.252298893] [robot_3]: [Robot 3] /nsk/merge timeout — skipping cycle
[robot_node-15] [WARN] [1785834009.279805065] [robot_0]: [Robot 0] /nsk/merge timeout — skipping cycle
[robot_node-15] [INFO] [1785834009.287843723] [robot_0]: [Robot 0] → EXPLORE
[robot_node-17] [WARN] [1785834009.314857204] [robot_2]: [Robot 2] /nsk/merge timeout — skipping cycle
[robot_node-15] [WARN] [1785834009.328326283] [robot_0]: [Robot 0] /nsk/merge timeout — skipping cycle
[robot_node-16] [WARN] [1785834009.331360111] [robot_1]: [Robot 1] /nsk/merge timeout — skipping cycle
[robot_node-18] [WARN] [1785834009.335673626] [robot_3]: [Robot 3] /nsk/merge timeout — skipping cycle
[robot_node-18] [INFO] [1785834009.761576377] [robot_3]: [Robot 3] Broadcast to 4 peer(s) retention=0.20 (min_sim=0.914)
[robot_node-17] [INFO] [1785834011.029277007] [robot_2]: [Robot 2] Broadcast to 4 peer(s) retention=0.20 (min_sim=0.913)
[robot_node-19] [WARN] [1785834012.065354957] [robot_4]: [Robot 4] /nsk/merge timeout — skipping cycle
[robot_node-17] [WARN] [1785834012.067856972] [robot_2]: [Robot 2] /nsk/merge timeout — skipping cycle
[robot_node-18] [WARN] [1785834012.081030807] [robot_3]: [Robot 3] /nsk/merge timeout — skipping cycle
[robot_node-15] [WARN] [1785834012.113734413] [robot_0]: [Robot 0] /nsk/merge timeout — skipping cycle
[robot_node-15] [INFO] [1785834012.134268001] [robot_0]: [Robot 0] → FLOCK (4 peers)
[robot_node-19] [INFO] [1785834012.176964146] [robot_4]: [Robot 4] Broadcast to 4 peer(s) retention=0.20 (min_sim=0.799)
[robot_node-19] [INFO] [1785834013.469814203] [robot_4]: [Robot 4] Merged from Robot 3 dist=1.06m gate=0.500 z_norm=1.0000
[robot_node-15] [WARN] [1785834014.039757318] [robot_0]: [Robot 0] /nsk/similarity_query timeout — skipping cycle
[robot_node-15] [WARN] [1785834014.040332862] [robot_0]: [Robot 0] similarity refresh failed — using cached peer similarities
[robot_node-17] [INFO] [1785834014.443447521] [robot_2]: [Robot 2] Merged from Robot 3 dist=1.06m gate=0.500 z_norm=1.0000
[robot_node-16] [WARN] [1785834014.814258246] [robot_1]: [Robot 1] /nsk/merge timeout — skipping cycle
[robot_node-15] [WARN] [1785834014.840454086] [robot_0]: [Robot 0] /nsk/merge timeout — skipping cycle
[robot_node-16] [INFO] [1785834014.854275053] [robot_1]: [Robot 1] Broadcast to 4 peer(s) retention=0.20 (min_sim=0.799)
[robot_node-19] [WARN] [1785834016.052493176] [robot_4]: [Robot 4] /nsk/merge timeout — skipping cycle
[robot_node-15] [WARN] [1785834016.059029042] [robot_0]: [Robot 0] /nsk/merge timeout — skipping cycle
[robot_node-16] [WARN] [1785834016.079977232] [robot_1]: [Robot 1] /nsk/merge timeout — skipping cycle
[robot_node-18] [WARN] [1785834016.090848078] [robot_3]: [Robot 3] /nsk/merge timeout — skipping cycle
[robot_node-15] [INFO] [1785834016.092475500] [robot_0]: [Robot 0] Broadcast to 4 peer(s) retention=0.20 (min_sim=0.714)
[robot_node-17] [WARN] [1785834017.227476710] [robot_2]: [Robot 2] /nsk/merge timeout — skipping cycle
[robot_node-15] [WARN] [1785834017.237168823] [robot_0]: [Robot 0] /nsk/merge timeout — skipping cycle
[robot_node-18] [WARN] [1785834017.263962039] [robot_3]: [Robot 3] /nsk/merge timeout — skipping cycle
[robot_node-16] [WARN] [1785834017.266902807] [robot_1]: [Robot 1] /nsk/merge timeout — skipping cycle
[robot_node-17] [INFO] [1785834017.942214132] [robot_2]: [Robot 2] Broadcast to 4 peer(s) retention=0.20 (min_sim=0.797)
[robot_node-17] [INFO] [1785834018.190435273] [robot_2]: [Robot 2] Merged from Robot 1 dist=1.06m gate=0.500 z_norm=1.0000
[robot_node-15] [WARN] [1785834019.886611121] [robot_0]: [Robot 0] /nsk/merge timeout — skipping cycle
[robot_node-19] [WARN] [1785834019.891792302] [robot_4]: [Robot 4] /nsk/merge timeout — skipping cycle
[robot_node-18] [WARN] [1785834019.912496148] [robot_3]: [Robot 3] /nsk/merge timeout — skipping cycle
[robot_node-18] [INFO] [1785834019.928504079] [robot_3]: [Robot 3] → EXPLORE
[robot_node-18] [INFO] [1785834020.084701405] [robot_3]: [Robot 3] Broadcast to 4 peer(s) retention=0.20 (min_sim=0.874)
[convergence_monitor-20] [WARN] [1785834020.216242405] [convergence_monitor]: [NSK Monitor] /nsk/similarity_query timeout — skipping cycle
[robot_node-15] [WARN] [1785834021.067516573] [robot_0]: [Robot 0] /nsk/similarity_query timeout — skipping cycle
[robot_node-15] [WARN] [1785834021.068093885] [robot_0]: [Robot 0] similarity refresh failed — using cached peer similarities
[robot_node-18] [WARN] [1785834021.128758020] [robot_3]: [Robot 3] /nsk/merge timeout — skipping cycle
[robot_node-19] [WARN] [1785834021.132847821] [robot_4]: [Robot 4] /nsk/merge timeout — skipping cycle
[robot_node-16] [WARN] [1785834021.138425680] [robot_1]: [Robot 1] /nsk/merge timeout — skipping cycle
[robot_node-16] [INFO] [1785834021.165748888] [robot_1]: [Robot 1] Broadcast to 4 peer(s) retention=0.20 (min_sim=0.861)
[robot_node-17] [WARN] [1785834021.188453315] [robot_2]: [Robot 2] /nsk/merge timeout — skipping cycle
[robot_node-15] [WARN] [1785834022.942321256] [robot_0]: [Robot 0] /nsk/merge timeout — skipping cycle
[robot_node-19] [WARN] [1785834022.987723451] [robot_4]: [Robot 4] /nsk/merge timeout — skipping cycle
[robot_node-16] [WARN] [1785834022.991687149] [robot_1]: [Robot 1] /nsk/merge timeout — skipping cycle
[robot_node-18] [WARN] [1785834022.991946955] [robot_3]: [Robot 3] /nsk/merge timeout — skipping cycle
[robot_node-19] [INFO] [1785834023.099651315] [robot_4]: [Robot 4] Broadcast to 4 peer(s) retention=0.20 (min_sim=0.757)
[robot_node-19] [INFO] [1785834024.642914408] [robot_4]: [Robot 4] Merged from Robot 3 dist=1.06m gate=0.500 z_norm=1.0000
[robot_node-15] [WARN] [1785834025.099617530] [robot_0]: [Robot 0] /nsk/merge timeout — skipping cycle
[robot_node-16] [WARN] [1785834025.111683502] [robot_1]: [Robot 1] /nsk/merge timeout — skipping cycle
[robot_node-17] [WARN] [1785834025.134085941] [robot_2]: [Robot 2] /nsk/merge timeout — skipping cycle
[robot_node-15] [WARN] [1785834026.072272019] [robot_0]: [Robot 0] /nsk/compress timeout — skipping cycle
[robot_node-18] [INFO] [1785834026.108913673] [robot_3]: [Robot 3] Broadcast to 4 peer(s) retention=0.20 (min_sim=0.856)
[robot_node-19] [WARN] [1785834026.186470750] [robot_4]: [Robot 4] /nsk/merge timeout — skipping cycle
[robot_node-15] [WARN] [1785834026.201816099] [robot_0]: [Robot 0] /nsk/merge timeout — skipping cycle
[robot_node-18] [WARN] [1785834026.204188675] [robot_3]: [Robot 3] /nsk/merge timeout — skipping cycle
[robot_node-17] [WARN] [1785834026.206434429] [robot_2]: [Robot 2] /nsk/merge timeout — skipping cycle
[robot_node-17] [INFO] [1785834026.814096311] [robot_2]: [Robot 2] Broadcast to 4 peer(s) retention=0.20 (min_sim=0.834)
[robot_node-17] [WARN] [1785834028.138765763] [robot_2]: [Robot 2] /nsk/merge timeout — skipping cycle
[robot_node-15] [WARN] [1785834028.152203966] [robot_0]: [Robot 0] /nsk/merge timeout — skipping cycle
[robot_node-15] [INFO] [1785834028.154406545] [robot_0]: [Robot 0] → EXPLORE
[robot_node-16] [WARN] [1785834028.160560726] [robot_1]: [Robot 1] /nsk/merge timeout — skipping cycle
[robot_node-18] [WARN] [1785834028.204284366] [robot_3]: [Robot 3] /nsk/merge timeout — skipping cycle
[robot_node-16] [INFO] [1785834028.228175325] [robot_1]: [Robot 1] Broadcast to 4 peer(s) retention=0.20 (min_sim=0.802)
[robot_node-16] [INFO] [1785834029.898389414] [robot_1]: [Robot 1] Merged from Robot 3 dist=1.71m gate=0.500 z_norm=1.0000
[convergence_monitor-20] [INFO] [1785834029.947334909] [convergence_monitor]: 
[convergence_monitor-20] ════════════════════════════════════════════════════
[convergence_monitor-20] [NSK Monitor  t=060s]  Mean pairwise sim: 0.9371
[convergence_monitor-20]   Δ from last:  +0.0548   Trend: ↑ converging
[convergence_monitor-20]   Active pairs: (0,1)×2  (0,2)×2  (0,3)×2  (0,4)×2  (1,0)×6  (1,2)×6  (1,3)×6  (1,4)×6  (2,0)×6  (2,1)×6  (2,3)×6  (2,4)×6  (3,0)×6  (3,1)×6  (3,2)×6  (3,4)×6  (4,0)×4  (4,1)×4  (4,2)×4  (4,3)×4
[convergence_monitor-20]   Baseline: 0.4811   Rise: +0.4560 (min 0.03)   Stable: 0/3
[convergence_monitor-20]   Status: NOT YET
[convergence_monitor-20] ════════════════════════════════════════════════════
[robot_node-15] [WARN] [1785834030.138566379] [robot_0]: [Robot 0] /nsk/similarity_query timeout — skipping cycle
[robot_node-15] [WARN] [1785834030.139847770] [robot_0]: [Robot 0] similarity refresh failed — using cached peer similarities
[robot_node-19] [WARN] [1785834031.093712194] [robot_4]: [Robot 4] /nsk/merge timeout — skipping cycle
[robot_node-15] [WARN] [1785834031.107640148] [robot_0]: [Robot 0] /nsk/merge timeout — skipping cycle
[robot_node-17] [WARN] [1785834031.145309679] [robot_2]: [Robot 2] /nsk/merge timeout — skipping cycle
[robot_node-15] [INFO] [1785834031.152316111] [robot_0]: [Robot 0] → FLOCK (4 peers)
[robot_node-15] [WARN] [1785834031.864766974] [robot_0]: [Robot 0] /nsk/merge timeout — skipping cycle
[robot_node-19] [WARN] [1785834031.866679808] [robot_4]: [Robot 4] /nsk/merge timeout — skipping cycle
[robot_node-18] [WARN] [1785834031.874646240] [robot_3]: [Robot 3] /nsk/merge timeout — skipping cycle
[robot_node-16] [WARN] [1785834031.880072222] [robot_1]: [Robot 1] /nsk/merge timeout — skipping cycle
[robot_node-15] [INFO] [1785834031.949794141] [robot_0]: [Robot 0] Broadcast to 4 peer(s) retention=0.20 (min_sim=0.714)
[robot_node-19] [INFO] [1785834032.028983269] [robot_4]: [Robot 4] Broadcast to 4 peer(s) retention=0.40 (min_sim=0.620)
[robot_node-19] [WARN] [1785834033.230352133] [robot_4]: [Robot 4] /nsk/merge timeout — skipping cycle
[robot_node-17] [WARN] [1785834033.247949728] [robot_2]: [Robot 2] /nsk/merge timeout — skipping cycle
[robot_node-18] [WARN] [1785834033.264655017] [robot_3]: [Robot 3] /nsk/merge timeout — skipping cycle
[robot_node-15] [WARN] [1785834033.290823295] [robot_0]: [Robot 0] /nsk/merge timeout — skipping cycle
[robot_node-18] [INFO] [1785834034.393096958] [robot_3]: [Robot 3] Broadcast to 4 peer(s) retention=0.20 (min_sim=0.949)
[robot_node-16] [WARN] [1785834036.147542836] [robot_1]: [Robot 1] /nsk/similarity_query timeout — skipping cycle
[robot_node-16] [WARN] [1785834036.148104266] [robot_1]: [Robot 1] similarity refresh failed — using cached peer similarities
[robot_node-19] [WARN] [1785834036.156474673] [robot_4]: [Robot 4] /nsk/similarity_query timeout — skipping cycle
[robot_node-19] [WARN] [1785834036.159481889] [robot_4]: [Robot 4] similarity refresh failed — using cached peer similarities
[robot_node-15] [WARN] [1785834036.166963845] [robot_0]: [Robot 0] /nsk/similarity_query timeout — skipping cycle
[robot_node-15] [WARN] [1785834036.167545583] [robot_0]: [Robot 0] similarity refresh failed — using cached peer similarities
[robot_node-17] [WARN] [1785834036.940269569] [robot_2]: [Robot 2] /nsk/merge timeout — skipping cycle
[robot_node-16] [WARN] [1785834036.947472500] [robot_1]: [Robot 1] /nsk/merge timeout — skipping cycle
[robot_node-17] [INFO] [1785834036.957076914] [robot_2]: [Robot 2] → EXPLORE
[robot_node-18] [WARN] [1785834036.992745442] [robot_3]: [Robot 3] /nsk/merge timeout — skipping cycle
[robot_node-15] [WARN] [1785834037.014680377] [robot_0]: [Robot 0] /nsk/merge timeout — skipping cycle
[robot_node-16] [INFO] [1785834037.031551147] [robot_1]: [Robot 1] Broadcast to 4 peer(s) retention=0.20 (min_sim=0.802)
[robot_node-19] [WARN] [1785834037.037236929] [robot_4]: [Robot 4] /nsk/merge timeout — skipping cycle
[robot_node-17] [INFO] [1785834037.055650659] [robot_2]: [Robot 2] Broadcast to 4 peer(s) retention=0.20 (min_sim=0.913)
[robot_node-17] [WARN] [1785834037.076836390] [robot_2]: [Robot 2] /nsk/merge timeout — skipping cycle
[robot_node-16] [WARN] [1785834037.092878495] [robot_1]: [Robot 1] /nsk/merge timeout — skipping cycle
[robot_node-18] [WARN] [1785834037.100279147] [robot_3]: [Robot 3] /nsk/merge timeout — skipping cycle
[robot_node-16] [WARN] [1785834039.340542015] [robot_1]: [Robot 1] /nsk/merge timeout — skipping cycle
[robot_node-15] [WARN] [1785834039.382286406] [robot_0]: [Robot 0] /nsk/merge timeout — skipping cycle
[robot_node-19] [WARN] [1785834039.420862049] [robot_4]: [Robot 4] /nsk/merge timeout — skipping cycle
[robot_node-17] [WARN] [1785834039.424378674] [robot_2]: [Robot 2] /nsk/merge timeout — skipping cycle
[convergence_monitor-20] [INFO] [1785834039.683132326] [convergence_monitor]: 
[convergence_monitor-20] ════════════════════════════════════════════════════
[convergence_monitor-20] [NSK Monitor  t=070s]  Mean pairwise sim: 0.9158
[convergence_monitor-20]   Δ from last:  -0.0213   Trend: ↓ diverging
[convergence_monitor-20]   Active pairs: (0,1)×3  (0,2)×3  (0,3)×3  (0,4)×3  (1,0)×7  (1,2)×7  (1,3)×7  (1,4)×7  (2,0)×7  (2,1)×7  (2,3)×7  (2,4)×7  (3,0)×7  (3,1)×7  (3,2)×7  (3,4)×7  (4,0)×5  (4,1)×5  (4,2)×5  (4,3)×5
[convergence_monitor-20]   Baseline: 0.4811   Rise: +0.4347 (min 0.03)   Stable: 0/3
[convergence_monitor-20]   Status: NOT YET
[convergence_monitor-20] ════════════════════════════════════════════════════
[robot_node-19] [WARN] [1785834041.171256879] [robot_4]: [Robot 4] /nsk/compress timeout — skipping cycle
[robot_node-15] [WARN] [1785834041.189505720] [robot_0]: [Robot 0] /nsk/compress timeout — skipping cycle
[robot_node-18] [INFO] [1785834041.855660449] [robot_3]: [Robot 3] Merged from Robot 2 dist=1.06m gate=0.500 z_norm=1.0000
[robot_node-15] [WARN] [1785834042.049323443] [robot_0]: [Robot 0] /nsk/merge timeout — skipping cycle
[robot_node-15] [WARN] [1785834042.050193562] [robot_0]: [Robot 0] /nsk/merge timeout — skipping cycle
[robot_node-18] [WARN] [1785834042.051924061] [robot_3]: [Robot 3] /nsk/merge timeout — skipping cycle
[robot_node-16] [WARN] [1785834042.060861083] [robot_1]: [Robot 1] /nsk/merge timeout — skipping cycle
[robot_node-19] [WARN] [1785834042.077491979] [robot_4]: [Robot 4] /nsk/merge timeout — skipping cycle
[robot_node-19] [WARN] [1785834042.093408722] [robot_4]: [Robot 4] /nsk/merge timeout — skipping cycle
[robot_node-17] [WARN] [1785834042.093978011] [robot_2]: [Robot 2] /nsk/merge timeout — skipping cycle
[robot_node-18] [INFO] [1785834042.313485823] [robot_3]: [Robot 3] Broadcast to 4 peer(s) retention=0.20 (min_sim=0.812)
[robot_node-17] [INFO] [1785834042.787959288] [robot_2]: [Robot 2] Broadcast to 4 peer(s) retention=0.20 (min_sim=0.785)
[robot_node-19] [INFO] [1785834043.126627683] [robot_4]: [Robot 4] → EXPLORE
[robot_node-15] [INFO] [1785834043.151042682] [robot_0]: [Robot 0] → EXPLORE
[robot_node-16] [INFO] [1785834043.344143526] [robot_1]: [Robot 1] Broadcast to 4 peer(s) retention=0.20 (min_sim=0.858)
[robot_node-19] [WARN] [1785834044.427056498] [robot_4]: [Robot 4] /nsk/similarity_query timeout — skipping cycle
[robot_node-19] [WARN] [1785834044.427605954] [robot_4]: [Robot 4] similarity refresh failed — using cached peer similarities
[robot_node-16] [WARN] [1785834047.335996608] [robot_1]: [Robot 1] /nsk/merge timeout — skipping cycle
[robot_node-17] [WARN] [1785834047.343302477] [robot_2]: [Robot 2] /nsk/merge timeout — skipping cycle
[robot_node-19] [WARN] [1785834047.367821093] [robot_4]: [Robot 4] /nsk/merge timeout — skipping cycle
[robot_node-19] [INFO] [1785834047.398495540] [robot_4]: [Robot 4] → FLOCK (4 peers)
[robot_node-15] [WARN] [1785834047.403043480] [robot_0]: [Robot 0] /nsk/merge timeout — skipping cycle
[robot_node-15] [INFO] [1785834047.441496233] [robot_0]: [Robot 0] → FLOCK (4 peers)
[robot_node-15] [WARN] [1785834047.839674472] [robot_0]: [Robot 0] /nsk/merge timeout — skipping cycle
[robot_node-16] [WARN] [1785834047.847590511] [robot_1]: [Robot 1] /nsk/merge timeout — skipping cycle
[robot_node-18] [WARN] [1785834047.854486612] [robot_3]: [Robot 3] /nsk/merge timeout — skipping cycle
[robot_node-15] [INFO] [1785834047.875022696] [robot_0]: [Robot 0] Broadcast to 4 peer(s) retention=0.20 (min_sim=0.715)
[robot_node-19] [WARN] [1785834047.881243943] [robot_4]: [Robot 4] /nsk/merge timeout — skipping cycle
[convergence_monitor-20] [INFO] [1785834048.054086184] [convergence_monitor]: 
[convergence_monitor-20] ════════════════════════════════════════════════════
[convergence_monitor-20] [NSK Monitor  t=078s]  Mean pairwise sim: 0.8773
[convergence_monitor-20]   Δ from last:  -0.0385   Trend: ↓ diverging
[convergence_monitor-20]   Active pairs: (0,1)×4  (0,2)×4  (0,3)×4  (0,4)×4  (1,0)×8  (1,2)×8  (1,3)×8  (1,4)×8  (2,0)×8  (2,1)×8  (2,3)×8  (2,4)×8  (3,0)×8  (3,1)×8  (3,2)×8  (3,4)×8  (4,0)×5  (4,1)×5  (4,2)×5  (4,3)×5
[convergence_monitor-20]   Baseline: 0.4811   Rise: +0.3962 (min 0.03)   Stable: 0/3
[convergence_monitor-20]   Status: NOT YET
[convergence_monitor-20] ════════════════════════════════════════════════════
[robot_node-18] [WARN] [1785834048.357548012] [robot_3]: [Robot 3] /nsk/merge timeout — skipping cycle
[robot_node-15] [WARN] [1785834048.373170785] [robot_0]: [Robot 0] /nsk/merge timeout — skipping cycle
[robot_node-17] [WARN] [1785834048.380138447] [robot_2]: [Robot 2] /nsk/merge timeout — skipping cycle
[robot_node-19] [WARN] [1785834048.396494725] [robot_4]: [Robot 4] /nsk/merge timeout — skipping cycle
[robot_node-19] [INFO] [1785834048.483636970] [robot_4]: [Robot 4] Broadcast to 4 peer(s) retention=0.40 (min_sim=0.620)
[robot_node-18] [INFO] [1785834050.231127190] [robot_3]: [Robot 3] Broadcast to 4 peer(s) retention=0.40 (min_sim=0.677)
[robot_node-18] [INFO] [1785834051.964227123] [robot_3]: [Robot 3] Merged from Robot 0 dist=1.87m gate=0.500 z_norm=1.0000
[robot_node-16] [WARN] [1785834052.128064627] [robot_1]: [Robot 1] /nsk/similarity_query timeout — skipping cycle
[robot_node-16] [WARN] [1785834052.128640607] [robot_1]: [Robot 1] similarity refresh failed — using cached peer similarities
[robot_node-15] [WARN] [1785834052.444221080] [robot_0]: [Robot 0] /nsk/similarity_query timeout — skipping cycle
[robot_node-15] [WARN] [1785834052.444799300] [robot_0]: [Robot 0] similarity refresh failed — using cached peer similarities
[robot_node-19] [INFO] [1785834052.481640447] [robot_4]: [Robot 4] Merged from Robot 0 dist=1.23m gate=0.500 z_norm=1.0000
[robot_node-19] [INFO] [1785834052.820058180] [robot_4]: [Robot 4] Broadcast to 4 peer(s) retention=0.20 (min_sim=0.880)
[robot_node-17] [WARN] [1785834052.889286970] [robot_2]: [Robot 2] /nsk/merge timeout — skipping cycle
[robot_node-17] [INFO] [1785834052.890841344] [robot_2]: [Robot 2] → EXPLORE
[robot_node-16] [WARN] [1785834052.945522565] [robot_1]: [Robot 1] /nsk/merge timeout — skipping cycle
[robot_node-18] [WARN] [1785834053.449957849] [robot_3]: [Robot 3] /nsk/merge timeout — skipping cycle
[robot_node-15] [WARN] [1785834053.458428781] [robot_0]: [Robot 0] /nsk/merge timeout — skipping cycle
[robot_node-16] [WARN] [1785834053.477856631] [robot_1]: [Robot 1] /nsk/merge timeout — skipping cycle
[robot_node-16] [INFO] [1785834053.485464183] [robot_1]: [Robot 1] → EXPLORE
[robot_node-17] [WARN] [1785834053.512004625] [robot_2]: [Robot 2] /nsk/merge timeout — skipping cycle
[robot_node-17] [INFO] [1785834053.513507126] [robot_2]: [Robot 2] → FLOCK (4 peers)
[robot_node-17] [INFO] [1785834053.546253958] [robot_2]: [Robot 2] Broadcast to 4 peer(s) retention=0.40 (min_sim=0.677)
[robot_node-19] [WARN] [1785834055.279289708] [robot_4]: [Robot 4] /nsk/merge timeout — skipping cycle
[robot_node-16] [WARN] [1785834055.287594955] [robot_1]: [Robot 1] /nsk/merge timeout — skipping cycle
[robot_node-15] [WARN] [1785834055.312189577] [robot_0]: [Robot 0] /nsk/merge timeout — skipping cycle
[robot_node-17] [WARN] [1785834055.315064112] [robot_2]: [Robot 2] /nsk/merge timeout — skipping cycle
[robot_node-16] [INFO] [1785834055.317603559] [robot_1]: [Robot 1] → FLOCK (4 peers)
[robot_node-16] [WARN] [1785834057.148650388] [robot_1]: [Robot 1] /nsk/compress timeout — skipping cycle
[robot_node-15] [WARN] [1785834057.450744517] [robot_0]: [Robot 0] /nsk/compress timeout — skipping cycle
[robot_node-18] [WARN] [1785834057.825517861] [robot_3]: [Robot 3] /nsk/merge timeout — skipping cycle
[robot_node-15] [WARN] [1785834057.856514726] [robot_0]: [Robot 0] /nsk/merge timeout — skipping cycle
[robot_node-17] [WARN] [1785834057.970834795] [robot_2]: [Robot 2] /nsk/merge timeout — skipping cycle
[robot_node-16] [WARN] [1785834057.984414314] [robot_1]: [Robot 1] /nsk/merge timeout — skipping cycle
[robot_node-19] [WARN] [1785834058.593071563] [robot_4]: [Robot 4] /nsk/merge timeout — skipping cycle
[robot_node-15] [WARN] [1785834058.598728414] [robot_0]: [Robot 0] /nsk/merge timeout — skipping cycle
[robot_node-18] [WARN] [1785834058.603379889] [robot_3]: [Robot 3] /nsk/merge timeout — skipping cycle
[robot_node-16] [WARN] [1785834058.641036578] [robot_1]: [Robot 1] /nsk/merge timeout — skipping cycle
[robot_node-15] [INFO] [1785834059.130915130] [robot_0]: [Robot 0] → EXPLORE
[robot_node-18] [INFO] [1785834059.411018010] [robot_3]: [Robot 3] Broadcast to 4 peer(s) retention=0.20 (min_sim=0.775)
[robot_node-19] [WARN] [1785834060.131983575] [robot_4]: [Robot 4] /nsk/similarity_query timeout — skipping cycle
[robot_node-19] [WARN] [1785834060.132551035] [robot_4]: [Robot 4] similarity refresh failed — using cached peer similarities
[convergence_monitor-20] [WARN] [1785834060.202005421] [convergence_monitor]: [NSK Monitor] /nsk/similarity_query timeout — skipping cycle
[robot_node-16] [WARN] [1785834060.322078397] [robot_1]: [Robot 1] /nsk/similarity_query timeout — skipping cycle
[robot_node-16] [WARN] [1785834060.332873553] [robot_1]: [Robot 1] similarity refresh failed — using cached peer similarities
[robot_node-15] [WARN] [1785834060.360954883] [robot_0]: [Robot 0] /nsk/similarity_query timeout — skipping cycle
[robot_node-15] [WARN] [1785834060.367333067] [robot_0]: [Robot 0] similarity refresh failed — using cached peer similarities
[robot_node-17] [INFO] [1785834060.748192294] [robot_2]: [Robot 2] Broadcast to 4 peer(s) retention=0.20 (min_sim=0.909)
[robot_node-15] [INFO] [1785834061.130390500] [robot_0]: [Robot 0] → FLOCK (4 peers)
[robot_node-19] [INFO] [1785834061.965542825] [robot_4]: [Robot 4] Broadcast to 4 peer(s) retention=0.20 (min_sim=0.880)
[robot_node-16] [WARN] [1785834064.430812999] [robot_1]: [Robot 1] /nsk/merge timeout — skipping cycle
[robot_node-15] [WARN] [1785834064.444056468] [robot_0]: [Robot 0] /nsk/merge timeout — skipping cycle
[robot_node-17] [WARN] [1785834064.446053278] [robot_2]: [Robot 2] /nsk/merge timeout — skipping cycle
[robot_node-19] [WARN] [1785834064.495140646] [robot_4]: [Robot 4] /nsk/merge timeout — skipping cycle
[robot_node-16] [WARN] [1785834065.337557976] [robot_1]: [Robot 1] /nsk/compress timeout — skipping cycle
[robot_node-15] [WARN] [1785834065.377513370] [robot_0]: [Robot 0] /nsk/compress timeout — skipping cycle
[robot_node-16] [WARN] [1785834065.781927321] [robot_1]: [Robot 1] /nsk/merge timeout — skipping cycle
[robot_node-15] [WARN] [1785834065.784874386] [robot_0]: [Robot 0] /nsk/merge timeout — skipping cycle
[robot_node-19] [WARN] [1785834065.790316276] [robot_4]: [Robot 4] /nsk/merge timeout — skipping cycle
[robot_node-18] [WARN] [1785834065.796345724] [robot_3]: [Robot 3] /nsk/merge timeout — skipping cycle
[robot_node-16] [WARN] [1785834066.992759185] [robot_1]: [Robot 1] /nsk/merge timeout — skipping cycle
[robot_node-17] [WARN] [1785834067.016042054] [robot_2]: [Robot 2] /nsk/merge timeout — skipping cycle
[robot_node-15] [WARN] [1785834067.058451214] [robot_0]: [Robot 0] /nsk/merge timeout — skipping cycle
[robot_node-18] [WARN] [1785834067.063494242] [robot_3]: [Robot 3] /nsk/merge timeout — skipping cycle
[robot_node-18] [INFO] [1785834067.508720433] [robot_3]: [Robot 3] Broadcast to 4 peer(s) retention=0.20 (min_sim=0.791)
[robot_node-19] [WARN] [1785834068.115661264] [robot_4]: [Robot 4] /nsk/similarity_query timeout — skipping cycle
[robot_node-19] [WARN] [1785834068.116263497] [robot_4]: [Robot 4] similarity refresh failed — using cached peer similarities
[robot_node-17] [INFO] [1785834068.669236387] [robot_2]: [Robot 2] Broadcast to 4 peer(s) retention=0.40 (min_sim=0.692)
[robot_node-15] [WARN] [1785834069.459637415] [robot_0]: [Robot 0] /nsk/similarity_query timeout — skipping cycle
[robot_node-16] [WARN] [1785834069.470437828] [robot_1]: [Robot 1] /nsk/similarity_query timeout — skipping cycle
[robot_node-16] [WARN] [1785834069.471048763] [robot_1]: [Robot 1] similarity refresh failed — using cached peer similarities
[robot_node-15] [WARN] [1785834069.475401785] [robot_0]: [Robot 0] similarity refresh failed — using cached peer similarities
[robot_node-19] [INFO] [1785834070.030110851] [robot_4]: [Robot 4] Broadcast to 4 peer(s) retention=0.20 (min_sim=0.880)
[convergence_monitor-20] [WARN] [1785834070.210866812] [convergence_monitor]: [NSK Monitor] /nsk/similarity_query timeout — skipping cycle
[robot_node-17] [WARN] [1785834072.535889493] [robot_2]: [Robot 2] /nsk/merge timeout — skipping cycle
[robot_node-19] [WARN] [1785834072.567481214] [robot_4]: [Robot 4] /nsk/merge timeout — skipping cycle
[robot_node-16] [WARN] [1785834072.574010195] [robot_1]: [Robot 1] /nsk/merge timeout — skipping cycle
[robot_node-15] [WARN] [1785834072.582687442] [robot_0]: [Robot 0] /nsk/merge timeout — skipping cycle
[robot_node-16] [WARN] [1785834073.700440803] [robot_1]: [Robot 1] /nsk/merge timeout — skipping cycle
[robot_node-16] [INFO] [1785834073.702518406] [robot_1]: [Robot 1] Broadcast to 4 peer(s) retention=0.20 (min_sim=0.858)
[robot_node-18] [WARN] [1785834073.711706229] [robot_3]: [Robot 3] /nsk/merge timeout — skipping cycle
[robot_node-19] [WARN] [1785834073.721583427] [robot_4]: [Robot 4] /nsk/merge timeout — skipping cycle
[robot_node-15] [WARN] [1785834073.723614673] [robot_0]: [Robot 0] /nsk/merge timeout — skipping cycle
[robot_node-15] [WARN] [1785834074.491950052] [robot_0]: [Robot 0] /nsk/compress timeout — skipping cycle
[robot_node-17] [WARN] [1785834075.078716554] [robot_2]: [Robot 2] /nsk/merge timeout — skipping cycle
[robot_node-16] [WARN] [1785834075.085384383] [robot_1]: [Robot 1] /nsk/merge timeout — skipping cycle
[robot_node-15] [WARN] [1785834075.097447673] [robot_0]: [Robot 0] /nsk/merge timeout — skipping cycle
[robot_node-18] [WARN] [1785834075.105096091] [robot_3]: [Robot 3] /nsk/merge timeout — skipping cycle
[robot_node-18] [INFO] [1785834075.178932512] [robot_3]: [Robot 3] Broadcast to 4 peer(s) retention=0.40 (min_sim=0.692)
[robot_node-19] [WARN] [1785834076.110112554] [robot_4]: [Robot 4] /nsk/similarity_query timeout — skipping cycle
[robot_node-19] [WARN] [1785834076.110719172] [robot_4]: [Robot 4] similarity refresh failed — using cached peer similarities
[robot_node-17] [INFO] [1785834076.646114426] [robot_2]: [Robot 2] Broadcast to 4 peer(s) retention=0.40 (min_sim=0.600)
[robot_node-15] [WARN] [1785834077.601642832] [robot_0]: [Robot 0] /nsk/similarity_query timeout — skipping cycle
[robot_node-15] [WARN] [1785834077.602203503] [robot_0]: [Robot 0] similarity refresh failed — using cached peer similarities
[robot_node-18] [WARN] [1785834078.719808294] [robot_3]: [Robot 3] /nsk/merge timeout — skipping cycle
[robot_node-19] [WARN] [1785834078.732757458] [robot_4]: [Robot 4] /nsk/merge timeout — skipping cycle
[robot_node-15] [WARN] [1785834078.747076548] [robot_0]: [Robot 0] /nsk/merge timeout — skipping cycle
[robot_node-19] [INFO] [1785834078.795368479] [robot_4]: [Robot 4] Broadcast to 4 peer(s) retention=0.20 (min_sim=0.880)
[robot_node-17] [WARN] [1785834078.803544124] [robot_2]: [Robot 2] /nsk/merge timeout — skipping cycle
[convergence_monitor-20] [INFO] [1785834079.408091749] [convergence_monitor]: 
[convergence_monitor-20] ════════════════════════════════════════════════════
[convergence_monitor-20] [NSK Monitor  t=110s]  Mean pairwise sim: 0.8207
[convergence_monitor-20]   Δ from last:  -0.0566   Trend: ↓ diverging
[convergence_monitor-20]   Active pairs: (0,1)×4  (0,2)×4  (0,3)×4  (0,4)×4  (1,0)×9  (1,2)×9  (1,3)×9  (1,4)×9  (2,0)×12  (2,1)×12  (2,3)×12  (2,4)×12  (3,0)×12  (3,1)×12  (3,2)×12  (3,4)×12  (4,0)×10  (4,1)×10  (4,2)×10  (4,3)×10
[convergence_monitor-20]   Baseline: 0.4811   Rise: +0.3396 (min 0.03)   Stable: 0/3
[convergence_monitor-20]   Status: NOT YET
[convergence_monitor-20] ════════════════════════════════════════════════════
[robot_node-17] [WARN] [1785834080.227393775] [robot_2]: [Robot 2] /nsk/merge timeout — skipping cycle
[robot_node-19] [WARN] [1785834080.241592479] [robot_4]: [Robot 4] /nsk/merge timeout — skipping cycle
[robot_node-15] [WARN] [1785834080.250669329] [robot_0]: [Robot 0] /nsk/merge timeout — skipping cycle
[robot_node-16] [WARN] [1785834080.292108658] [robot_1]: [Robot 1] /nsk/merge timeout — skipping cycle
[robot_node-19] [WARN] [1785834081.701540195] [robot_4]: [Robot 4] /nsk/merge timeout — skipping cycle
[robot_node-15] [WARN] [1785834081.704747131] [robot_0]: [Robot 0] /nsk/merge timeout — skipping cycle
[robot_node-18] [WARN] [1785834081.717752100] [robot_3]: [Robot 3] /nsk/merge timeout — skipping cycle
[robot_node-16] [WARN] [1785834081.740172188] [robot_1]: [Robot 1] /nsk/merge timeout — skipping cycle
[robot_node-15] [INFO] [1785834081.761209822] [robot_0]: [Robot 0] Broadcast to 4 peer(s) retention=0.20 (min_sim=0.715)
[robot_node-16] [INFO] [1785834081.783053678] [robot_1]: [Robot 1] Broadcast to 4 peer(s) retention=0.20 (min_sim=0.748)
[robot_node-16] [WARN] [1785834083.834605652] [robot_1]: [Robot 1] /nsk/merge timeout — skipping cycle
[robot_node-18] [WARN] [1785834083.839445230] [robot_3]: [Robot 3] /nsk/merge timeout — skipping cycle
[robot_node-17] [WARN] [1785834083.841575413] [robot_2]: [Robot 2] /nsk/merge timeout — skipping cycle
[robot_node-15] [WARN] [1785834083.856991984] [robot_0]: [Robot 0] /nsk/merge timeout — skipping cycle
[robot_node-18] [INFO] [1785834083.877388275] [robot_3]: [Robot 3] Broadcast to 4 peer(s) retention=0.40 (min_sim=0.600)
[robot_node-16] [WARN] [1785834085.334631974] [robot_1]: [Robot 1] /nsk/similarity_query timeout — skipping cycle
[robot_node-16] [WARN] [1785834085.335255494] [robot_1]: [Robot 1] similarity refresh failed — using cached peer similarities
[robot_node-18] [INFO] [1785834086.397800587] [robot_3]: [Robot 3] Merged from Robot 1 dist=1.71m gate=0.500 z_norm=1.0000
[robot_node-17] [WARN] [1785834086.601467353] [robot_2]: [Robot 2] /nsk/compress timeout — skipping cycle
[robot_node-17] [INFO] [1785834086.626478649] [robot_2]: [Robot 2] Merged from Robot 1 dist=1.06m gate=0.500 z_norm=1.0000
[robot_node-15] [INFO] [1785834086.655834710] [robot_0]: [Robot 0] Broadcast to 4 peer(s) retention=0.20 (min_sim=0.716)
[robot_node-17] [WARN] [1785834086.751254858] [robot_2]: [Robot 2] /nsk/merge timeout — skipping cycle
[robot_node-18] [WARN] [1785834086.761086641] [robot_3]: [Robot 3] /nsk/merge timeout — skipping cycle
[robot_node-16] [WARN] [1785834086.783453421] [robot_1]: [Robot 1] /nsk/merge timeout — skipping cycle
[robot_node-15] [WARN] [1785834086.791496745] [robot_0]: [Robot 0] /nsk/merge timeout — skipping cycle
[robot_node-19] [WARN] [1785834086.801718915] [robot_4]: [Robot 4] /nsk/merge timeout — skipping cycle
[robot_node-19] [WARN] [1785834086.842707671] [robot_4]: [Robot 4] /nsk/merge timeout — skipping cycle
[robot_node-19] [INFO] [1785834086.931894210] [robot_4]: [Robot 4] Broadcast to 4 peer(s) retention=0.40 (min_sim=0.525)
[robot_node-17] [INFO] [1785834087.070956686] [robot_2]: [Robot 2] → EXPLORE
[convergence_monitor-20] [INFO] [1785834087.271355819] [convergence_monitor]: 
[convergence_monitor-20] ════════════════════════════════════════════════════
[convergence_monitor-20] [NSK Monitor  t=118s]  Mean pairwise sim: 0.8251
[convergence_monitor-20]   Δ from last:  +0.0044   Trend: → stable
[convergence_monitor-20]   Active pairs: (0,1)×6  (0,2)×6  (0,3)×6  (0,4)×6  (1,0)×10  (1,2)×10  (1,3)×10  (1,4)×10  (2,0)×12  (2,1)×12  (2,3)×12  (2,4)×12  (3,0)×13  (3,1)×13  (3,2)×13  (3,4)×13  (4,0)×11  (4,1)×11  (4,2)×11  (4,3)×11
[convergence_monitor-20]   Baseline: 0.4811   Rise: +0.3440 (min 0.03)   Stable: 1/3
[convergence_monitor-20]   Status: NOT YET
[convergence_monitor-20] ════════════════════════════════════════════════════
[robot_node-15] [INFO] [1785834088.208164894] [robot_0]: [Robot 0] Merged from Robot 3 dist=2.28m gate=0.500 z_norm=1.0000
[robot_node-16] [WARN] [1785834088.900016222] [robot_1]: [Robot 1] /nsk/merge timeout — skipping cycle
[robot_node-17] [WARN] [1785834088.913538214] [robot_2]: [Robot 2] /nsk/merge timeout — skipping cycle
[robot_node-19] [WARN] [1785834088.925043711] [robot_4]: [Robot 4] /nsk/merge timeout — skipping cycle
[robot_node-17] [INFO] [1785834089.070658239] [robot_2]: [Robot 2] → FLOCK (4 peers)
[robot_node-18] [INFO] [1785834089.984467643] [robot_3]: [Robot 3] Broadcast to 4 peer(s) retention=0.40 (min_sim=0.610)
[robot_node-16] [WARN] [1785834090.365528959] [robot_1]: [Robot 1] /nsk/compress timeout — skipping cycle
[robot_node-18] [INFO] [1785834090.883408062] [robot_3]: [Robot 3] Merged from Robot 0 dist=2.47m gate=0.500 z_norm=1.0000
[robot_node-17] [WARN] [1785834091.704228308] [robot_2]: [Robot 2] /nsk/merge timeout — skipping cycle
[robot_node-16] [WARN] [1785834091.720500106] [robot_1]: [Robot 1] /nsk/merge timeout — skipping cycle
[robot_node-17] [INFO] [1785834091.782949186] [robot_2]: [Robot 2] Broadcast to 4 peer(s) retention=0.40 (min_sim=0.659)
[robot_node-19] [WARN] [1785834091.850643545] [robot_4]: [Robot 4] /nsk/merge timeout — skipping cycle
[robot_node-17] [WARN] [1785834091.942507302] [robot_2]: [Robot 2] /nsk/merge timeout — skipping cycle
[robot_node-18] [WARN] [1785834091.953506870] [robot_3]: [Robot 3] /nsk/merge timeout — skipping cycle
[robot_node-16] [WARN] [1785834091.979703006] [robot_1]: [Robot 1] /nsk/merge timeout — skipping cycle
[robot_node-15] [WARN] [1785834091.986754680] [robot_0]: [Robot 0] /nsk/merge timeout — skipping cycle
[robot_node-15] [WARN] [1785834092.151581037] [robot_0]: [Robot 0] /nsk/similarity_query timeout — skipping cycle
[robot_node-15] [WARN] [1785834092.153402791] [robot_0]: [Robot 0] similarity refresh failed — using cached peer similarities
[robot_node-16] [INFO] [1785834093.122423763] [robot_1]: [Robot 1] → EXPLORE
[robot_node-19] [INFO] [1785834093.670256114] [robot_4]: [Robot 4] Broadcast to 4 peer(s) retention=0.20 (min_sim=0.809)
[robot_node-16] [WARN] [1785834093.911119536] [robot_1]: [Robot 1] /nsk/similarity_query timeout — skipping cycle
[robot_node-16] [WARN] [1785834093.943051247] [robot_1]: [Robot 1] similarity refresh failed — using cached peer similarities
[robot_node-19] [WARN] [1785834095.019338133] [robot_4]: [Robot 4] /nsk/merge timeout — skipping cycle
[robot_node-17] [WARN] [1785834095.038450285] [robot_2]: [Robot 2] /nsk/merge timeout — skipping cycle
[robot_node-15] [WARN] [1785834095.067337184] [robot_0]: [Robot 0] /nsk/merge timeout — skipping cycle
[robot_node-16] [WARN] [1785834095.420004922] [robot_1]: [Robot 1] /nsk/merge timeout — skipping cycle
[robot_node-16] [INFO] [1785834095.422867963] [robot_1]: [Robot 1] → FLOCK (4 peers)
[robot_node-15] [WARN] [1785834096.777453130] [robot_0]: [Robot 0] /nsk/merge timeout — skipping cycle
[robot_node-16] [WARN] [1785834096.790886957] [robot_1]: [Robot 1] /nsk/merge timeout — skipping cycle
[robot_node-18] [WARN] [1785834096.814965252] [robot_3]: [Robot 3] /nsk/merge timeout — skipping cycle
[robot_node-19] [WARN] [1785834096.815847747] [robot_4]: [Robot 4] /nsk/merge timeout — skipping cycle
[robot_node-15] [INFO] [1785834096.880265233] [robot_0]: [Robot 0] Broadcast to 4 peer(s) retention=0.20 (min_sim=0.716)
[robot_node-16] [WARN] [1785834098.708835296] [robot_1]: [Robot 1] /nsk/merge timeout — skipping cycle
[robot_node-17] [WARN] [1785834098.726192025] [robot_2]: [Robot 2] /nsk/merge timeout — skipping cycle
[robot_node-18] [WARN] [1785834098.733324733] [robot_3]: [Robot 3] /nsk/merge timeout — skipping cycle
[robot_node-16] [INFO] [1785834098.735790872] [robot_1]: [Robot 1] Broadcast to 4 peer(s) retention=0.20 (min_sim=0.748)
[robot_node-15] [WARN] [1785834098.757594699] [robot_0]: [Robot 0] /nsk/merge timeout — skipping cycle
[robot_node-18] [INFO] [1785834098.811445539] [robot_3]: [Robot 3] Broadcast to 4 peer(s) retention=0.40 (min_sim=0.678)
[robot_node-19] [WARN] [1785834100.124053319] [robot_4]: [Robot 4] /nsk/similarity_query timeout — skipping cycle
[robot_node-19] [WARN] [1785834100.124655801] [robot_4]: [Robot 4] similarity refresh failed — using cached peer similarities
[robot_node-15] [WARN] [1785834100.143284954] [robot_0]: [Robot 0] /nsk/similarity_query timeout — skipping cycle
[robot_node-15] [WARN] [1785834100.143862115] [robot_0]: [Robot 0] similarity refresh failed — using cached peer similarities
[convergence_monitor-20] [WARN] [1785834100.254781538] [convergence_monitor]: [NSK Monitor] /nsk/similarity_query timeout — skipping cycle
[robot_node-16] [WARN] [1785834100.428539448] [robot_1]: [Robot 1] /nsk/similarity_query timeout — skipping cycle
[robot_node-16] [WARN] [1785834100.429178007] [robot_1]: [Robot 1] similarity refresh failed — using cached peer similarities
[robot_node-19] [WARN] [1785834101.831378826] [robot_4]: [Robot 4] /nsk/merge timeout — skipping cycle
[robot_node-16] [WARN] [1785834101.859495927] [robot_1]: [Robot 1] /nsk/merge timeout — skipping cycle
[robot_node-17] [WARN] [1785834101.871863804] [robot_2]: [Robot 2] /nsk/merge timeout — skipping cycle
[robot_node-17] [INFO] [1785834101.873272758] [robot_2]: [Robot 2] → EXPLORE
[robot_node-18] [WARN] [1785834101.898937442] [robot_3]: [Robot 3] /nsk/merge timeout — skipping cycle
[robot_node-19] [INFO] [1785834101.919440744] [robot_4]: [Robot 4] Broadcast to 4 peer(s) retention=0.20 (min_sim=0.809)
[robot_node-17] [INFO] [1785834101.948147853] [robot_2]: [Robot 2] Broadcast to 4 peer(s) retention=0.40 (min_sim=0.594)
[robot_node-15] [WARN] [1785834103.747118724] [robot_0]: [Robot 0] /nsk/merge timeout — skipping cycle
[robot_node-19] [WARN] [1785834103.761023489] [robot_4]: [Robot 4] /nsk/merge timeout — skipping cycle
[robot_node-17] [WARN] [1785834103.767679321] [robot_2]: [Robot 2] /nsk/merge timeout — skipping cycle
[robot_node-18] [WARN] [1785834103.779055349] [robot_3]: [Robot 3] /nsk/merge timeout — skipping cycle
[robot_node-16] [WARN] [1785834103.891851335] [robot_1]: [Robot 1] /nsk/merge timeout — skipping cycle
[robot_node-19] [WARN] [1785834103.894058065] [robot_4]: [Robot 4] /nsk/merge timeout — skipping cycle
[robot_node-17] [WARN] [1785834103.906729466] [robot_2]: [Robot 2] /nsk/merge timeout — skipping cycle
[robot_node-15] [WARN] [1785834103.934385489] [robot_0]: [Robot 0] /nsk/merge timeout — skipping cycle
[robot_node-15] [WARN] [1785834105.161263701] [robot_0]: [Robot 0] /nsk/compress timeout — skipping cycle
[robot_node-16] [WARN] [1785834105.441180484] [robot_1]: [Robot 1] /nsk/compress timeout — skipping cycle
[robot_node-18] [WARN] [1785834106.942314228] [robot_3]: [Robot 3] /nsk/merge timeout — skipping cycle
[robot_node-16] [WARN] [1785834106.944077418] [robot_1]: [Robot 1] /nsk/merge timeout — skipping cycle
[robot_node-16] [WARN] [1785834106.977337067] [robot_1]: [Robot 1] /nsk/merge timeout — skipping cycle
[robot_node-15] [WARN] [1785834106.981700544] [robot_0]: [Robot 0] /nsk/merge timeout — skipping cycle
[robot_node-19] [WARN] [1785834106.991925109] [robot_4]: [Robot 4] /nsk/merge timeout — skipping cycle
[robot_node-18] [WARN] [1785834107.058528016] [robot_3]: [Robot 3] /nsk/merge timeout — skipping cycle
[robot_node-17] [WARN] [1785834107.064109853] [robot_2]: [Robot 2] /nsk/merge timeout — skipping cycle
[robot_node-18] [INFO] [1785834107.114630405] [robot_3]: [Robot 3] Broadcast to 4 peer(s) retention=0.40 (min_sim=0.638)
[robot_node-15] [INFO] [1785834107.209293094] [robot_0]: [Robot 0] → EXPLORE
[robot_node-17] [INFO] [1785834108.342002381] [robot_2]: [Robot 2] Broadcast to 4 peer(s) retention=0.40 (min_sim=0.622)
[robot_node-15] [WARN] [1785834108.790163130] [robot_0]: [Robot 0] /nsk/merge timeout — skipping cycle
[robot_node-16] [WARN] [1785834108.911218439] [robot_1]: [Robot 1] /nsk/similarity_query timeout — skipping cycle
[robot_node-16] [WARN] [1785834108.911784259] [robot_1]: [Robot 1] similarity refresh failed — using cached peer similarities
[robot_node-15] [WARN] [1785834108.953488041] [robot_0]: [Robot 0] /nsk/similarity_query timeout — skipping cycle
[robot_node-15] [WARN] [1785834108.954069587] [robot_0]: [Robot 0] similarity refresh failed — using cached peer similarities
[robot_node-16] [INFO] [1785834109.123098719] [robot_1]: [Robot 1] → EXPLORE
[robot_node-15] [INFO] [1785834109.130520597] [robot_0]: [Robot 0] → FLOCK (4 peers)
[robot_node-19] [INFO] [1785834109.713684650] [robot_4]: [Robot 4] Broadcast to 4 peer(s) retention=0.40 (min_sim=0.566)
[convergence_monitor-20] [WARN] [1785834110.209547608] [convergence_monitor]: [NSK Monitor] /nsk/similarity_query timeout — skipping cycle
[robot_node-19] [WARN] [1785834112.184290037] [robot_4]: [Robot 4] /nsk/merge timeout — skipping cycle
[robot_node-15] [WARN] [1785834112.194533403] [robot_0]: [Robot 0] /nsk/merge timeout — skipping cycle
[robot_node-17] [WARN] [1785834112.194574117] [robot_2]: [Robot 2] /nsk/merge timeout — skipping cycle
[robot_node-16] [WARN] [1785834112.239188914] [robot_1]: [Robot 1] /nsk/merge timeout — skipping cycle
[robot_node-16] [INFO] [1785834112.282617987] [robot_1]: [Robot 1] → FLOCK (4 peers)
[robot_node-16] [WARN] [1785834113.358004035] [robot_1]: [Robot 1] /nsk/merge timeout — skipping cycle
[robot_node-18] [WARN] [1785834113.369628975] [robot_3]: [Robot 3] /nsk/merge timeout — skipping cycle
[robot_node-15] [WARN] [1785834113.373993481] [robot_0]: [Robot 0] /nsk/merge timeout — skipping cycle
[robot_node-16] [INFO] [1785834113.382314316] [robot_1]: [Robot 1] Broadcast to 4 peer(s) retention=0.20 (min_sim=0.748)
[robot_node-19] [WARN] [1785834113.388176896] [robot_4]: [Robot 4] /nsk/merge timeout — skipping cycle
[robot_node-15] [WARN] [1785834113.976722516] [robot_0]: [Robot 0] /nsk/compress timeout — skipping cycle
[robot_node-15] [WARN] [1785834114.778064004] [robot_0]: [Robot 0] /nsk/merge timeout — skipping cycle
[robot_node-16] [WARN] [1785834114.785981510] [robot_1]: [Robot 1] /nsk/merge timeout — skipping cycle
[robot_node-17] [WARN] [1785834114.795806997] [robot_2]: [Robot 2] /nsk/merge timeout — skipping cycle
[robot_node-18] [WARN] [1785834114.803293868] [robot_3]: [Robot 3] /nsk/merge timeout — skipping cycle
[robot_node-18] [INFO] [1785834115.378529354] [robot_3]: [Robot 3] Broadcast to 4 peer(s) retention=0.40 (min_sim=0.508)
[robot_node-17] [INFO] [1785834116.179231442] [robot_2]: [Robot 2] Broadcast to 4 peer(s) retention=0.40 (min_sim=0.489)
[robot_node-15] [WARN] [1785834117.203145201] [robot_0]: [Robot 0] /nsk/similarity_query timeout — skipping cycle
[robot_node-15] [WARN] [1785834117.203705519] [robot_0]: [Robot 0] similarity refresh failed — using cached peer similarities
[robot_node-16] [WARN] [1785834117.289534909] [robot_1]: [Robot 1] /nsk/similarity_query timeout — skipping cycle
[robot_node-16] [WARN] [1785834117.290138859] [robot_1]: [Robot 1] similarity refresh failed — using cached peer similarities
[robot_node-18] [INFO] [1785834117.901081845] [robot_3]: [Robot 3] Merged from Robot 1 dist=1.71m gate=0.500 z_norm=1.0000
[robot_node-15] [WARN] [1785834118.381642504] [robot_0]: [Robot 0] /nsk/merge timeout — skipping cycle
[robot_node-19] [WARN] [1785834118.381925974] [robot_4]: [Robot 4] /nsk/merge timeout — skipping cycle
[robot_node-17] [WARN] [1785834118.395409943] [robot_2]: [Robot 2] /nsk/merge timeout — skipping cycle
[robot_node-19] [INFO] [1785834118.411857827] [robot_4]: [Robot 4] Broadcast to 4 peer(s) retention=0.65 (min_sim=0.391)
[convergence_monitor-20] [INFO] [1785834119.934433620] [convergence_monitor]: 
[convergence_monitor-20] ════════════════════════��═══════════════════════════
[convergence_monitor-20] [NSK Monitor  t=150s]  Mean pairwise sim: 0.7177
[convergence_monitor-20]   Δ from last:  -0.1074   Trend: ↓ diverging
[convergence_monitor-20]   Active pairs: (0,1)×7  (0,2)×7  (0,3)×7  (0,4)×7  (1,0)×12  (1,2)×12  (1,3)×12  (1,4)×12  (2,0)×16  (2,1)×16  (2,3)×16  (2,4)×16  (3,0)×17  (3,1)×17  (3,2)×17  (3,4)×17  (4,0)×15  (4,1)×15  (4,2)×15  (4,3)×15
[convergence_monitor-20]   Baseline: 0.4811   Rise: +0.2366 (min 0.03)   Stable: 0/3
[convergence_monitor-20]   Status: NOT YET
[convergence_monitor-20] ════════════════════════════════════════════════════
[robot_node-19] [INFO] [1785834119.959192378] [robot_4]: [Robot 4] Merged from Robot 3 dist=1.06m gate=0.500 z_norm=1.0000
[robot_node-16] [WARN] [1785834120.409492901] [robot_1]: [Robot 1] /nsk/merge timeout — skipping cycle
[robot_node-17] [WARN] [1785834120.415282787] [robot_2]: [Robot 2] /nsk/merge timeout — skipping cycle
[robot_node-15] [WARN] [1785834120.433560574] [robot_0]: [Robot 0] /nsk/merge timeout — skipping cycle
[robot_node-19] [WARN] [1785834121.192818841] [robot_4]: [Robot 4] /nsk/merge timeout — skipping cycle
[robot_node-18] [WARN] [1785834121.193366350] [robot_3]: [Robot 3] /nsk/merge timeout — skipping cycle
[robot_node-15] [WARN] [1785834121.204580193] [robot_0]: [Robot 0] /nsk/merge timeout — skipping cycle
[robot_node-16] [WARN] [1785834121.206417509] [robot_1]: [Robot 1] /nsk/merge timeout — skipping cycle
[robot_node-15] [INFO] [1785834121.227383603] [robot_0]: [Robot 0] Broadcast to 4 peer(s) retention=0.20 (min_sim=0.716)
[robot_node-16] [INFO] [1785834121.259846217] [robot_1]: [Robot 1] Broadcast to 4 peer(s) retention=0.20 (min_sim=0.748)
[robot_node-16] [WARN] [1785834123.440249486] [robot_1]: [Robot 1] /nsk/merge timeout — skipping cycle
[robot_node-18] [WARN] [1785834123.450464089] [robot_3]: [Robot 3] /nsk/merge timeout — skipping cycle
[robot_node-17] [WARN] [1785834123.457555020] [robot_2]: [Robot 2] /nsk/merge timeout — skipping cycle
[robot_node-15] [WARN] [1785834123.485533237] [robot_0]: [Robot 0] /nsk/merge timeout — skipping cycle
[robot_node-18] [INFO] [1785834123.511784768] [robot_3]: [Robot 3] Broadcast to 4 peer(s) retention=0.65 (min_sim=0.358)
[robot_node-17] [INFO] [1785834123.542476894] [robot_2]: [Robot 2] Broadcast to 4 peer(s) retention=0.65 (min_sim=0.358)
[robot_node-16] [WARN] [1785834125.413160855] [robot_1]: [Robot 1] /nsk/similarity_query timeout — skipping cycle
[robot_node-16] [WARN] [1785834125.413725290] [robot_1]: [Robot 1] similarity refresh failed — using cached peer similarities
[robot_node-15] [WARN] [1785834125.436365286] [robot_0]: [Robot 0] /nsk/similarity_query timeout — skipping cycle
[robot_node-15] [WARN] [1785834125.438725095] [robot_0]: [Robot 0] similarity refresh failed — using cached peer similarities
[convergence_monitor-20] [INFO] [1785834125.977516424] [convergence_monitor]: 
[convergence_monitor-20] ════════════════════════════════════════════════════
[convergence_monitor-20] [NSK Monitor  t=156s]  Mean pairwise sim: 0.6452
[convergence_monitor-20]   Δ from last:  -0.0725   Trend: ↓ diverging
[convergence_monitor-20]   Active pairs: (0,1)×8  (0,2)×8  (0,3)×8  (0,4)×8  (1,0)×13  (1,2)×13  (1,3)×13  (1,4)×13  (2,0)×17  (2,1)×17  (2,3)×17  (2,4)×17  (3,0)×17  (3,1)×18  (3,2)×18  (3,4)×18  (4,0)×15  (4,1)×15  (4,2)×15  (4,3)×15
[convergence_monitor-20]   Baseline: 0.4811   Rise: +0.1641 (min 0.03)   Stable: 0/3
[convergence_monitor-20]   Status: NOT YET
[convergence_monitor-20] ════════════════════════════════════════════════════
[robot_node-17] [INFO] [1785834125.993810237] [robot_2]: [Robot 2] Merged from Robot 0 dist=1.75m gate=0.500 z_norm=1.0000
[robot_node-18] [WARN] [1785834126.238592739] [robot_3]: [Robot 3] /nsk/merge timeout — skipping cycle
[robot_node-16] [WARN] [1785834126.260722650] [robot_1]: [Robot 1] /nsk/merge timeout — skipping cycle
[robot_node-17] [WARN] [1785834126.270282666] [robot_2]: [Robot 2] /nsk/merge timeout — skipping cycle
[robot_node-15] [WARN] [1785834126.279721315] [robot_0]: [Robot 0] /nsk/merge timeout — skipping cycle
[robot_node-18] [WARN] [1785834126.280097485] [robot_3]: [Robot 3] /nsk/merge timeout — skipping cycle
[robot_node-19] [WARN] [1785834126.289058596] [robot_4]: [Robot 4] /nsk/merge timeout — skipping cycle
[robot_node-16] [INFO] [1785834126.289303897] [robot_1]: [Robot 1] Broadcast to 4 peer(s) retention=0.20 (min_sim=0.748)
[robot_node-19] [WARN] [1785834126.313509667] [robot_4]: [Robot 4] /nsk/merge timeout — skipping cycle
[robot_node-15] [INFO] [1785834126.918471529] [robot_0]: [Robot 0] Broadcast to 4 peer(s) retention=0.20 (min_sim=0.716)
[robot_node-19] [WARN] [1785834127.771570256] [robot_4]: [Robot 4] /nsk/compress timeout — skipping cycle
[robot_node-18] [INFO] [1785834128.347536377] [robot_3]: [Robot 3] Merged from Robot 2 dist=1.06m gate=0.500 z_norm=1.0000
[robot_node-19] [WARN] [1785834128.534068818] [robot_4]: [Robot 4] /nsk/merge timeout — skipping cycle
[robot_node-16] [WARN] [1785834128.570989114] [robot_1]: [Robot 1] /nsk/merge timeout — skipping cycle
[robot_node-17] [WARN] [1785834128.599313578] [robot_2]: [Robot 2] /nsk/merge timeout — skipping cycle
[robot_node-15] [WARN] [1785834128.611890300] [robot_0]: [Robot 0] /nsk/merge timeout — skipping cycle
[robot_node-16] [WARN] [1785834128.637172082] [robot_1]: [Robot 1] /nsk/merge timeout — skipping cycle
[robot_node-19] [INFO] [1785834129.100354651] [robot_4]: [Robot 4] → EXPLORE
[robot_node-18] [INFO] [1785834129.864356223] [robot_3]: [Robot 3] Broadcast to 3 peer(s) retention=0.65 (min_sim=0.286)
[robot_node-17] [WARN] [1785834131.302871672] [robot_2]: [Robot 2] /nsk/merge timeout — skipping cycle
[robot_node-15] [WARN] [1785834131.313003022] [robot_0]: [Robot 0] /nsk/merge timeout — skipping cycle
[robot_node-18] [WARN] [1785834131.313424624] [robot_3]: [Robot 3] /nsk/merge timeout — skipping cycle
[robot_node-17] [INFO] [1785834131.334649934] [robot_2]: [Robot 2] Broadcast to 4 peer(s) retention=0.65 (min_sim=0.246)
[robot_node-19] [WARN] [1785834131.338324264] [robot_4]: [Robot 4] /nsk/merge timeout — skipping cycle
[robot_node-19] [WARN] [1785834131.339669913] [robot_4]: [Robot 4] /nsk/merge timeout — skipping cycle
[robot_node-19] [INFO] [1785834131.349096979] [robot_4]: [Robot 4] → FLOCK (3 peers)
[robot_node-15] [INFO] [1785834131.783063959] [robot_0]: [Robot 0] Broadcast to 2 peer(s) retention=0.20 (min_sim=0.974)
[robot_node-16] [WARN] [1785834131.971543147] [robot_1]: [Robot 1] /nsk/merge timeout — skipping cycle
[robot_node-17] [WARN] [1785834131.978941474] [robot_2]: [Robot 2] /nsk/merge timeout — skipping cycle
[robot_node-16] [WARN] [1785834132.133144807] [robot_1]: [Robot 1] /nsk/similarity_query timeout — skipping cycle
[robot_node-16] [WARN] [1785834132.133675557] [robot_1]: [Robot 1] similarity refresh failed — using cached peer similarities
[robot_node-19] [INFO] [1785834134.258629175] [robot_4]: [Robot 4] Broadcast to 3 peer(s) retention=0.40 (min_sim=0.676)
[robot_node-16] [WARN] [1785834134.915613163] [robot_1]: [Robot 1] /nsk/merge timeout — skipping cycle
[robot_node-19] [WARN] [1785834134.921481640] [robot_4]: [Robot 4] /nsk/merge timeout — skipping cycle
[robot_node-17] [WARN] [1785834134.924068768] [robot_2]: [Robot 2] /nsk/merge timeout — skipping cycle
[robot_node-15] [WARN] [1785834136.332784607] [robot_0]: [Robot 0] /nsk/merge timeout — skipping cycle
[robot_node-16] [WARN] [1785834136.347376830] [robot_1]: [Robot 1] /nsk/merge timeout — skipping cycle
[robot_node-19] [WARN] [1785834136.359461203] [robot_4]: [Robot 4] /nsk/merge timeout — skipping cycle
[robot_node-16] [INFO] [1785834136.369420087] [robot_1]: [Robot 1] Broadcast to 4 peer(s) retention=0.20 (min_sim=0.748)
[robot_node-18] [WARN] [1785834136.377094093] [robot_3]: [Robot 3] /nsk/merge timeout — skipping cycle
[robot_node-16] [INFO] [1785834136.400439235] [robot_1]: [Robot 1] → EXPLORE
[robot_node-17] [WARN] [1785834136.800620830] [robot_2]: [Robot 2] /nsk/merge timeout — skipping cycle
[robot_node-16] [WARN] [1785834137.005375308] [robot_1]: [Robot 1] /nsk/merge timeout — skipping cycle
[robot_node-18] [INFO] [1785834137.591044788] [robot_3]: [Robot 3] Broadcast to 3 peer(s) retention=0.40 (min_sim=0.434)
[robot_node-17] [WARN] [1785834139.281399304] [robot_2]: [Robot 2] /nsk/merge timeout — skipping cycle
[robot_node-18] [WARN] [1785834139.290965000] [robot_3]: [Robot 3] /nsk/merge timeout — skipping cycle
[robot_node-17] [INFO] [1785834139.334428964] [robot_2]: [Robot 2] Broadcast to 4 peer(s) retention=0.40 (min_sim=0.434)
[robot_node-16] [WARN] [1785834139.957823997] [robot_1]: [Robot 1] /nsk/merge timeout — skipping cycle
[convergence_monitor-20] [WARN] [1785834140.213300754] [convergence_monitor]: [NSK Monitor] /nsk/similarity_query timeout — skipping cycle
[robot_node-15] [INFO] [1785834141.019316866] [robot_0]: [Robot 0] Broadcast to 1 peer(s) retention=0.20 (min_sim=0.972)
[robot_node-19] [WARN] [1785834141.365280585] [robot_4]: [Robot 4] /nsk/merge timeout — skipping cycle
[robot_node-17] [WARN] [1785834141.372933607] [robot_2]: [Robot 2] /nsk/merge timeout — skipping cycle
[robot_node-16] [WARN] [1785834141.374517432] [robot_1]: [Robot 1] /nsk/similarity_query timeout — skipping cycle
[robot_node-16] [WARN] [1785834141.375073162] [robot_1]: [Robot 1] similarity refresh failed — using cached peer similarities
[robot_node-15] [WARN] [1785834141.374926902] [robot_0]: [Robot 0] /nsk/merge timeout — skipping cycle
[robot_node-19] [INFO] [1785834141.410180159] [robot_4]: [Robot 4] Broadcast to 3 peer(s) retention=0.40 (min_sim=0.635)
[robot_node-18] [WARN] [1785834141.434827006] [robot_3]: [Robot 3] /nsk/merge timeout — skipping cycle
[robot_node-17] [WARN] [1785834142.607250388] [robot_2]: [Robot 2] /nsk/merge timeout — skipping cycle
[robot_node-19] [WARN] [1785834142.622273432] [robot_4]: [Robot 4] /nsk/merge timeout — skipping cycle
[robot_node-16] [WARN] [1785834142.624965034] [robot_1]: [Robot 1] /nsk/merge timeout — skipping cycle
[robot_node-16] [INFO] [1785834142.655835458] [robot_1]: [Robot 1] Broadcast to 4 peer(s) retention=0.20 (min_sim=0.748)
[robot_node-16] [INFO] [1785834143.558305568] [robot_1]: [Robot 1] Merged from Robot 2 dist=1.06m gate=0.500 z_norm=1.0000
[robot_node-18] [WARN] [1785834144.355861652] [robot_3]: [Robot 3] /nsk/merge timeout — skipping cycle
[robot_node-19] [WARN] [1785834144.365964819] [robot_4]: [Robot 4] /nsk/merge timeout — skipping cycle
[robot_node-17] [INFO] [1785834144.828353136] [robot_2]: [Robot 2] Broadcast to 3 peer(s) retention=0.40 (min_sim=0.403)
[robot_node-17] [INFO] [1785834145.554550138] [robot_2]: [Robot 2] Merged from Robot 4 dist=1.72m gate=0.500 z_norm=1.0000
[robot_node-18] [WARN] [1785834146.429144545] [robot_3]: [Robot 3] /nsk/merge timeout — skipping cycle
[robot_node-16] [WARN] [1785834146.443325516] [robot_1]: [Robot 1] /nsk/merge timeout — skipping cycle
[robot_node-18] [INFO] [1785834146.464164739] [robot_3]: [Robot 3] Broadcast to 3 peer(s) retention=0.40 (min_sim=0.460)
[convergence_monitor-20] [INFO] [1785834146.894186413] [convergence_monitor]: 
[convergence_monitor-20] ════════════════════════════════════════════════════
[convergence_monitor-20] [NSK Monitor  t=177s]  Mean pairwise sim: 0.7792
[convergence_monitor-20]   Δ from last:  +0.1340   Trend: ↑ converging
[convergence_monitor-20]   Active pairs: (0,1)×10  (0,2)×10  (0,3)×8  (0,4)×8  (1,0)×15  (1,2)×16  (1,3)×16  (1,4)×16  (2,0)×18  (2,1)×20  (2,3)×20  (2,4)×20  (3,0)×17  (3,1)×21  (3,2)×21  (3,4)×21  (4,0)×15  (4,1)×17  (4,2)×17  (4,3)×17
[convergence_monitor-20]   Baseline: 0.4811   Rise: +0.2981 (min 0.03)   Stable: 0/3
[convergence_monitor-20]   Status: NOT YET
[convergence_monitor-20] ════════════════════════════════════════════════════
[robot_node-18] [WARN] [1785834147.670750419] [robot_3]: [Robot 3] /nsk/merge timeout — skipping cycle
[robot_node-17] [WARN] [1785834147.679431506] [robot_2]: [Robot 2] /nsk/merge timeout — skipping cycle
[robot_node-19] [WARN] [1785834147.689391624] [robot_4]: [Robot 4] /nsk/merge timeout — skipping cycle
[robot_node-19] [INFO] [1785834147.732540019] [robot_4]: [Robot 4] Broadcast to 3 peer(s) retention=0.40 (min_sim=0.534)
[robot_node-18] [INFO] [1785834149.136797911] [robot_3]: [Robot 3] Merged from Robot 2 dist=1.06m gate=0.500 z_norm=1.0000
[robot_node-19] [INFO] [1785834149.810783132] [robot_4]: [Robot 4] Merged from Robot 2 dist=1.72m gate=0.500 z_norm=1.0000
[robot_node-16] [WARN] [1785834149.887923471] [robot_1]: [Robot 1] /nsk/merge timeout — skipping cycle
[robot_node-16] [INFO] [1785834149.915664433] [robot_1]: [Robot 1] Broadcast to 3 peer(s) retention=0.40 (min_sim=0.562)
[robot_node-15] [INFO] [1785834151.143605926] [robot_0]: [Robot 0] → EXPLORE
[robot_node-16] [INFO] [1785834151.486881812] [robot_1]: [Robot 1] Merged from Robot 3 dist=1.71m gate=0.500 z_norm=1.0000
[robot_node-17] [WARN] [1785834151.531393692] [robot_2]: [Robot 2] /nsk/merge timeout — skipping cycle
[robot_node-19] [WARN] [1785834151.541513832] [robot_4]: [Robot 4] /nsk/merge timeout — skipping cycle
[robot_node-17] [WARN] [1785834152.779201023] [robot_2]: [Robot 2] /nsk/merge timeout — skipping cycle
[robot_node-16] [WARN] [1785834152.780873706] [robot_1]: [Robot 1] /nsk/merge timeout — skipping cycle
[robot_node-18] [WARN] [1785834152.786148570] [robot_3]: [Robot 3] /nsk/merge timeout — skipping cycle
[robot_node-18] [INFO] [1785834153.799561822] [robot_3]: [Robot 3] Broadcast to 3 peer(s) retention=0.40 (min_sim=0.427)
[robot_node-17] [INFO] [1785834154.690356259] [robot_2]: [Robot 2] Broadcast to 3 peer(s) retention=0.40 (min_sim=0.427)
[robot_node-19] [WARN] [1785834154.926743354] [robot_4]: [Robot 4] /nsk/merge timeout — skipping cycle
[robot_node-17] [WARN] [1785834154.931772113] [robot_2]: [Robot 2] /nsk/merge timeout — skipping cycle
[robot_node-18] [WARN] [1785834154.934204206] [robot_3]: [Robot 3] /nsk/merge timeout — skipping cycle
[robot_node-19] [INFO] [1785834155.898794393] [robot_4]: [Robot 4] Broadcast to 3 peer(s) retention=0.65 (min_sim=0.365)
[convergence_monitor-20] [INFO] [1785834156.560881624] [convergence_monitor]: 
[convergence_monitor-20] ════════════════════════════════════════════════════
[convergence_monitor-20] [NSK Monitor  t=187s]  Mean pairwise sim: 0.7757
[convergence_monitor-20]   Δ from last:  -0.0035   Trend: → stable
[convergence_monitor-20]   Active pairs: (0,1)×10  (0,2)×10  (0,3)×8  (0,4)×8  (1,0)×15  (1,2)×17  (1,3)×17  (1,4)×17  (2,0)×18  (2,1)×21  (2,3)×21  (2,4)×21  (3,0)×17  (3,1)×22  (3,2)×22  (3,4)×22  (4,0)×15  (4,1)×19  (4,2)×19  (4,3)×19
[convergence_monitor-20]   Baseline: 0.4811   Rise: +0.2946 (min 0.03)   Stable: 1/3
[convergence_monitor-20]   Status: NOT YET
[convergence_monitor-20] ════════════════════════════════════════════════════
[robot_node-17] [INFO] [1785834157.953856519] [robot_2]: [Robot 2] Merged from Robot 3 dist=1.06m gate=0.500 z_norm=1.0000
[robot_node-16] [WARN] [1785834158.822621722] [robot_1]: [Robot 1] /nsk/merge timeout — skipping cycle
[robot_node-19] [WARN] [1785834158.839218896] [robot_4]: [Robot 4] /nsk/merge timeout — skipping cycle
[robot_node-16] [INFO] [1785834158.841221985] [robot_1]: [Robot 1] Broadcast to 3 peer(s) retention=0.40 (min_sim=0.587)
[robot_node-18] [WARN] [1785834159.711062463] [robot_3]: [Robot 3] /nsk/merge timeout — skipping cycle
[robot_node-16] [WARN] [1785834159.720819590] [robot_1]: [Robot 1] /nsk/merge timeout — skipping cycle
[robot_node-19] [WARN] [1785834159.728995463] [robot_4]: [Robot 4] /nsk/merge timeout — skipping cycle
[robot_node-18] [WARN] [1785834160.910989541] [robot_3]: [Robot 3] /nsk/merge timeout — skipping cycle
[robot_node-17] [WARN] [1785834160.953179554] [robot_2]: [Robot 2] /nsk/merge timeout — skipping cycle
[robot_node-16] [WARN] [1785834160.959739122] [robot_1]: [Robot 1] /nsk/merge timeout — skipping cycle
[robot_node-18] [INFO] [1785834161.358276680] [robot_3]: [Robot 3] Broadcast to 3 peer(s) retention=0.65 (min_sim=0.356)
[robot_node-17] [INFO] [1785834162.355296202] [robot_2]: [Robot 2] Broadcast to 3 peer(s) retention=0.65 (min_sim=0.356)
[robot_node-19] [WARN] [1785834163.853636426] [robot_4]: [Robot 4] /nsk/merge timeout — skipping cycle
[robot_node-17] [WARN] [1785834163.863397838] [robot_2]: [Robot 2] /nsk/merge timeout — skipping cycle
[robot_node-18] [WARN] [1785834163.881868570] [robot_3]: [Robot 3] /nsk/merge timeout — skipping cycle
[robot_node-19] [INFO] [1785834163.919134989] [robot_4]: [Robot 4] Broadcast to 3 peer(s) retention=0.65 (min_sim=0.379)
[robot_node-17] [INFO] [1785834165.692536859] [robot_2]: [Robot 2] Merged from Robot 3 dist=1.06m gate=0.500 z_norm=1.0000
[robot_node-16] [WARN] [1785834166.401090051] [robot_1]: [Robot 1] /nsk/merge timeout — skipping cycle
[robot_node-16] [INFO] [1785834166.410900468] [robot_1]: [Robot 1] Broadcast to 3 peer(s) retention=0.20 (min_sim=0.757)
[robot_node-19] [WARN] [1785834166.442658629] [robot_4]: [Robot 4] /nsk/merge timeout — skipping cycle
[convergence_monitor-20] [INFO] [1785834166.523861433] [convergence_monitor]: 
[convergence_monitor-20] ════════════════════════════════════════════════════
[convergence_monitor-20] [NSK Monitor  t=197s]  Mean pairwise sim: 0.7788
[convergence_monitor-20]   Δ from last:  +0.0031   Trend: → stable
[convergence_monitor-20]   Active pairs: (0,1)×10  (0,2)×10  (0,3)×8  (0,4)×8  (1,0)×15  (1,2)×19  (1,3)×19  (1,4)×19  (2,0)×18  (2,1)×22  (2,3)×22  (2,4)×22  (3,0)×17  (3,1)×23  (3,2)×23  (3,4)×23  (4,0)×15  (4,1)×20  (4,2)×20  (4,3)×20
[convergence_monitor-20]   Baseline: 0.4811   Rise: +0.2977 (min 0.03)   Stable: 2/3
[convergence_monitor-20]   Status: NOT YET
[convergence_monitor-20] ════════════════════════════════════════════════════
[robot_node-19] [INFO] [1785834166.744278190] [robot_4]: [Robot 4] Merged from Robot 2 dist=1.72m gate=0.500 z_norm=1.0000
[robot_node-16] [INFO] [1785834167.328186609] [robot_1]: [Robot 1] Merged from Robot 2 dist=1.06m gate=0.500 z_norm=1.0000
[robot_node-18] [WARN] [1785834167.380855007] [robot_3]: [Robot 3] /nsk/merge timeout — skipping cycle
[robot_node-17] [INFO] [1785834167.800743639] [robot_2]: [Robot 2] Merged from Robot 4 dist=1.72m gate=0.500 z_norm=1.0000
[robot_node-18] [INFO] [1785834168.808838279] [robot_3]: [Robot 3] Broadcast to 3 peer(s) retention=0.65 (min_sim=0.337)
[robot_node-18] [WARN] [1785834168.950849994] [robot_3]: [Robot 3] /nsk/merge timeout — skipping cycle
[robot_node-16] [WARN] [1785834168.967888786] [robot_1]: [Robot 1] /nsk/merge timeout — skipping cycle
[robot_node-17] [INFO] [1785834169.559220706] [robot_2]: [Robot 2] Broadcast to 3 peer(s) retention=0.65 (min_sim=0.309)
[robot_node-17] [INFO] [1785834171.021909821] [robot_2]: [Robot 2] Merged from Robot 1 dist=1.06m gate=0.500 z_norm=1.0000
[robot_node-16] [INFO] [1785834171.103598754] [robot_1]: [Robot 1] Broadcast to 3 peer(s) retention=0.40 (min_sim=0.683)
[robot_node-19] [WARN] [1785834171.434570933] [robot_4]: [Robot 4] /nsk/merge timeout — skipping cycle
[robot_node-18] [WARN] [1785834171.444114526] [robot_3]: [Robot 3] /nsk/merge timeout — skipping cycle
[robot_node-16] [INFO] [1785834172.735117233] [robot_1]: [Robot 1] Merged from Robot 3 dist=1.71m gate=0.500 z_norm=1.0000
[robot_node-17] [INFO] [1785834173.190380993] [robot_2]: [Robot 2] Merged from Robot 3 dist=1.06m gate=0.500 z_norm=1.0000
[robot_node-18] [INFO] [1785834173.510460621] [robot_3]: [Robot 3] Merged from Robot 2 dist=1.06m gate=0.500 z_norm=1.0000
[robot_node-16] [INFO] [1785834173.783301969] [robot_1]: [Robot 1] Merged from Robot 2 dist=1.06m gate=0.500 z_norm=1.0000
[robot_node-19] [WARN] [1785834173.836711167] [robot_4]: [Robot 4] /nsk/merge timeout — skipping cycle
[robot_node-19] [INFO] [1785834173.882641127] [robot_4]: [Robot 4] Broadcast to 3 peer(s) retention=0.65 (min_sim=0.351)
[robot_node-19] [INFO] [1785834174.327978930] [robot_4]: [Robot 4] Merged from Robot 2 dist=1.72m gate=0.500 z_norm=1.0000
[robot_node-17] [INFO] [1785834174.510583945] [robot_2]: [Robot 2] Merged from Robot 1 dist=1.06m gate=0.500 z_norm=1.0000
[robot_node-18] [INFO] [1785834174.746104934] [robot_3]: [Robot 3] Merged from Robot 1 dist=1.71m gate=0.500 z_norm=1.0000
[robot_node-19] [INFO] [1785834174.892062375] [robot_4]: [Robot 4] Merged from Robot 1 dist=1.71m gate=0.500 z_norm=1.0000
[robot_node-17] [INFO] [1785834175.377685011] [robot_2]: [Robot 2] Merged from Robot 4 dist=1.72m gate=0.500 z_norm=1.0000
[robot_node-16] [INFO] [1785834175.973203943] [robot_1]: [Robot 1] Merged from Robot 4 dist=1.71m gate=0.500 z_norm=1.0000
[robot_node-18] [INFO] [1785834176.355620144] [robot_3]: [Robot 3] Merged from Robot 4 dist=1.06m gate=0.500 z_norm=1.0000
[robot_node-18] [INFO] [1785834176.773656377] [robot_3]: [Robot 3] Broadcast to 3 peer(s) retention=0.40 (min_sim=0.546)
[robot_node-17] [INFO] [1785834177.231554999] [robot_2]: [Robot 2] Broadcast to 3 peer(s) retention=0.40 (min_sim=0.536)
[robot_node-19] [INFO] [1785834177.586513420] [robot_4]: [Robot 4] Broadcast to 3 peer(s) retention=0.40 (min_sim=0.536)
[convergence_monitor-20] [INFO] [1785834178.137489502] [convergence_monitor]: 
[convergence_monitor-20] ════════════════════════════════════════════════════
[convergence_monitor-20] [NSK Monitor  t=209s]  Mean pairwise sim: 0.7968
[convergence_monitor-20]   Δ from last:  +0.0180   Trend: ↑ converging
[convergence_monitor-20]   Active pairs: (0,1)×10  (0,2)×10  (0,3)×8  (0,4)×8  (1,0)×15  (1,2)×20  (1,3)×20  (1,4)×20  (2,0)×18  (2,1)×24  (2,3)×24  (2,4)×24  (3,0)×17  (3,1)×25  (3,2)×25  (3,4)×25  (4,0)×15  (4,1)×22  (4,2)×22  (4,3)×22
[convergence_monitor-20]   Baseline: 0.4811   Rise: +0.3157 (min 0.03)   Stable: 0/3
[convergence_monitor-20]   Status: NOT YET
[convergence_monitor-20] ════════════════════════════════════════════════════
[robot_node-17] [INFO] [1785834178.591025604] [robot_2]: [Robot 2] Merged from Robot 3 dist=1.06m gate=0.500 z_norm=1.0000
[robot_node-19] [INFO] [1785834178.985341807] [robot_4]: [Robot 4] Merged from Robot 3 dist=1.06m gate=0.500 z_norm=1.0000
[robot_node-19] [INFO] [1785834179.893950248] [robot_4]: [Robot 4] Merged from Robot 2 dist=1.72m gate=0.500 z_norm=1.0000
[robot_node-18] [INFO] [1785834180.717007848] [robot_3]: [Robot 3] Merged from Robot 2 dist=1.06m gate=0.500 z_norm=1.0000
[robot_node-18] [INFO] [1785834181.407037443] [robot_3]: [Robot 3] Merged from Robot 4 dist=1.06m gate=0.500 z_norm=1.0000
[robot_node-16] [WARN] [1785834181.774684390] [robot_1]: [Robot 1] /nsk/merge timeout — skipping cycle
[robot_node-16] [INFO] [1785834181.776252487] [robot_1]: [Robot 1] → EXPLORE
[robot_node-16] [INFO] [1785834181.797871053] [robot_1]: [Robot 1] Broadcast to 3 peer(s) retention=0.40 (min_sim=0.577)
[robot_node-16] [INFO] [1785834181.826732282] [robot_1]: [Robot 1] Merged from Robot 2 dist=1.06m gate=0.500 z_norm=1.0000
[robot_node-16] [INFO] [1785834181.865826016] [robot_1]: [Robot 1] Merged from Robot 4 dist=1.71m gate=0.500 z_norm=1.0000
[robot_node-17] [INFO] [1785834182.177432675] [robot_2]: [Robot 2] Merged from Robot 4 dist=1.72m gate=0.500 z_norm=1.0000
[robot_node-19] [INFO] [1785834182.415597452] [robot_4]: [Robot 4] Merged from Robot 1 dist=1.71m gate=0.500 z_norm=1.0000
[robot_node-18] [INFO] [1785834182.587442279] [robot_3]: [Robot 3] Merged from Robot 1 dist=1.71m gate=0.500 z_norm=1.0000
[robot_node-17] [INFO] [1785834182.869752462] [robot_2]: [Robot 2] Merged from Robot 1 dist=1.06m gate=0.500 z_norm=1.0000
[robot_node-18] [INFO] [1785834183.498238880] [robot_3]: [Robot 3] Broadcast to 3 peer(s) retention=0.20 (min_sim=0.781)
[robot_node-19] [INFO] [1785834184.510614280] [robot_4]: [Robot 4] Broadcast to 3 peer(s) retention=0.40 (min_sim=0.561)
[robot_node-16] [INFO] [1785834184.581237724] [robot_1]: [Robot 1] Broadcast to 3 peer(s) retention=0.40 (min_sim=0.561)
[robot_node-19] [INFO] [1785834185.186388716] [robot_4]: [Robot 4] Merged from Robot 3 dist=1.06m gate=0.500 z_norm=1.0000
[robot_node-16] [INFO] [1785834186.840985970] [robot_1]: [Robot 1] Merged from Robot 3 dist=1.71m gate=0.500 z_norm=1.0000
[convergence_monitor-20] [INFO] [1785834186.863701999] [convergence_monitor]: 
[convergence_monitor-20] ════════════════════════════════════════════════════
[convergence_monitor-20] [NSK Monitor  t=217s]  Mean pairwise sim: 0.8330
[convergence_monitor-20]   Δ from last:  +0.0362   Trend: ↑ converging
[convergence_monitor-20]   Active pairs: (0,1)×10  (0,2)×10  (0,3)×8  (0,4)×8  (1,0)×15  (1,2)×22  (1,3)×22  (1,4)×22  (2,0)×18  (2,1)×24  (2,3)×24  (2,4)×24  (3,0)×17  (3,1)×26  (3,2)×26  (3,4)×26  (4,0)×15  (4,1)×23  (4,2)×23  (4,3)×23
[convergence_monitor-20]   Baseline: 0.4811   Rise: +0.3519 (min 0.03)   Stable: 0/3
[convergence_monitor-20]   Status: NOT YET
[convergence_monitor-20] ════════════════════════════════════════════════════
[robot_node-18] [INFO] [1785834187.399907634] [robot_3]: [Robot 3] Merged from Robot 4 dist=1.06m gate=0.500 z_norm=1.0000
[robot_node-16] [INFO] [1785834188.044621093] [robot_1]: [Robot 1] Merged from Robot 4 dist=1.71m gate=0.500 z_norm=1.0000
[robot_node-17] [WARN] [1785834188.500374617] [robot_2]: [Robot 2] /nsk/compress timeout — skipping cycle
[robot_node-17] [WARN] [1785834188.523175958] [robot_2]: [Robot 2] /nsk/merge timeout — skipping cycle
[robot_node-17] [INFO] [1785834188.524395801] [robot_2]: [Robot 2] → EXPLORE
[robot_node-17] [INFO] [1785834188.754246614] [robot_2]: [Robot 2] Merged from Robot 4 dist=1.72m gate=0.500 z_norm=1.0000
[robot_node-17] [INFO] [1785834189.046948529] [robot_2]: [Robot 2] → FLOCK (3 peers)
[robot_node-18] [INFO] [1785834189.151901765] [robot_3]: [Robot 3] Merged from Robot 1 dist=1.71m gate=0.500 z_norm=1.0000
[robot_node-17] [INFO] [1785834189.423285232] [robot_2]: [Robot 2] Merged from Robot 1 dist=1.06m gate=0.500 z_norm=1.0000
[robot_node-19] [WARN] [1785834189.596975506] [robot_4]: [Robot 4] /nsk/merge timeout — skipping cycle
[robot_node-18] [INFO] [1785834191.476114334] [robot_3]: [Robot 3] Broadcast to 3 peer(s) retention=0.20 (min_sim=0.706)
[robot_node-17] [INFO] [1785834191.708834671] [robot_2]: [Robot 2] Broadcast to 3 peer(s) retention=0.20 (min_sim=0.710)
[robot_node-16] [INFO] [1785834191.729061319] [robot_1]: [Robot 1] Broadcast to 3 peer(s) retention=0.40 (min_sim=0.463)
[robot_node-17] [INFO] [1785834192.580928048] [robot_2]: [Robot 2] Merged from Robot 3 dist=1.06m gate=0.500 z_norm=1.0000
[robot_node-16] [INFO] [1785834193.821895443] [robot_1]: [Robot 1] Merged from Robot 3 dist=1.71m gate=0.500 z_norm=1.0000
[robot_node-18] [INFO] [1785834195.303773166] [robot_3]: [Robot 3] Merged from Robot 2 dist=1.06m gate=0.500 z_norm=1.0000
[robot_node-16] [INFO] [1785834195.635978273] [robot_1]: [Robot 1] Merged from Robot 2 dist=1.06m gate=0.500 z_norm=1.0000
[convergence_monitor-20] [INFO] [1785834195.643989764] [convergence_monitor]: 
[convergence_monitor-20] ════════════════════════════════════════════════════
[convergence_monitor-20] [NSK Monitor  t=226s]  Mean pairwise sim: 0.8551
[convergence_monitor-20]   Δ from last:  +0.0221   Trend: ↑ converging
[convergence_monitor-20]   Active pairs: (0,1)×10  (0,2)×10  (0,3)×8  (0,4)×8  (1,0)×15  (1,2)×23  (1,3)×23  (1,4)×23  (2,0)×18  (2,1)×25  (2,3)×25  (2,4)×25  (3,0)×17  (3,1)×27  (3,2)×27  (3,4)×27  (4,0)×15  (4,1)×23  (4,2)×23  (4,3)×23
[convergence_monitor-20]   Baseline: 0.4811   Rise: +0.3740 (min 0.03)   Stable: 0/3
[convergence_monitor-20]   Status: NOT YET
[convergence_monitor-20] ════════════════════════════════════════════════════
[robot_node-19] [WARN] [1785834196.481285644] [robot_4]: [Robot 4] /nsk/compress timeout — skipping cycle
[robot_node-19] [INFO] [1785834196.491291004] [robot_4]: [Robot 4] → EXPLORE
[robot_node-19] [INFO] [1785834196.502009393] [robot_4]: [Robot 4] Merged from Robot 3 dist=1.06m gate=0.500 z_norm=1.0000
[robot_node-19] [INFO] [1785834196.606561611] [robot_4]: [Robot 4] Merged from Robot 2 dist=1.72m gate=0.500 z_norm=1.0000
[robot_node-18] [WARN] [1785834196.733965145] [robot_3]: [Robot 3] /nsk/merge timeout — skipping cycle
[robot_node-19] [WARN] [1785834196.758976403] [robot_4]: [Robot 4] /nsk/merge timeout — skipping cycle
[robot_node-17] [WARN] [1785834196.783151084] [robot_2]: [Robot 2] /nsk/merge timeout — skipping cycle
[robot_node-19] [INFO] [1785834197.104724190] [robot_4]: [Robot 4] → FLOCK (3 peers)
[robot_node-18] [INFO] [1785834199.559289014] [robot_3]: [Robot 3] Broadcast to 3 peer(s) retention=0.40 (min_sim=0.656)
[robot_node-19] [INFO] [1785834199.905227172] [robot_4]: [Robot 4] Broadcast to 3 peer(s) retention=0.40 (min_sim=0.599)
[robot_node-16] [INFO] [1785834199.948327265] [robot_1]: [Robot 1] Broadcast to 3 peer(s) retention=0.40 (min_sim=0.599)
[robot_node-16] [INFO] [1785834200.751682753] [robot_1]: [Robot 1] Merged from Robot 3 dist=1.71m gate=0.500 z_norm=1.0000
[robot_node-19] [INFO] [1785834201.631860288] [robot_4]: [Robot 4] Merged from Robot 3 dist=1.06m gate=0.500 z_norm=1.0000
[robot_node-16] [INFO] [1785834202.598956862] [robot_1]: [Robot 1] Merged from Robot 4 dist=1.71m gate=0.500 z_norm=1.0000
[robot_node-18] [INFO] [1785834203.140767422] [robot_3]: [Robot 3] Merged from Robot 4 dist=1.06m gate=0.500 z_norm=1.0000
[robot_node-19] [INFO] [1785834203.833094898] [robot_4]: [Robot 4] Merged from Robot 1 dist=1.71m gate=0.500 z_norm=1.0000
[robot_node-18] [INFO] [1785834204.184697943] [robot_3]: [Robot 3] Merged from Robot 1 dist=1.71m gate=0.500 z_norm=1.0000
[robot_node-17] [WARN] [1785834204.556731050] [robot_2]: [Robot 2] /nsk/compress timeout — skipping cycle
[robot_node-17] [INFO] [1785834204.558152821] [robot_2]: [Robot 2] → EXPLORE
[robot_node-17] [INFO] [1785834204.565216239] [robot_2]: [Robot 2] Merged from Robot 3 dist=1.06m gate=0.500 z_norm=1.0000
[robot_node-17] [INFO] [1785834204.577178627] [robot_2]: [Robot 2] Merged from Robot 4 dist=1.72m gate=0.500 z_norm=1.0000
[robot_node-17] [INFO] [1785834204.587847959] [robot_2]: [Robot 2] Merged from Robot 1 dist=1.06m gate=0.500 z_norm=1.0000
[robot_node-17] [INFO] [1785834205.047208848] [robot_2]: [Robot 2] → FLOCK (3 peers)
[convergence_monitor-20] [INFO] [1785834205.208977499] [convergence_monitor]: 
[convergence_monitor-20] ════════════════════════════════════════════════════
[convergence_monitor-20] [NSK Monitor  t=236s]  Mean pairwise sim: 0.8132
[convergence_monitor-20]   Δ from last:  -0.0420   Trend: ↓ diverging
[convergence_monitor-20]   Active pairs: (0,1)×10  (0,2)×10  (0,3)×8  (0,4)×8  (1,0)×15  (1,2)×24  (1,3)×24  (1,4)×24  (2,0)×18  (2,1)×25  (2,3)×25  (2,4)×25  (3,0)×17  (3,1)×28  (3,2)×28  (3,4)×28  (4,0)×15  (4,1)×24  (4,2)×24  (4,3)×24
[convergence_monitor-20]   Baseline: 0.4811   Rise: +0.3321 (min 0.03)   Stable: 0/3
[convergence_monitor-20]   Status: NOT YET
[convergence_monitor-20] ════════════════════════════════════════════════════
[robot_node-18] [INFO] [1785834207.551322219] [robot_3]: [Robot 3] Broadcast to 3 peer(s) retention=0.40 (min_sim=0.614)
[robot_node-17] [INFO] [1785834207.746671811] [robot_2]: [Robot 2] Broadcast to 3 peer(s) retention=0.20 (min_sim=0.806)
[robot_node-19] [INFO] [1785834207.982830739] [robot_4]: [Robot 4] Broadcast to 3 peer(s) retention=0.40 (min_sim=0.492)
[robot_node-17] [INFO] [1785834208.828171328] [robot_2]: [Robot 2] Merged from Robot 3 dist=1.06m gate=0.500 z_norm=1.0000
[robot_node-19] [INFO] [1785834209.310369105] [robot_4]: [Robot 4] Merged from Robot 3 dist=1.06m gate=0.500 z_norm=1.0000
[robot_node-19] [INFO] [1785834210.171347694] [robot_4]: [Robot 4] Merged from Robot 2 dist=1.72m gate=0.500 z_norm=1.0000
[robot_node-18] [INFO] [1785834211.137571747] [robot_3]: [Robot 3] Merged from Robot 2 dist=1.06m gate=0.500 z_norm=1.0000
[robot_node-17] [INFO] [1785834211.483224953] [robot_2]: [Robot 2] Merged from Robot 4 dist=1.72m gate=0.500 z_norm=1.0000
[robot_node-16] [WARN] [1785834212.546237162] [robot_1]: [Robot 1] /nsk/compress timeout — skipping cycle
[robot_node-16] [INFO] [1785834212.559299920] [robot_1]: [Robot 1] → EXPLORE
[robot_node-16] [WARN] [1785834212.582630688] [robot_1]: [Robot 1] /nsk/merge timeout — skipping cycle
[robot_node-16] [INFO] [1785834212.617210572] [robot_1]: [Robot 1] Merged from Robot 2 dist=1.06m gate=0.500 z_norm=1.0000
[robot_node-16] [INFO] [1785834212.619661103] [robot_1]: [Robot 1] Merged from Robot 4 dist=1.71m gate=0.500 z_norm=1.0000
[robot_node-18] [INFO] [1785834212.829279499] [robot_3]: [Robot 3] Merged from Robot 4 dist=1.06m gate=0.500 z_norm=1.0000
[robot_node-16] [INFO] [1785834213.118731468] [robot_1]: [Robot 1] → FLOCK (3 peers)
[convergence_monitor-20] [INFO] [1785834215.554407358] [convergence_monitor]: 
[convergence_monitor-20] ════════════════════════════════════════════════════
[convergence_monitor-20] [NSK Monitor  t=246s]  Mean pairwise sim: 0.8387
[convergence_monitor-20]   Δ from last:  +0.0256   Trend: ↑ converging
[convergence_monitor-20]   Active pairs: (0,1)×10  (0,2)×10  (0,3)×8  (0,4)×8  (1,0)×15  (1,2)×24  (1,3)×24  (1,4)×24  (2,0)×18  (2,1)×26  (2,3)×26  (2,4)×26  (3,0)×17  (3,1)×29  (3,2)×29  (3,4)×29  (4,0)×15  (4,1)×25  (4,2)×25  (4,3)×25
[convergence_monitor-20]   Baseline: 0.4811   Rise: +0.3577 (min 0.03)   Stable: 0/3
[convergence_monitor-20]   Status: NOT YET
[convergence_monitor-20] ════════════════════════════════════════════════════
[robot_node-18] [INFO] [1785834215.579068939] [robot_3]: [Robot 3] Broadcast to 3 peer(s) retention=0.20 (min_sim=0.783)
[robot_node-17] [INFO] [1785834216.144616198] [robot_2]: [Robot 2] Broadcast to 3 peer(s) retention=0.40 (min_sim=0.653)
[robot_node-19] [INFO] [1785834216.538767730] [robot_4]: [Robot 4] Broadcast to 3 peer(s) retention=0.40 (min_sim=0.594)
[robot_node-19] [INFO] [1785834217.343788751] [robot_4]: [Robot 4] Merged from Robot 3 dist=1.06m gate=0.500 z_norm=1.0000
[robot_node-17] [INFO] [1785834217.927714692] [robot_2]: [Robot 2] Merged from Robot 3 dist=1.06m gate=0.500 z_norm=1.0000
[robot_node-18] [INFO] [1785834218.897102420] [robot_3]: [Robot 3] Merged from Robot 2 dist=1.06m gate=0.500 z_norm=1.0000
[robot_node-19] [INFO] [1785834219.267190900] [robot_4]: [Robot 4] Merged from Robot 2 dist=1.72m gate=0.500 z_norm=1.0000
[robot_node-18] [INFO] [1785834219.712503908] [robot_3]: [Robot 3] Merged from Robot 4 dist=1.06m gate=0.500 z_norm=1.0000
[robot_node-17] [INFO] [1785834220.396913640] [robot_2]: [Robot 2] Merged from Robot 4 dist=1.72m gate=0.500 z_norm=1.0000
[robot_node-16] [WARN] [1785834220.571103608] [robot_1]: [Robot 1] /nsk/compress timeout — skipping cycle
[robot_node-16] [WARN] [1785834220.623878165] [robot_1]: [Robot 1] /nsk/merge timeout — skipping cycle
[robot_node-16] [INFO] [1785834220.627912269] [robot_1]: [Robot 1] Merged from Robot 2 dist=1.06m gate=0.500 z_norm=1.0000
[robot_node-16] [INFO] [1785834221.054588328] [robot_1]: [Robot 1] Merged from Robot 4 dist=1.71m gate=0.500 z_norm=1.0000
[robot_node-18] [INFO] [1785834223.466660804] [robot_3]: [Robot 3] Broadcast to 3 peer(s) retention=0.20 (min_sim=0.784)
[robot_node-17] [INFO] [1785834223.725663424] [robot_2]: [Robot 2] Broadcast to 3 peer(s) retention=0.40 (min_sim=0.537)
[robot_node-19] [INFO] [1785834224.414438888] [robot_4]: [Robot 4] Broadcast to 3 peer(s) retention=0.40 (min_sim=0.537)
[robot_node-19] [INFO] [1785834225.102152345] [robot_4]: [Robot 4] Merged from Robot 3 dist=1.06m gate=0.500 z_norm=1.0000
[robot_node-17] [INFO] [1785834225.438841630] [robot_2]: [Robot 2] Merged from Robot 3 dist=1.06m gate=0.500 z_norm=1.0000
[convergence_monitor-20] [INFO] [1785834225.742057001] [convergence_monitor]: 
[convergence_monitor-20] ════════════════════════════════════════════════════
[convergence_monitor-20] [NSK Monitor  t=256s]  Mean pairwise sim: 0.8567
[convergence_monitor-20]   Δ from last:  +0.0179   Trend: ↑ converging
[convergence_monitor-20]   Active pairs: (0,1)×10  (0,2)×10  (0,3)×8  (0,4)×8  (1,0)×15  (1,2)×24  (1,3)×24  (1,4)×24  (2,0)×18  (2,1)×28  (2,3)×28  (2,4)×28  (3,0)×17  (3,1)×31  (3,2)×31  (3,4)×31  (4,0)×15  (4,1)×27  (4,2)×27  (4,3)×27
[convergence_monitor-20]   Baseline: 0.4811   Rise: +0.3756 (min 0.03)   Stable: 0/3
[convergence_monitor-20]   Status: NOT YET
[convergence_monitor-20] ════════════════════════════════════════════════════
[robot_node-19] [INFO] [1785834226.044323574] [robot_4]: [Robot 4] Merged from Robot 2 dist=1.72m gate=0.500 z_norm=1.0000
[robot_node-18] [INFO] [1785834226.551771473] [robot_3]: [Robot 3] Merged from Robot 2 dist=1.06m gate=0.500 z_norm=1.0000
[robot_node-17] [INFO] [1785834226.829863460] [robot_2]: [Robot 2] Merged from Robot 4 dist=1.72m gate=0.500 z_norm=1.0000
[robot_node-18] [INFO] [1785834227.633975311] [robot_3]: [Robot 3] Merged from Robot 4 dist=1.06m gate=0.500 z_norm=1.0000
[robot_node-16] [WARN] [1785834228.479032388] [robot_1]: [Robot 1] /nsk/compress timeout — skipping cycle
[robot_node-16] [INFO] [1785834228.493338861] [robot_1]: [Robot 1] Merged from Robot 3 dist=1.71m gate=0.500 z_norm=1.0000
[robot_node-16] [INFO] [1785834228.512952798] [robot_1]: [Robot 1] Merged from Robot 2 dist=1.06m gate=0.500 z_norm=1.0000
[robot_node-16] [INFO] [1785834228.521753332] [robot_1]: [Robot 1] Merged from Robot 4 dist=1.71m gate=0.500 z_norm=1.0000
[robot_node-18] [INFO] [1785834231.334862395] [robot_3]: [Robot 3] Broadcast to 3 peer(s) retention=0.20 (min_sim=0.761)
[robot_node-19] [INFO] [1785834231.695306544] [robot_4]: [Robot 4] Broadcast to 3 peer(s) retention=0.40 (min_sim=0.461)
[robot_node-17] [INFO] [1785834232.110240586] [robot_2]: [Robot 2] Broadcast to 3 peer(s) retention=0.40 (min_sim=0.461)
[robot_node-19] [INFO] [1785834232.786280039] [robot_4]: [Robot 4] Merged from Robot 3 dist=1.06m gate=0.500 z_norm=1.0000
[robot_node-17] [INFO] [1785834233.256670416] [robot_2]: [Robot 2] Merged from Robot 3 dist=1.06m gate=0.500 z_norm=1.0000
[robot_node-18] [INFO] [1785834233.723685462] [robot_3]: [Robot 3] Merged from Robot 4 dist=1.06m gate=0.500 z_norm=1.0000
[robot_node-17] [INFO] [1785834234.272880168] [robot_2]: [Robot 2] Merged from Robot 4 dist=1.72m gate=0.500 z_norm=1.0000
[robot_node-18] [INFO] [1785834234.774215774] [robot_3]: [Robot 3] Merged from Robot 2 dist=1.06m gate=0.500 z_norm=1.0000
[convergence_monitor-20] [INFO] [1785834235.423188255] [convergence_monitor]: 
[convergence_monitor-20] ════════════════════════════════════════════════════
[convergence_monitor-20] [NSK Monitor  t=266s]  Mean pairwise sim: 0.8247
[convergence_monitor-20]   Δ from last:  -0.0320   Trend: ↓ diverging
[convergence_monitor-20]   Active pairs: (0,1)×10  (0,2)×10  (0,3)×8  (0,4)×8  (1,0)×15  (1,2)×24  (1,3)×24  (1,4)×24  (2,0)×18  (2,1)×29  (2,3)×29  (2,4)×29  (3,0)×17  (3,1)×32  (3,2)×32  (3,4)×32  (4,0)×15  (4,1)×28  (4,2)×28  (4,3)×28
[convergence_monitor-20]   Baseline: 0.4811   Rise: +0.3436 (min 0.03)   Stable: 0/3
[convergence_monitor-20]   Status: NOT YET
[convergence_monitor-20] ════════════════════════════════════════════════════
[robot_node-19] [INFO] [1785834235.429864730] [robot_4]: [Robot 4] Merged from Robot 2 dist=1.72m gate=0.500 z_norm=1.0000
[robot_node-16] [WARN] [1785834236.365673870] [robot_1]: [Robot 1] /nsk/merge timeout — skipping cycle
[robot_node-16] [WARN] [1785834236.375277003] [robot_1]: [Robot 1] /nsk/compress timeout — skipping cycle
[robot_node-16] [INFO] [1785834236.401245535] [robot_1]: [Robot 1] Merged from Robot 4 dist=1.71m gate=0.500 z_norm=1.0000
[robot_node-16] [INFO] [1785834236.407910412] [robot_1]: [Robot 1] Merged from Robot 2 dist=1.06m gate=0.500 z_norm=1.0000
[robot_node-18] [INFO] [1785834239.307088833] [robot_3]: [Robot 3] Broadcast to 3 peer(s) retention=0.20 (min_sim=0.700)
[robot_node-17] [INFO] [1785834239.472697324] [robot_2]: [Robot 2] Broadcast to 3 peer(s) retention=0.40 (min_sim=0.413)
[robot_node-16] [INFO] [1785834239.509806220] [robot_1]: [Robot 1] Broadcast to 3 peer(s) retention=0.20 (min_sim=0.766)
[robot_node-17] [INFO] [1785834240.158765173] [robot_2]: [Robot 2] Merged from Robot 3 dist=1.06m gate=0.500 z_norm=1.0000
[robot_node-16] [INFO] [1785834241.442147949] [robot_1]: [Robot 1] Merged from Robot 3 dist=1.71m gate=0.500 z_norm=1.0000
[robot_node-18] [INFO] [1785834242.519059085] [robot_3]: [Robot 3] Merged from Robot 2 dist=1.06m gate=0.500 z_norm=1.0000
[robot_node-16] [INFO] [1785834242.756882759] [robot_1]: [Robot 1] Merged from Robot 2 dist=1.06m gate=0.500 z_norm=1.0000
[robot_node-18] [INFO] [1785834242.863675660] [robot_3]: [Robot 3] Merged from Robot 1 dist=1.71m gate=0.500 z_norm=1.0000
[robot_node-17] [INFO] [1785834243.161023815] [robot_2]: [Robot 2] Merged from Robot 1 dist=1.06m gate=0.500 z_norm=1.0000
[robot_node-19] [WARN] [1785834244.304677097] [robot_4]: [Robot 4] /nsk/compress timeout — skipping cycle
[robot_node-19] [INFO] [1785834244.309197770] [robot_4]: [Robot 4] → EXPLORE
[robot_node-19] [INFO] [1785834244.316555881] [robot_4]: [Robot 4] Merged from Robot 3 dist=1.06m gate=0.500 z_norm=1.0000
[robot_node-19] [INFO] [1785834244.323214976] [robot_4]: [Robot 4] Merged from Robot 2 dist=1.72m gate=0.500 z_norm=1.0000
[robot_node-19] [INFO] [1785834244.335539334] [robot_4]: [Robot 4] Merged from Robot 1 dist=1.71m gate=0.500 z_norm=1.0000
[robot_node-19] [INFO] [1785834245.092782858] [robot_4]: [Robot 4] → FLOCK (3 peers)
[convergence_monitor-20] [INFO] [1785834245.207597384] [convergence_monitor]: 
[convergence_monitor-20] ════════════════════════════════════════════════════
[convergence_monitor-20] [NSK Monitor  t=276s]  Mean pairwise sim: 0.8267
[convergence_monitor-20]   Δ from last:  +0.0021   Trend: → stable
[convergence_monitor-20]   Active pairs: (0,1)×10  (0,2)×10  (0,3)×8  (0,4)×8  (1,0)×15  (1,2)×25  (1,3)×25  (1,4)×25  (2,0)×18  (2,1)×30  (2,3)×30  (2,4)×30  (3,0)×17  (3,1)×33  (3,2)×33  (3,4)×33  (4,0)×15  (4,1)×28  (4,2)×28  (4,3)×28
[convergence_monitor-20]   Baseline: 0.4811   Rise: +0.3456 (min 0.03)   Stable: 1/3
[convergence_monitor-20]   Status: NOT YET
[convergence_monitor-20] ════════════════════════════════════════════════════
[robot_node-18] [INFO] [1785834247.318991461] [robot_3]: [Robot 3] Broadcast to 3 peer(s) retention=0.40 (min_sim=0.641)
[robot_node-16] [INFO] [1785834247.369845534] [robot_1]: [Robot 1] Broadcast to 3 peer(s) retention=0.20 (min_sim=0.797)
[robot_node-19] [INFO] [1785834247.698004642] [robot_4]: [Robot 4] Broadcast to 3 peer(s) retention=0.40 (min_sim=0.554)
[robot_node-16] [INFO] [1785834248.324874994] [robot_1]: [Robot 1] Merged from Robot 3 dist=1.71m gate=0.500 z_norm=1.0000
[robot_node-19] [INFO] [1785834249.152909006] [robot_4]: [Robot 4] Merged from Robot 3 dist=1.06m gate=0.500 z_norm=1.0000
[robot_node-18] [INFO] [1785834249.460728052] [robot_3]: [Robot 3] Merged from Robot 1 dist=1.71m gate=0.500 z_norm=1.0000
[robot_node-19] [INFO] [1785834250.718747561] [robot_4]: [Robot 4] Merged from Robot 1 dist=1.71m gate=0.500 z_norm=1.0000
[robot_node-18] [INFO] [1785834250.964268713] [robot_3]: [Robot 3] Merged from Robot 4 dist=1.06m gate=0.500 z_norm=1.0000
[robot_node-16] [INFO] [1785834251.476765713] [robot_1]: [Robot 1] Merged from Robot 4 dist=1.71m gate=0.500 z_norm=1.0000
[robot_node-17] [WARN] [1785834252.344622390] [robot_2]: [Robot 2] /nsk/compress timeout — skipping cycle
[robot_node-17] [INFO] [1785834252.351687510] [robot_2]: [Robot 2] → EXPLORE
[robot_node-17] [INFO] [1785834252.364584504] [robot_2]: [Robot 2] Merged from Robot 1 dist=1.06m gate=0.500 z_norm=1.0000
[robot_node-17] [INFO] [1785834252.366506908] [robot_2]: [Robot 2] Merged from Robot 3 dist=1.06m gate=0.500 z_norm=1.0000
[robot_node-17] [INFO] [1785834252.372552624] [robot_2]: [Robot 2] Merged from Robot 4 dist=1.72m gate=0.500 z_norm=1.0000
[robot_node-17] [INFO] [1785834253.046579420] [robot_2]: [Robot 2] → FLOCK (3 peers)
[robot_node-18] [INFO] [1785834255.597613337] [robot_3]: [Robot 3] Broadcast to 3 peer(s) retention=0.20 (min_sim=0.783)
[convergence_monitor-20] [INFO] [1785834255.609748216] [convergence_monitor]: 
[convergence_monitor-20] ════════════════════════════════════════════════════
[convergence_monitor-20] [NSK Monitor  t=286s]  Mean pairwise sim: 0.8412
[convergence_monitor-20]   Δ from last:  +0.0145   Trend: ↑ converging
[convergence_monitor-20]   Active pairs: (0,1)×10  (0,2)×10  (0,3)×8  (0,4)×8  (1,0)×15  (1,2)×26  (1,3)×26  (1,4)×26  (2,0)×18  (2,1)×30  (2,3)×30  (2,4)×30  (3,0)×17  (3,1)×35  (3,2)×35  (3,4)×35  (4,0)×15  (4,1)×29  (4,2)×29  (4,3)×29
[convergence_monitor-20]   Baseline: 0.4811   Rise: +0.3601 (min 0.03)   Stable: 0/3
[convergence_monitor-20]   Status: NOT YET
[convergence_monitor-20] ════════════════════════════════════════════════════
[robot_node-17] [INFO] [1785834255.795808418] [robot_2]: [Robot 2] Broadcast to 3 peer(s) retention=0.40 (min_sim=0.618)
[robot_node-16] [INFO] [1785834255.814408475] [robot_1]: [Robot 1] Broadcast to 3 peer(s) retention=0.40 (min_sim=0.649)
[robot_node-16] [INFO] [1785834256.340571238] [robot_1]: [Robot 1] Merged from Robot 3 dist=1.71m gate=0.500 z_norm=1.0000
[robot_node-17] [INFO] [1785834257.088509767] [robot_2]: [Robot 2] Merged from Robot 3 dist=1.06m gate=0.500 z_norm=1.0000
[robot_node-18] [INFO] [1785834258.254770778] [robot_3]: [Robot 3] Merged from Robot 2 dist=1.06m gate=0.500 z_norm=1.0000
[robot_node-16] [INFO] [1785834258.485733791] [robot_1]: [Robot 1] Merged from Robot 2 dist=1.06m gate=0.500 z_norm=1.0000
[robot_node-17] [INFO] [1785834258.598412314] [robot_2]: [Robot 2] Merged from Robot 1 dist=1.06m gate=0.500 z_norm=1.0000
[robot_node-18] [INFO] [1785834258.869756329] [robot_3]: [Robot 3] Merged from Robot 1 dist=1.71m gate=0.500 z_norm=1.0000
[robot_node-19] [WARN] [1785834260.618992473] [robot_4]: [Robot 4] /nsk/compress timeout — skipping cycle
[robot_node-19] [WARN] [1785834260.624976126] [robot_4]: [Robot 4] /nsk/merge timeout — skipping cycle
[robot_node-19] [INFO] [1785834260.632602910] [robot_4]: [Robot 4] → EXPLORE
[robot_node-19] [INFO] [1785834260.639943763] [robot_4]: [Robot 4] Merged from Robot 2 dist=1.72m gate=0.500 z_norm=1.0000
[robot_node-19] [INFO] [1785834260.650049416] [robot_4]: [Robot 4] Merged from Robot 1 dist=1.71m gate=0.500 z_norm=1.0000
[robot_node-19] [INFO] [1785834261.099470042] [robot_4]: [Robot 4] → FLOCK (3 peers)
[robot_node-18] [INFO] [1785834263.773255935] [robot_3]: [Robot 3] Broadcast to 3 peer(s) retention=0.20 (min_sim=0.730)
[robot_node-17] [INFO] [1785834264.015654544] [robot_2]: [Robot 2] Broadcast to 3 peer(s) retention=0.20 (min_sim=0.708)
[robot_node-19] [INFO] [1785834264.333268584] [robot_4]: [Robot 4] Broadcast to 3 peer(s) retention=0.20 (min_sim=0.708)
[robot_node-17] [INFO] [1785834265.038086256] [robot_2]: [Robot 2] Merged from Robot 3 dist=1.06m gate=0.500 z_norm=1.0000
[robot_node-19] [INFO] [1785834265.787290537] [robot_4]: [Robot 4] Merged from Robot 3 dist=1.06m gate=0.500 z_norm=1.0000
[convergence_monitor-20] [INFO] [1785834266.584281773] [convergence_monitor]: 
[convergence_monitor-20] ════════════════════════════════════════════════════
[convergence_monitor-20] [NSK Monitor  t=297s]  Mean pairwise sim: 0.8352
[convergence_monitor-20]   Δ from last:  -0.0059   Trend: ↓ diverging
[convergence_monitor-20]   Active pairs: (0,1)×10  (0,2)×10  (0,3)×8  (0,4)×8  (1,0)×15  (1,2)×27  (1,3)×27  (1,4)×27  (2,0)×18  (2,1)×32  (2,3)×32  (2,4)×32  (3,0)×17  (3,1)×36  (3,2)×36  (3,4)×36  (4,0)×15  (4,1)×30  (4,2)×30  (4,3)×30
[convergence_monitor-20]   Baseline: 0.4811   Rise: +0.3542 (min 0.03)   Stable: 0/3
[convergence_monitor-20]   Status: NOT YET
[convergence_monitor-20] ════════════════════════════════════════════════════
[robot_node-18] [INFO] [1785834267.125324669] [robot_3]: [Robot 3] Merged from Robot 2 dist=1.06m gate=0.500 z_norm=1.0000
[robot_node-19] [INFO] [1785834268.543113822] [robot_4]: [Robot 4] Merged from Robot 2 dist=1.72m gate=0.500 z_norm=1.0000
[robot_node-16] [WARN] [1785834268.811610186] [robot_1]: [Robot 1] /nsk/merge timeout — skipping cycle
[robot_node-16] [INFO] [1785834268.827309986] [robot_1]: [Robot 1] → EXPLORE
[robot_node-16] [INFO] [1785834268.830487708] [robot_1]: [Robot 1] Broadcast to 3 peer(s) retention=0.20 (min_sim=0.718)
[robot_node-16] [INFO] [1785834268.878230810] [robot_1]: [Robot 1] Merged from Robot 2 dist=1.06m gate=0.500 z_norm=1.0000
[robot_node-17] [INFO] [1785834269.038817619] [robot_2]: [Robot 2] Merged from Robot 4 dist=1.72m gate=0.500 z_norm=1.0000
[robot_node-18] [WARN] [1785834269.347074824] [robot_3]: [Robot 3] /nsk/merge timeout — skipping cycle
[robot_node-16] [WARN] [1785834269.364580973] [robot_1]: [Robot 1] /nsk/merge timeout — skipping cycle
[robot_node-17] [INFO] [1785834270.409942724] [robot_2]: [Robot 2] Merged from Robot 1 dist=1.06m gate=0.500 z_norm=1.0000
[robot_node-18] [INFO] [1785834270.751126401] [robot_3]: [Robot 3] Merged from Robot 1 dist=1.71m gate=0.500 z_norm=1.0000
[robot_node-19] [INFO] [1785834271.122242890] [robot_4]: [Robot 4] Merged from Robot 1 dist=1.71m gate=0.500 z_norm=1.0000
[robot_node-18] [INFO] [1785834271.839306052] [robot_3]: [Robot 3] Broadcast to 3 peer(s) retention=0.20 (min_sim=0.755)
[robot_node-19] [INFO] [1785834272.212730529] [robot_4]: [Robot 4] Broadcast to 3 peer(s) retention=0.40 (min_sim=0.649)
[robot_node-17] [INFO] [1785834272.419852192] [robot_2]: [Robot 2] Broadcast to 3 peer(s) retention=0.20 (min_sim=0.703)
[robot_node-19] [INFO] [1785834273.802765556] [robot_4]: [Robot 4] Merged from Robot 3 dist=1.06m gate=0.500 z_norm=1.0000
[robot_node-17] [INFO] [1785834274.477471857] [robot_2]: [Robot 2] Merged from Robot 3 dist=1.06m gate=0.500 z_norm=1.0000
[robot_node-18] [INFO] [1785834274.840113505] [robot_3]: [Robot 3] Merged from Robot 4 dist=1.06m gate=0.500 z_norm=1.0000
[robot_node-17] [INFO] [1785834275.571357241] [robot_2]: [Robot 2] Merged from Robot 4 dist=1.72m gate=0.500 z_norm=1.0000
[convergence_monitor-20] [INFO] [1785834276.174912327] [convergence_monitor]: 
[convergence_monitor-20] ════════════════════════════════════════════════════
[convergence_monitor-20] [NSK Monitor  t=307s]  Mean pairwise sim: 0.8486
[convergence_monitor-20]   Δ from last:  +0.0134   Trend: ↑ converging
[convergence_monitor-20]   Active pairs: (0,1)×10  (0,2)×10  (0,3)×8  (0,4)×8  (1,0)×15  (1,2)×28  (1,3)×28  (1,4)×28  (2,0)×18  (2,1)×33  (2,3)×33  (2,4)×33  (3,0)×17  (3,1)×37  (3,2)×37  (3,4)×37  (4,0)×15  (4,1)×31  (4,2)×31  (4,3)×31
[convergence_monitor-20]   Baseline: 0.4811   Rise: +0.3675 (min 0.03)   Stable: 0/3
[convergence_monitor-20]   Status: NOT YET
[convergence_monitor-20] ════════════════════════════════════════════════════
[robot_node-19] [INFO] [1785834276.607161154] [robot_4]: [Robot 4] Merged from Robot 2 dist=1.72m gate=0.500 z_norm=1.0000
[robot_node-16] [WARN] [1785834276.848114619] [robot_1]: [Robot 1] /nsk/merge timeout — skipping cycle
[robot_node-16] [INFO] [1785834276.863959347] [robot_1]: [Robot 1] Broadcast to 3 peer(s) retention=0.40 (min_sim=0.649)
[robot_node-16] [INFO] [1785834276.942247831] [robot_1]: [Robot 1] Merged from Robot 4 dist=1.71m gate=0.500 z_norm=1.0000
[robot_node-16] [INFO] [1785834277.034522293] [robot_1]: [Robot 1] Merged from Robot 2 dist=1.06m gate=0.500 z_norm=1.0000
[robot_node-18] [INFO] [1785834277.323018678] [robot_3]: [Robot 3] Merged from Robot 2 dist=1.06m gate=0.500 z_norm=1.0000
[robot_node-18] [INFO] [1785834277.357937494] [robot_3]: [Robot 3] Merged from Robot 1 dist=1.71m gate=0.500 z_norm=1.0000
[robot_node-17] [INFO] [1785834277.438578797] [robot_2]: [Robot 2] Merged from Robot 1 dist=1.06m gate=0.500 z_norm=1.0000
[robot_node-19] [INFO] [1785834277.598194305] [robot_4]: [Robot 4] Merged from Robot 1 dist=1.71m gate=0.500 z_norm=1.0000
[robot_node-18] [INFO] [1785834279.331189108] [robot_3]: [Robot 3] Broadcast to 3 peer(s) retention=0.20 (min_sim=0.767)
[robot_node-17] [INFO] [1785834279.781988097] [robot_2]: [Robot 2] Broadcast to 3 peer(s) retention=0.40 (min_sim=0.699)
[robot_node-19] [INFO] [1785834280.105235846] [robot_4]: [Robot 4] Broadcast to 3 peer(s) retention=0.40 (min_sim=0.655)
[robot_node-17] [INFO] [1785834280.817139368] [robot_2]: [Robot 2] Merged from Robot 3 dist=1.06m gate=0.500 z_norm=1.0000
[robot_node-19] [INFO] [1785834281.480332668] [robot_4]: [Robot 4] Merged from Robot 3 dist=1.06m gate=0.500 z_norm=1.0000
[robot_node-18] [INFO] [1785834281.763926807] [robot_3]: [Robot 3] Merged from Robot 2 dist=1.06m gate=0.500 z_norm=1.0000
[robot_node-19] [INFO] [1785834282.395399921] [robot_4]: [Robot 4] Merged from Robot 2 dist=1.72m gate=0.500 z_norm=1.0000
[robot_node-18] [INFO] [1785834283.453764733] [robot_3]: [Robot 3] Merged from Robot 4 dist=1.06m gate=0.500 z_norm=1.0000
[robot_node-17] [INFO] [1785834283.850576759] [robot_2]: [Robot 2] Merged from Robot 4 dist=1.72m gate=0.500 z_norm=1.0000
[robot_node-16] [WARN] [1785834284.325393059] [robot_1]: [Robot 1] /nsk/compress timeout — skipping cycle
[robot_node-16] [INFO] [1785834284.333132084] [robot_1]: [Robot 1] Merged from Robot 3 dist=1.71m gate=0.500 z_norm=1.0000
[robot_node-16] [INFO] [1785834284.358226619] [robot_1]: [Robot 1] Merged from Robot 2 dist=1.06m gate=0.500 z_norm=1.0000
[robot_node-16] [INFO] [1785834284.364217717] [robot_1]: [Robot 1] Merged from Robot 4 dist=1.71m gate=0.500 z_norm=1.0000
[convergence_monitor-20] [INFO] [1785834285.217683945] [convergence_monitor]: 
[convergence_monitor-20] ════════════════════════════════════════════════════
[convergence_monitor-20] [NSK Monitor  t=316s]  Mean pairwise sim: 0.8324
[convergence_monitor-20]   Δ from last:  -0.0163   Trend: ↓ diverging
[convergence_monitor-20]   Active pairs: (0,1)×10  (0,2)×10  (0,3)×8  (0,4)×8  (1,0)×15  (1,2)×29  (1,3)×29  (1,4)×29  (2,0)×18  (2,1)×34  (2,3)×34  (2,4)×34  (3,0)×17  (3,1)×38  (3,2)×38  (3,4)×38  (4,0)×15  (4,1)×32  (4,2)×32  (4,3)×32
[convergence_monitor-20]   Baseline: 0.4811   Rise: +0.3513 (min 0.03)   Stable: 0/3
[convergence_monitor-20]   Status: NOT YET
[convergence_monitor-20] ════════════════════════════════════════════════════
[robot_node-16] [INFO] [1785834287.122437599] [robot_1]: [Robot 1] → EXPLORE
[robot_node-18] [INFO] [1785834287.345537712] [robot_3]: [Robot 3] Broadcast to 3 peer(s) retention=0.20 (min_sim=0.761)
[robot_node-19] [INFO] [1785834287.847670975] [robot_4]: [Robot 4] Broadcast to 3 peer(s) retention=0.40 (min_sim=0.560)
[robot_node-17] [INFO] [1785834288.027741222] [robot_2]: [Robot 2] Broadcast to 3 peer(s) retention=0.40 (min_sim=0.560)
[robot_node-19] [INFO] [1785834288.631364321] [robot_4]: [Robot 4] Merged from Robot 3 dist=1.06m gate=0.500 z_norm=1.0000
[robot_node-17] [INFO] [1785834289.176931995] [robot_2]: [Robot 2] Merged from Robot 3 dist=1.06m gate=0.500 z_norm=1.0000
[robot_node-17] [INFO] [1785834289.612485141] [robot_2]: [Robot 2] Merged from Robot 4 dist=1.72m gate=0.500 z_norm=1.0000
[robot_node-18] [INFO] [1785834289.948311548] [robot_3]: [Robot 3] Merged from Robot 4 dist=1.06m gate=0.500 z_norm=1.0000
[robot_node-18] [INFO] [1785834290.973175854] [robot_3]: [Robot 3] Merged from Robot 2 dist=1.06m gate=0.500 z_norm=1.0000
[robot_node-19] [INFO] [1785834291.444484897] [robot_4]: [Robot 4] Merged from Robot 2 dist=1.72m gate=0.500 z_norm=1.0000
[robot_node-16] [WARN] [1785834292.327303681] [robot_1]: [Robot 1] /nsk/compress timeout — skipping cycle
[robot_node-16] [INFO] [1785834292.333193069] [robot_1]: [Robot 1] → FLOCK (3 peers)
[robot_node-16] [INFO] [1785834292.335226306] [robot_1]: [Robot 1] Merged from Robot 3 dist=1.71m gate=0.500 z_norm=1.0000
[robot_node-16] [INFO] [1785834292.344800426] [robot_1]: [Robot 1] Merged from Robot 4 dist=1.71m gate=0.500 z_norm=1.0000
[robot_node-16] [INFO] [1785834292.351921499] [robot_1]: [Robot 1] Merged from Robot 2 dist=1.06m gate=0.500 z_norm=1.0000
[robot_node-18] [INFO] [1785834295.329591891] [robot_3]: [Robot 3] Broadcast to 3 peer(s) retention=0.40 (min_sim=0.693)
[convergence_monitor-20] [INFO] [1785834295.349211631] [convergence_monitor]: 
[convergence_monitor-20] ════════════════════════════════════════════════════
[convergence_monitor-20] [NSK Monitor  t=326s]  Mean pairwise sim: 0.8244
[convergence_monitor-20]   Δ from last:  -0.0079   Trend: ↓ diverging
[convergence_monitor-20]   Active pairs: (0,1)×10  (0,2)×10  (0,3)×8  (0,4)×8  (1,0)×15  (1,2)×29  (1,3)×29  (1,4)×29  (2,0)×18  (2,1)×35  (2,3)×35  (2,4)×35  (3,0)×17  (3,1)×39  (3,2)×39  (3,4)×39  (4,0)×15  (4,1)×33  (4,2)×33  (4,3)×33
[convergence_monitor-20]   Baseline: 0.4811   Rise: +0.3434 (min 0.03)   Stable: 0/3
[convergence_monitor-20]   Status: NOT YET
[convergence_monitor-20] ════════════════════════════════════════════════════
[robot_node-17] [INFO] [1785834295.480431834] [robot_2]: [Robot 2] Broadcast to 3 peer(s) retention=0.40 (min_sim=0.465)
[robot_node-16] [INFO] [1785834295.492679068] [robot_1]: [Robot 1] Broadcast to 3 peer(s) retention=0.20 (min_sim=0.743)
[robot_node-16] [INFO] [1785834296.006289988] [robot_1]: [Robot 1] Merged from Robot 3 dist=1.71m gate=0.500 z_norm=1.0000
[robot_node-17] [INFO] [1785834296.625983259] [robot_2]: [Robot 2] Merged from Robot 3 dist=1.06m gate=0.500 z_norm=1.0000
[robot_node-18] [INFO] [1785834297.406569837] [robot_3]: [Robot 3] Merged from Robot 2 dist=1.06m gate=0.500 z_norm=1.0000
[robot_node-16] [INFO] [1785834297.640459051] [robot_1]: [Robot 1] Merged from Robot 2 dist=1.06m gate=0.500 z_norm=1.0000
[robot_node-17] [INFO] [1785834298.162129295] [robot_2]: [Robot 2] Merged from Robot 1 dist=1.06m gate=0.500 z_norm=1.0000
[robot_node-18] [INFO] [1785834298.331931996] [robot_3]: [Robot 3] Merged from Robot 1 dist=1.71m gate=0.500 z_norm=1.0000
[robot_node-19] [WARN] [1785834300.317078083] [robot_4]: [Robot 4] /nsk/compress timeout — skipping cycle
[robot_node-19] [INFO] [1785834300.337920330] [robot_4]: [Robot 4] → EXPLORE
[robot_node-19] [WARN] [1785834300.344709251] [robot_4]: [Robot 4] /nsk/merge timeout — skipping cycle
[robot_node-19] [INFO] [1785834300.380358001] [robot_4]: [Robot 4] Merged from Robot 2 dist=1.72m gate=0.500 z_norm=1.0000
[robot_node-19] [INFO] [1785834300.394078607] [robot_4]: [Robot 4] Merged from Robot 1 dist=1.71m gate=0.500 z_norm=1.0000
[robot_node-19] [INFO] [1785834301.099111209] [robot_4]: [Robot 4] → FLOCK (3 peers)
[robot_node-18] [INFO] [1785834303.582212179] [robot_3]: [Robot 3] Broadcast to 3 peer(s) retention=0.40 (min_sim=0.653)
[robot_node-19] [INFO] [1785834303.890709146] [robot_4]: [Robot 4] Broadcast to 3 peer(s) retention=0.40 (min_sim=0.607)
[robot_node-17] [INFO] [1785834304.058475738] [robot_2]: [Robot 2] Broadcast to 3 peer(s) retention=0.40 (min_sim=0.607)
[robot_node-19] [INFO] [1785834304.545021158] [robot_4]: [Robot 4] Merged from Robot 3 dist=1.06m gate=0.500 z_norm=1.0000
[robot_node-17] [INFO] [1785834305.259035890] [robot_2]: [Robot 2] Merged from Robot 3 dist=1.06m gate=0.500 z_norm=1.0000
[convergence_monitor-20] [INFO] [1785834305.509815328] [convergence_monitor]: 
[convergence_monitor-20] ════════════════════════════════════════════════════
[convergence_monitor-20] [NSK Monitor  t=336s]  Mean pairwise sim: 0.8107
[convergence_monitor-20]   Δ from last:  -0.0138   Trend: ↓ diverging
[convergence_monitor-20]   Active pairs: (0,1)×10  (0,2)×10  (0,3)×8  (0,4)×8  (1,0)×15  (1,2)×30  (1,3)×30  (1,4)×30  (2,0)×18  (2,1)×37  (2,3)×37  (2,4)×37  (3,0)×17  (3,1)×41  (3,2)×41  (3,4)×41  (4,0)×15  (4,1)×34  (4,2)×34  (4,3)×34
[convergence_monitor-20]   Baseline: 0.4811   Rise: +0.3296 (min 0.03)   Stable: 0/3
[convergence_monitor-20]   Status: NOT YET
[convergence_monitor-20] ════════════════════════════════════════════════════
[robot_node-17] [INFO] [1785834305.526819218] [robot_2]: [Robot 2] Merged from Robot 4 dist=1.72m gate=0.500 z_norm=1.0000
[robot_node-18] [INFO] [1785834305.982030457] [robot_3]: [Robot 3] Merged from Robot 4 dist=1.06m gate=0.500 z_norm=1.0000
[robot_node-19] [INFO] [1785834307.388478154] [robot_4]: [Robot 4] Merged from Robot 2 dist=1.72m gate=0.500 z_norm=1.0000
[robot_node-18] [INFO] [1785834307.941532853] [robot_3]: [Robot 3] Merged from Robot 2 dist=1.06m gate=0.500 z_norm=1.0000
[robot_node-16] [WARN] [1785834308.608321130] [robot_1]: [Robot 1] /nsk/merge timeout — skipping cycle
[robot_node-16] [INFO] [1785834308.609838084] [robot_1]: [Robot 1] → EXPLORE
[robot_node-16] [WARN] [1785834308.620136362] [robot_1]: [Robot 1] /nsk/compress timeout — skipping cycle
[robot_node-16] [INFO] [1785834308.646504608] [robot_1]: [Robot 1] Merged from Robot 2 dist=1.06m gate=0.500 z_norm=1.0000
[robot_node-16] [INFO] [1785834308.656224233] [robot_1]: [Robot 1] Merged from Robot 4 dist=1.71m gate=0.500 z_norm=1.0000
[robot_node-16] [INFO] [1785834309.112517529] [robot_1]: [Robot 1] → FLOCK (3 peers)
[robot_node-18] [INFO] [1785834311.569977967] [robot_3]: [Robot 3] Broadcast to 3 peer(s) retention=0.40 (min_sim=0.609)
[robot_node-16] [INFO] [1785834311.789879310] [robot_1]: [Robot 1] Broadcast to 3 peer(s) retention=0.20 (min_sim=0.805)
[robot_node-17] [INFO] [1785834311.794171588] [robot_2]: [Robot 2] Broadcast to 3 peer(s) retention=0.40 (min_sim=0.497)
[robot_node-16] [INFO] [1785834312.285296705] [robot_1]: [Robot 1] Merged from Robot 3 dist=1.71m gate=0.500 z_norm=1.0000
[robot_node-17] [INFO] [1785834312.910415062] [robot_2]: [Robot 2] Merged from Robot 3 dist=1.06m gate=0.500 z_norm=1.0000
[robot_node-18] [INFO] [1785834313.416978618] [robot_3]: [Robot 3] Merged from Robot 1 dist=1.71m gate=0.500 z_norm=1.0000
[robot_node-17] [INFO] [1785834313.829817649] [robot_2]: [Robot 2] Merged from Robot 1 dist=1.06m gate=0.500 z_norm=1.0000
[robot_node-18] [INFO] [1785834314.180856006] [robot_3]: [Robot 3] Merged from Robot 2 dist=1.06m gate=0.500 z_norm=1.0000
[robot_node-16] [INFO] [1785834314.430340837] [robot_1]: [Robot 1] Merged from Robot 2 dist=1.06m gate=0.500 z_norm=1.0000
[convergence_monitor-20] [INFO] [1785834315.226749663] [convergence_monitor]: 
[convergence_monitor-20] ════════════════════════════════════════════════════
[convergence_monitor-20] [NSK Monitor  t=346s]  Mean pairwise sim: 0.8128
[convergence_monitor-20]   Δ from last:  +0.0022   Trend: → stable
[convergence_monitor-20]   Active pairs: (0,1)×10  (0,2)×10  (0,3)×8  (0,4)×8  (1,0)×15  (1,2)×31  (1,3)×31  (1,4)×31  (2,0)×18  (2,1)×38  (2,3)×38  (2,4)×38  (3,0)×17  (3,1)×42  (3,2)×42  (3,4)×42  (4,0)×15  (4,1)×34  (4,2)×34  (4,3)×34
[convergence_monitor-20]   Baseline: 0.4811   Rise: +0.3318 (min 0.03)   Stable: 1/3
[convergence_monitor-20]   Status: NOT YET
[convergence_monitor-20] ════════════════════════════════════════════════════
[robot_node-19] [WARN] [1785834316.591351875] [robot_4]: [Robot 4] /nsk/compress timeout — skipping cycle
[robot_node-19] [INFO] [1785834316.592923498] [robot_4]: [Robot 4] → EXPLORE
[robot_node-19] [WARN] [1785834316.611791556] [robot_4]: [Robot 4] /nsk/merge timeout — skipping cycle
[robot_node-19] [INFO] [1785834316.633004711] [robot_4]: [Robot 4] Merged from Robot 1 dist=1.71m gate=0.500 z_norm=1.0000
[robot_node-19] [INFO] [1785834316.640540074] [robot_4]: [Robot 4] Merged from Robot 2 dist=1.72m gate=0.500 z_norm=1.0000
[robot_node-19] [INFO] [1785834317.092871309] [robot_4]: [Robot 4] → FLOCK (3 peers)
[robot_node-18] [INFO] [1785834319.379268512] [robot_3]: [Robot 3] Broadcast to 3 peer(s) retention=0.40 (min_sim=0.600)
[robot_node-17] [INFO] [1785834319.543926765] [robot_2]: [Robot 2] Broadcast to 3 peer(s) retention=0.40 (min_sim=0.600)
[robot_node-19] [INFO] [1785834320.108173388] [robot_4]: [Robot 4] Broadcast to 3 peer(s) retention=0.40 (min_sim=0.626)
[robot_node-17] [INFO] [1785834321.612212393] [robot_2]: [Robot 2] Merged from Robot 3 dist=1.06m gate=0.500 z_norm=1.0000
[robot_node-19] [INFO] [1785834322.519523173] [robot_4]: [Robot 4] Merged from Robot 3 dist=1.06m gate=0.500 z_norm=1.0000
[robot_node-18] [INFO] [1785834322.719758793] [robot_3]: [Robot 3] Merged from Robot 2 dist=1.06m gate=0.500 z_norm=1.0000
[robot_node-19] [INFO] [1785834323.235594372] [robot_4]: [Robot 4] Merged from Robot 2 dist=1.72m gate=0.500 z_norm=1.0000
[robot_node-18] [INFO] [1785834323.483563955] [robot_3]: [Robot 3] Merged from Robot 4 dist=1.06m gate=0.500 z_norm=1.0000
[robot_node-17] [INFO] [1785834324.239634266] [robot_2]: [Robot 2] Merged from Robot 4 dist=1.72m gate=0.500 z_norm=1.0000
[robot_node-16] [WARN] [1785834324.366640766] [robot_1]: [Robot 1] /nsk/compress timeout — skipping cycle
[robot_node-16] [INFO] [1785834324.385449796] [robot_1]: [Robot 1] → EXPLORE
[robot_node-16] [INFO] [1785834324.390387932] [robot_1]: [Robot 1] Merged from Robot 3 dist=1.71m gate=0.500 z_norm=1.0000
[robot_node-16] [INFO] [1785834324.413280008] [robot_1]: [Robot 1] Merged from Robot 2 dist=1.06m gate=0.500 z_norm=1.0000
[robot_node-16] [INFO] [1785834324.434931231] [robot_1]: [Robot 1] Merged from Robot 4 dist=1.71m gate=0.500 z_norm=1.0000
[robot_node-16] [INFO] [1785834325.126032535] [robot_1]: [Robot 1] → FLOCK (3 peers)
[convergence_monitor-20] [INFO] [1785834325.218722256] [convergence_monitor]: 
[convergence_monitor-20] ════════════════════════════════════════════════════
[convergence_monitor-20] [NSK Monitor  t=356s]  Mean pairwise sim: 0.8191
[convergence_monitor-20]   Δ from last:  +0.0063   Trend: ↑ converging
[convergence_monitor-20]   Active pairs: (0,1)×10  (0,2)×10  (0,3)×8  (0,4)×8  (1,0)×15  (1,2)×31  (1,3)×31  (1,4)×31  (2,0)×18  (2,1)×39  (2,3)×39  (2,4)×39  (3,0)×17  (3,1)×43  (3,2)×43  (3,4)×43  (4,0)×15  (4,1)×35  (4,2)×35  (4,3)×35
[convergence_monitor-20]   Baseline: 0.4811   Rise: +0.3380 (min 0.03)   Stable: 0/3
[convergence_monitor-20]   Status: NOT YET
[convergence_monitor-20] ════════════════════════════════════════════════════
[robot_node-18] [INFO] [1785834327.558149867] [robot_3]: [Robot 3] Broadcast to 3 peer(s) retention=0.40 (min_sim=0.623)
[robot_node-17] [INFO] [1785834327.821908456] [robot_2]: [Robot 2] Broadcast to 3 peer(s) retention=0.40 (min_sim=0.510)
[robot_node-19] [INFO] [1785834328.411377909] [robot_4]: [Robot 4] Broadcast to 3 peer(s) retention=0.40 (min_sim=0.510)
[robot_node-19] [INFO] [1785834329.167408409] [robot_4]: [Robot 4] Merged from Robot 3 dist=1.06m gate=0.500 z_norm=1.0000
[robot_node-17] [INFO] [1785834329.638542158] [robot_2]: [Robot 2] Merged from Robot 3 dist=1.06m gate=0.500 z_norm=1.0000
[robot_node-19] [INFO] [1785834330.495869990] [robot_4]: [Robot 4] Merged from Robot 2 dist=1.72m gate=0.500 z_norm=1.0000
[robot_node-18] [INFO] [1785834331.342351295] [robot_3]: [Robot 3] Merged from Robot 2 dist=1.06m gate=0.500 z_norm=1.0000
[robot_node-17] [INFO] [1785834332.519202996] [robot_2]: [Robot 2] Merged from Robot 4 dist=1.72m gate=0.500 z_norm=1.0000
[robot_node-16] [WARN] [1785834332.580858258] [robot_1]: [Robot 1] /nsk/merge timeout — skipping cycle
[robot_node-16] [WARN] [1785834332.582972480] [robot_1]: [Robot 1] /nsk/compress timeout — skipping cycle
[robot_node-16] [INFO] [1785834332.659611639] [robot_1]: [Robot 1] Merged from Robot 2 dist=1.06m gate=0.500 z_norm=1.0000
[robot_node-16] [INFO] [1785834333.293707756] [robot_1]: [Robot 1] Merged from Robot 4 dist=1.71m gate=0.500 z_norm=1.0000
[robot_node-18] [WARN] [1785834333.450120988] [robot_3]: [Robot 3] /nsk/merge timeout — skipping cycle
[robot_node-18] [INFO] [1785834335.333573798] [robot_3]: [Robot 3] Broadcast to 3 peer(s) retention=0.40 (min_sim=0.649)
[convergence_monitor-20] [INFO] [1785834335.638270177] [convergence_monitor]: 
[convergence_monitor-20] ════════════════════════════════════════════════════
[convergence_monitor-20] [NSK Monitor  t=366s]  Mean pairwise sim: 0.8179
[convergence_monitor-20]   Δ from last:  -0.0012   Trend: → stable
[convergence_monitor-20]   Active pairs: (0,1)×10  (0,2)×10  (0,3)×8  (0,4)×8  (1,0)×15  (1,2)×31  (1,3)×31  (1,4)×31  (2,0)×18  (2,1)×40  (2,3)×40  (2,4)×40  (3,0)×17  (3,1)×45  (3,2)×45  (3,4)×45  (4,0)×15  (4,1)×36  (4,2)×36  (4,3)×36
[convergence_monitor-20]   Baseline: 0.4811   Rise: +0.3368 (min 0.03)   Stable: 1/3
[convergence_monitor-20]   Status: NOT YET
[convergence_monitor-20] ════════════════════════════════════════════════════
[robot_node-19] [INFO] [1785834335.656383823] [robot_4]: [Robot 4] Broadcast to 3 peer(s) retention=0.40 (min_sim=0.436)
[robot_node-17] [INFO] [1785834335.805300923] [robot_2]: [Robot 2] Broadcast to 3 peer(s) retention=0.40 (min_sim=0.436)
[robot_node-19] [INFO] [1785834336.903171095] [robot_4]: [Robot 4] Merged from Robot 3 dist=1.06m gate=0.500 z_norm=1.0000
[robot_node-17] [INFO] [1785834337.414361339] [robot_2]: [Robot 2] Merged from Robot 3 dist=1.06m gate=0.500 z_norm=1.0000
[robot_node-17] [INFO] [1785834337.959157691] [robot_2]: [Robot 2] Merged from Robot 4 dist=1.72m gate=0.500 z_norm=1.0000
[robot_node-18] [INFO] [1785834338.244650808] [robot_3]: [Robot 3] Merged from Robot 4 dist=1.06m gate=0.500 z_norm=1.0000
[robot_node-18] [INFO] [1785834338.771372067] [robot_3]: [Robot 3] Merged from Robot 2 dist=1.06m gate=0.500 z_norm=1.0000
[robot_node-19] [INFO] [1785834339.544598617] [robot_4]: [Robot 4] Merged from Robot 2 dist=1.72m gate=0.500 z_norm=1.0000
[robot_node-16] [WARN] [1785834340.334384864] [robot_1]: [Robot 1] /nsk/compress timeout — skipping cycle
[robot_node-16] [INFO] [1785834340.340641961] [robot_1]: [Robot 1] Merged from Robot 3 dist=1.71m gate=0.500 z_norm=1.0000
[robot_node-16] [INFO] [1785834340.359361631] [robot_1]: [Robot 1] Merged from Robot 4 dist=1.71m gate=0.500 z_norm=1.0000
[robot_node-16] [INFO] [1785834340.366761458] [robot_1]: [Robot 1] Merged from Robot 2 dist=1.06m gate=0.500 z_norm=1.0000
[robot_node-18] [INFO] [1785834343.607071735] [robot_3]: [Robot 3] Broadcast to 3 peer(s) retention=0.40 (min_sim=0.619)
[robot_node-17] [INFO] [1785834343.765996989] [robot_2]: [Robot 2] Broadcast to 3 peer(s) retention=0.65 (min_sim=0.391)
[robot_node-19] [INFO] [1785834344.133368011] [robot_4]: [Robot 4] Broadcast to 3 peer(s) retention=0.65 (min_sim=0.391)
[robot_node-17] [INFO] [1785834344.913616281] [robot_2]: [Robot 2] Merged from Robot 3 dist=1.06m gate=0.500 z_norm=1.0000
[robot_node-19] [INFO] [1785834345.544746508] [robot_4]: [Robot 4] Merged from Robot 3 dist=1.06m gate=0.500 z_norm=1.0000
[convergence_monitor-20] [INFO] [1785834346.157220194] [convergence_monitor]: 
[convergence_monitor-20] ════════════════════════════════════════════════════
[convergence_monitor-20] [NSK Monitor  t=377s]  Mean pairwise sim: 0.8376
[convergence_monitor-20]   Δ from last:  +0.0196   Trend: ↑ converging
[convergence_monitor-20]   Active pairs: (0,1)×10  (0,2)×10  (0,3)×8  (0,4)×8  (1,0)×15  (1,2)×31  (1,3)×31  (1,4)×31  (2,0)×18  (2,1)×42  (2,3)×42  (2,4)×42  (3,0)×17  (3,1)×46  (3,2)×46  (3,4)×46  (4,0)×15  (4,1)×38  (4,2)×38  (4,3)×38
[convergence_monitor-20]   Baseline: 0.4811   Rise: +0.3565 (min 0.03)   Stable: 0/3
[convergence_monitor-20]   Status: NOT YET
[convergence_monitor-20] ════════════════════════════════════════════════════
[robot_node-19] [INFO] [1785834346.712301676] [robot_4]: [Robot 4] Merged from Robot 2 dist=1.72m gate=0.500 z_norm=1.0000
[robot_node-18] [INFO] [1785834346.976275050] [robot_3]: [Robot 3] Merged from Robot 2 dist=1.06m gate=0.500 z_norm=1.0000
[robot_node-17] [INFO] [1785834347.386143522] [robot_2]: [Robot 2] Merged from Robot 4 dist=1.72m gate=0.500 z_norm=1.0000
[robot_node-18] [INFO] [1785834347.703100554] [robot_3]: [Robot 3] Merged from Robot 4 dist=1.06m gate=0.500 z_norm=1.0000
[robot_node-16] [WARN] [1785834348.605847115] [robot_1]: [Robot 1] /nsk/merge timeout — skipping cycle
[robot_node-16] [INFO] [1785834348.611039821] [robot_1]: [Robot 1] Broadcast to 3 peer(s) retention=0.20 (min_sim=0.801)
[robot_node-16] [INFO] [1785834348.624386031] [robot_1]: [Robot 1] Merged from Robot 2 dist=1.06m gate=0.500 z_norm=1.0000
[robot_node-16] [INFO] [1785834348.636444006] [robot_1]: [Robot 1] Merged from Robot 4 dist=1.71m gate=0.500 z_norm=1.0000
[robot_node-17] [INFO] [1785834348.942519747] [robot_2]: [Robot 2] Merged from Robot 1 dist=1.06m gate=0.500 z_norm=1.0000
[robot_node-18] [INFO] [1785834349.155612495] [robot_3]: [Robot 3] Merged from Robot 1 dist=1.71m gate=0.500 z_norm=1.0000
[robot_node-19] [INFO] [1785834349.367991817] [robot_4]: [Robot 4] Merged from Robot 1 dist=1.71m gate=0.500 z_norm=1.0000
[robot_node-18] [INFO] [1785834351.654613929] [robot_3]: [Robot 3] Broadcast to 3 peer(s) retention=0.20 (min_sim=0.730)
[robot_node-17] [INFO] [1785834351.843255156] [robot_2]: [Robot 2] Broadcast to 3 peer(s) retention=0.40 (min_sim=0.521)
[robot_node-19] [INFO] [1785834352.127887699] [robot_4]: [Robot 4] Broadcast to 3 peer(s) retention=0.40 (min_sim=0.521)
[robot_node-19] [INFO] [1785834352.661799484] [robot_4]: [Robot 4] Merged from Robot 3 dist=1.06m gate=0.500 z_norm=1.0000
[robot_node-17] [INFO] [1785834353.228036331] [robot_2]: [Robot 2] Merged from Robot 3 dist=1.06m gate=0.500 z_norm=1.0000
[robot_node-19] [INFO] [1785834353.946580196] [robot_4]: [Robot 4] Merged from Robot 2 dist=1.72m gate=0.500 z_norm=1.0000
[robot_node-18] [INFO] [1785834354.857292300] [robot_3]: [Robot 3] Merged from Robot 2 dist=1.06m gate=0.500 z_norm=1.0000
[robot_node-17] [INFO] [1785834355.380269943] [robot_2]: [Robot 2] Merged from Robot 4 dist=1.72m gate=0.500 z_norm=1.0000
[convergence_monitor-20] [INFO] [1785834355.813672588] [convergence_monitor]: 
[convergence_monitor-20] ════════════════════════════════════════════════════
[convergence_monitor-20] [NSK Monitor  t=386s]  Mean pairwise sim: 0.8322
[convergence_monitor-20]   Δ from last:  -0.0054   Trend: ↓ diverging
[convergence_monitor-20]   Active pairs: (0,1)×10  (0,2)×10  (0,3)×8  (0,4)×8  (1,0)×15  (1,2)×32  (1,3)×32  (1,4)×32  (2,0)×18  (2,1)×43  (2,3)×43  (2,4)×43  (3,0)×17  (3,1)×47  (3,2)×47  (3,4)×47  (4,0)×15  (4,1)×39  (4,2)×39  (4,3)×39
[convergence_monitor-20]   Baseline: 0.4811   Rise: +0.3511 (min 0.03)   Stable: 0/3
[convergence_monitor-20]   Status: NOT YET
[convergence_monitor-20] ════════════════════════════════════════════════════
[robot_node-18] [INFO] [1785834355.815529364] [robot_3]: [Robot 3] Merged from Robot 4 dist=1.06m gate=0.500 z_norm=1.0000
[robot_node-16] [WARN] [1785834356.684279682] [robot_1]: [Robot 1] /nsk/compress timeout — skipping cycle
[robot_node-16] [WARN] [1785834356.688837496] [robot_1]: [Robot 1] /nsk/merge timeout — skipping cycle
[robot_node-16] [INFO] [1785834356.696024743] [robot_1]: [Robot 1] Merged from Robot 2 dist=1.06m gate=0.500 z_norm=1.0000
[robot_node-16] [INFO] [1785834356.702982292] [robot_1]: [Robot 1] Merged from Robot 4 dist=1.71m gate=0.500 z_norm=1.0000
[robot_node-16] [INFO] [1785834359.118195249] [robot_1]: [Robot 1] → EXPLORE
[robot_node-18] [INFO] [1785834359.356806799] [robot_3]: [Robot 3] Broadcast to 3 peer(s) retention=0.20 (min_sim=0.720)
[robot_node-16] [INFO] [1785834359.691977019] [robot_1]: [Robot 1] Merged from Robot 3 dist=1.71m gate=0.500 z_norm=1.0000
[robot_node-17] [INFO] [1785834360.222926229] [robot_2]: [Robot 2] Broadcast to 3 peer(s) retention=0.40 (min_sim=0.441)
[robot_node-19] [INFO] [1785834360.447520109] [robot_4]: [Robot 4] Merged from Robot 3 dist=1.06m gate=0.500 z_norm=1.0000
[robot_node-16] [INFO] [1785834360.478243177] [robot_1]: [Robot 1] Broadcast to 3 peer(s) retention=0.20 (min_sim=0.716)
[robot_node-17] [INFO] [1785834360.851010741] [robot_2]: [Robot 2] Merged from Robot 3 dist=1.06m gate=0.500 z_norm=1.0000
[robot_node-19] [INFO] [1785834361.248663528] [robot_4]: [Robot 4] Broadcast to 3 peer(s) retention=0.40 (min_sim=0.441)
[robot_node-19] [INFO] [1785834361.680933625] [robot_4]: [Robot 4] Merged from Robot 2 dist=1.72m gate=0.500 z_norm=1.0000
[robot_node-16] [INFO] [1785834361.955509843] [robot_1]: [Robot 1] Merged from Robot 2 dist=1.06m gate=0.500 z_norm=1.0000
[robot_node-18] [INFO] [1785834362.300879783] [robot_3]: [Robot 3] Merged from Robot 2 dist=1.06m gate=0.500 z_norm=1.0000
[robot_node-17] [INFO] [1785834362.567685445] [robot_2]: [Robot 2] Merged from Robot 1 dist=1.06m gate=0.500 z_norm=1.0000
[robot_node-18] [INFO] [1785834362.844279261] [robot_3]: [Robot 3] Merged from Robot 1 dist=1.71m gate=0.500 z_norm=1.0000
[robot_node-19] [INFO] [1785834363.163237281] [robot_4]: [Robot 4] Merged from Robot 1 dist=1.71m gate=0.500 z_norm=1.0000
[robot_node-17] [INFO] [1785834363.349228536] [robot_2]: [Robot 2] Merged from Robot 4 dist=1.72m gate=0.500 z_norm=1.0000
[robot_node-18] [INFO] [1785834363.581914281] [robot_3]: [Robot 3] Merged from Robot 4 dist=1.06m gate=0.500 z_norm=1.0000
[robot_node-16] [INFO] [1785834363.940183274] [robot_1]: [Robot 1] Merged from Robot 4 dist=1.71m gate=0.500 z_norm=1.0000
[convergence_monitor-20] [INFO] [1785834365.211270435] [convergence_monitor]: 
[convergence_monitor-20] ════════════════════════════════════════════════════
[convergence_monitor-20] [NSK Monitor  t=396s]  Mean pairwise sim: 0.8270
[convergence_monitor-20]   Δ from last:  -0.0052   Trend: ↓ diverging
[convergence_monitor-20]   Active pairs: (0,1)×10  (0,2)×10  (0,3)×8  (0,4)×8  (1,0)×15  (1,2)×33  (1,3)×33  (1,4)×33  (2,0)×18  (2,1)×44  (2,3)×44  (2,4)×44  (3,0)×17  (3,1)×48  (3,2)×48  (3,4)×48  (4,0)×15  (4,1)×40  (4,2)×40  (4,3)×40
[convergence_monitor-20]   Baseline: 0.4811   Rise: +0.3459 (min 0.03)   Stable: 0/3
[convergence_monitor-20]   Status: NOT YET
[convergence_monitor-20] ════════════════════════════════════════════════════
[robot_node-18] [INFO] [1785834367.398005896] [robot_3]: [Robot 3] Broadcast to 3 peer(s) retention=0.20 (min_sim=0.784)
[robot_node-19] [INFO] [1785834367.879856688] [robot_4]: [Robot 4] Broadcast to 3 peer(s) retention=0.40 (min_sim=0.491)
[robot_node-16] [INFO] [1785834367.909470687] [robot_1]: [Robot 1] Broadcast to 3 peer(s) retention=0.40 (min_sim=0.649)
[robot_node-16] [INFO] [1785834368.612967347] [robot_1]: [Robot 1] Merged from Robot 3 dist=1.71m gate=0.500 z_norm=1.0000
[robot_node-19] [INFO] [1785834369.224211634] [robot_4]: [Robot 4] Merged from Robot 3 dist=1.06m gate=0.500 z_norm=1.0000
[robot_node-16] [INFO] [1785834369.632510625] [robot_1]: [Robot 1] Merged from Robot 4 dist=1.71m gate=0.500 z_norm=1.0000
[robot_node-18] [INFO] [1785834370.146989998] [robot_3]: [Robot 3] Merged from Robot 4 dist=1.06m gate=0.500 z_norm=1.0000
[robot_node-18] [INFO] [1785834370.422185704] [robot_3]: [Robot 3] Merged from Robot 1 dist=1.71m gate=0.500 z_norm=1.0000
[robot_node-19] [INFO] [1785834370.641316231] [robot_4]: [Robot 4] Merged from Robot 1 dist=1.71m gate=0.500 z_norm=1.0000
[robot_node-17] [WARN] [1785834372.380413445] [robot_2]: [Robot 2] /nsk/compress timeout — skipping cycle
[robot_node-17] [INFO] [1785834372.385077661] [robot_2]: [Robot 2] → EXPLORE
[robot_node-17] [INFO] [1785834372.402041543] [robot_2]: [Robot 2] Merged from Robot 3 dist=1.06m gate=0.500 z_norm=1.0000
[robot_node-17] [INFO] [1785834372.430875328] [robot_2]: [Robot 2] Merged from Robot 4 dist=1.72m gate=0.500 z_norm=1.0000
[robot_node-17] [INFO] [1785834372.433790152] [robot_2]: [Robot 2] Merged from Robot 1 dist=1.06m gate=0.500 z_norm=1.0000
[robot_node-17] [INFO] [1785834373.047570030] [robot_2]: [Robot 2] → FLOCK (3 peers)
[convergence_monitor-20] [INFO] [1785834375.381909864] [convergence_monitor]: 
[convergence_monitor-20] ════════════════════════════════════════════════════
[convergence_monitor-20] [NSK Monitor  t=406s]  Mean pairwise sim: 0.8365
[convergence_monitor-20]   Δ from last:  +0.0095   Trend: ↑ converging
[convergence_monitor-20]   Active pairs: (0,1)×10  (0,2)×10  (0,3)×8  (0,4)×8  (1,0)×15  (1,2)×34  (1,3)×34  (1,4)×34  (2,0)×18  (2,1)×44  (2,3)×44  (2,4)×44  (3,0)×17  (3,1)×49  (3,2)×49  (3,4)×49  (4,0)×15  (4,1)×41  (4,2)×41  (4,3)×41
[convergence_monitor-20]   Baseline: 0.4811   Rise: +0.3554 (min 0.03)   Stable: 0/3
[convergence_monitor-20]   Status: NOT YET
[convergence_monitor-20] ════════════════════════════════════════════════════
[robot_node-18] [INFO] [1785834375.407399611] [robot_3]: [Robot 3] Broadcast to 3 peer(s) retention=0.20 (min_sim=0.795)
[robot_node-19] [INFO] [1785834375.966813703] [robot_4]: [Robot 4] Broadcast to 3 peer(s) retention=0.40 (min_sim=0.531)
[robot_node-17] [INFO] [1785834376.153899958] [robot_2]: [Robot 2] Broadcast to 3 peer(s) retention=0.40 (min_sim=0.659)
[robot_node-17] [INFO] [1785834376.395820480] [robot_2]: [Robot 2] Merged from Robot 3 dist=1.06m gate=0.500 z_norm=1.0000
[robot_node-19] [INFO] [1785834377.319481311] [robot_4]: [Robot 4] Merged from Robot 3 dist=1.06m gate=0.500 z_norm=1.0000
[robot_node-18] [INFO] [1785834378.191786157] [robot_3]: [Robot 3] Merged from Robot 4 dist=1.06m gate=0.500 z_norm=1.0000
[robot_node-17] [INFO] [1785834378.693860629] [robot_2]: [Robot 2] Merged from Robot 4 dist=1.72m gate=0.500 z_norm=1.0000
[robot_node-19] [INFO] [1785834379.195787601] [robot_4]: [Robot 4] Merged from Robot 2 dist=1.72m gate=0.500 z_norm=1.0000
[robot_node-18] [INFO] [1785834379.772232569] [robot_3]: [Robot 3] Merged from Robot 2 dist=1.06m gate=0.500 z_norm=1.0000
[robot_node-16] [WARN] [1785834380.380641867] [robot_1]: [Robot 1] /nsk/compress timeout — skipping cycle
[robot_node-16] [INFO] [1785834380.387927537] [robot_1]: [Robot 1] → EXPLORE
[robot_node-16] [INFO] [1785834380.391972599] [robot_1]: [Robot 1] Merged from Robot 3 dist=1.71m gate=0.500 z_norm=1.0000
[robot_node-16] [INFO] [1785834380.396993771] [robot_1]: [Robot 1] Merged from Robot 4 dist=1.71m gate=0.500 z_norm=1.0000
[robot_node-16] [INFO] [1785834380.412893104] [robot_1]: [Robot 1] Merged from Robot 2 dist=1.06m gate=0.500 z_norm=1.0000
[robot_node-16] [INFO] [1785834381.112639638] [robot_1]: [Robot 1] → FLOCK (3 peers)
[robot_node-18] [INFO] [1785834383.296867494] [robot_3]: [Robot 3] Broadcast to 3 peer(s) retention=0.20 (min_sim=0.786)
[robot_node-16] [INFO] [1785834383.628786146] [robot_1]: [Robot 1] Merged from Robot 3 dist=1.71m gate=0.500 z_norm=1.0000
[robot_node-16] [INFO] [1785834383.664126439] [robot_1]: [Robot 1] Broadcast to 3 peer(s) retention=0.40 (min_sim=0.669)
[robot_node-19] [INFO] [1785834384.076126065] [robot_4]: [Robot 4] Merged from Robot 3 dist=1.06m gate=0.500 z_norm=1.0000
[robot_node-19] [INFO] [1785834384.638551811] [robot_4]: [Robot 4] Broadcast to 3 peer(s) retention=0.40 (min_sim=0.540)
[robot_node-18] [INFO] [1785834385.371589433] [robot_3]: [Robot 3] Merged from Robot 1 dist=1.71m gate=0.500 z_norm=1.0000
[convergence_monitor-20] [INFO] [1785834385.700662742] [convergence_monitor]: 
[convergence_monitor-20] ════════════════════════════════════════════════════
[convergence_monitor-20] [NSK Monitor  t=416s]  Mean pairwise sim: 0.8718
[convergence_monitor-20]   Δ from last:  +0.0353   Trend: ↑ converging
[convergence_monitor-20]   Active pairs: (0,1)×10  (0,2)×10  (0,3)×8  (0,4)×8  (1,0)×15  (1,2)×35  (1,3)×35  (1,4)×35  (2,0)×18  (2,1)×45  (2,3)×45  (2,4)×45  (3,0)×17  (3,1)×51  (3,2)×51  (3,4)×51  (4,0)×15  (4,1)×43  (4,2)×43  (4,3)×43
[convergence_monitor-20]   Baseline: 0.4811   Rise: +0.3907 (min 0.03)   Stable: 0/3
[convergence_monitor-20]   Status: NOT YET
[convergence_monitor-20] ════════════════════════════════════════════════════
[robot_node-19] [INFO] [1785834385.824007378] [robot_4]: [Robot 4] Merged from Robot 1 dist=1.71m gate=0.500 z_norm=1.0000
[robot_node-18] [INFO] [1785834386.125830793] [robot_3]: [Robot 3] Merged from Robot 4 dist=1.06m gate=0.500 z_norm=1.0000
[robot_node-16] [INFO] [1785834386.415235247] [robot_1]: [Robot 1] Merged from Robot 4 dist=1.71m gate=0.500 z_norm=1.0000
[robot_node-17] [WARN] [1785834388.340160167] [robot_2]: [Robot 2] /nsk/compress timeout — skipping cycle
[robot_node-17] [WARN] [1785834388.343909122] [robot_2]: [Robot 2] /nsk/merge timeout — skipping cycle
[robot_node-17] [INFO] [1785834388.349496336] [robot_2]: [Robot 2] → EXPLORE
[robot_node-17] [INFO] [1785834388.359937756] [robot_2]: [Robot 2] Merged from Robot 1 dist=1.06m gate=0.500 z_norm=1.0000
[robot_node-17] [INFO] [1785834388.378020402] [robot_2]: [Robot 2] Merged from Robot 4 dist=1.72m gate=0.500 z_norm=1.0000
[robot_node-17] [INFO] [1785834389.047551521] [robot_2]: [Robot 2] → FLOCK (3 peers)
[robot_node-18] [INFO] [1785834391.340386360] [robot_3]: [Robot 3] Broadcast to 3 peer(s) retention=0.20 (min_sim=0.828)
[robot_node-19] [INFO] [1785834391.672000032] [robot_4]: [Robot 4] Broadcast to 3 peer(s) retention=0.40 (min_sim=0.554)
[robot_node-16] [INFO] [1785834391.701075564] [robot_1]: [Robot 1] Broadcast to 3 peer(s) retention=0.40 (min_sim=0.554)
[robot_node-19] [INFO] [1785834392.484162994] [robot_4]: [Robot 4] Merged from Robot 3 dist=1.06m gate=0.500 z_norm=1.0000
[robot_node-16] [INFO] [1785834393.778873547] [robot_1]: [Robot 1] Merged from Robot 3 dist=1.71m gate=0.500 z_norm=1.0000
[robot_node-16] [INFO] [1785834394.720961323] [robot_1]: [Robot 1] Merged from Robot 4 dist=1.71m gate=0.500 z_norm=1.0000
[robot_node-19] [INFO] [1785834395.175542954] [robot_4]: [Robot 4] Merged from Robot 1 dist=1.71m gate=0.500 z_norm=1.0000
[robot_node-18] [INFO] [1785834395.355031886] [robot_3]: [Robot 3] Merged from Robot 1 dist=1.71m gate=0.500 z_norm=1.0000
[robot_node-18] [INFO] [1785834395.557377716] [robot_3]: [Robot 3] Merged from Robot 4 dist=1.06m gate=0.500 z_norm=1.0000
[convergence_monitor-20] [INFO] [1785834395.582185523] [convergence_monitor]: 
[convergence_monitor-20] ════════════════════════════════════════════════════
[convergence_monitor-20] [NSK Monitor  t=426s]  Mean pairwise sim: 0.8431
[convergence_monitor-20]   Δ from last:  -0.0288   Trend: ↓ diverging
[convergence_monitor-20]   Active pairs: (0,1)×10  (0,2)×10  (0,3)×8  (0,4)×8  (1,0)×15  (1,2)×36  (1,3)×36  (1,4)×36  (2,0)×18  (2,1)×45  (2,3)×45  (2,4)×45  (3,0)×17  (3,1)×52  (3,2)×52  (3,4)×52  (4,0)×15  (4,1)×44  (4,2)×44  (4,3)×44
[convergence_monitor-20]   Baseline: 0.4811   Rise: +0.3620 (min 0.03)   Stable: 0/3
[convergence_monitor-20]   Status: NOT YET
[convergence_monitor-20] ════════════════════════════════════════════════════
[robot_node-17] [WARN] [1785834396.381734608] [robot_2]: [Robot 2] /nsk/compress timeout — skipping cycle
[robot_node-17] [WARN] [1785834396.385229155] [robot_2]: [Robot 2] /nsk/merge timeout — skipping cycle
[robot_node-17] [INFO] [1785834396.402148924] [robot_2]: [Robot 2] Merged from Robot 4 dist=1.72m gate=0.500 z_norm=1.0000
[robot_node-17] [INFO] [1785834396.414396604] [robot_2]: [Robot 2] Merged from Robot 1 dist=1.06m gate=0.500 z_norm=1.0000
[robot_node-18] [INFO] [1785834399.388523618] [robot_3]: [Robot 3] Broadcast to 3 peer(s) retention=0.20 (min_sim=0.792)
[robot_node-17] [INFO] [1785834399.553301141] [robot_2]: [Robot 2] Broadcast to 3 peer(s) retention=0.20 (min_sim=0.748)
[robot_node-19] [INFO] [1785834400.047047363] [robot_4]: [Robot 4] Broadcast to 3 peer(s) retention=0.40 (min_sim=0.476)
[robot_node-19] [INFO] [1785834401.009229941] [robot_4]: [Robot 4] Merged from Robot 3 dist=1.06m gate=0.500 z_norm=1.0000
[robot_node-17] [INFO] [1785834401.573686114] [robot_2]: [Robot 2] Merged from Robot 3 dist=1.06m gate=0.500 z_norm=1.0000
[robot_node-18] [INFO] [1785834401.747441911] [robot_3]: [Robot 3] Merged from Robot 2 dist=1.06m gate=0.500 z_norm=1.0000
[robot_node-19] [INFO] [1785834401.971280999] [robot_4]: [Robot 4] Merged from Robot 2 dist=1.72m gate=0.500 z_norm=1.0000
[robot_node-17] [INFO] [1785834402.879636203] [robot_2]: [Robot 2] Merged from Robot 4 dist=1.72m gate=0.500 z_norm=1.0000
[robot_node-18] [INFO] [1785834403.799682303] [robot_3]: [Robot 3] Merged from Robot 4 dist=1.06m gate=0.500 z_norm=1.0000
[robot_node-16] [WARN] [1785834404.387291142] [robot_1]: [Robot 1] /nsk/compress timeout — skipping cycle
[robot_node-16] [INFO] [1785834404.391719029] [robot_1]: [Robot 1] → EXPLORE
[robot_node-16] [INFO] [1785834404.397880574] [robot_1]: [Robot 1] Merged from Robot 3 dist=1.71m gate=0.500 z_norm=1.0000
[robot_node-16] [INFO] [1785834404.407942499] [robot_1]: [Robot 1] Merged from Robot 2 dist=1.06m gate=0.500 z_norm=1.0000
[robot_node-16] [INFO] [1785834404.424290548] [robot_1]: [Robot 1] Merged from Robot 4 dist=1.71m gate=0.500 z_norm=1.0000
[robot_node-16] [INFO] [1785834405.112871468] [robot_1]: [Robot 1] → FLOCK (3 peers)
[convergence_monitor-20] [INFO] [1785834405.205016730] [convergence_monitor]: 
[convergence_monitor-20] ════════════════════════════════════════════════════
[convergence_monitor-20] [NSK Monitor  t=436s]  Mean pairwise sim: 0.8537
[convergence_monitor-20]   Δ from last:  +0.0107   Trend: ↑ converging
[convergence_monitor-20]   Active pairs: (0,1)×10  (0,2)×10  (0,3)×8  (0,4)×8  (1,0)×15  (1,2)×36  (1,3)×36  (1,4)×36  (2,0)×18  (2,1)×46  (2,3)×46  (2,4)×46  (3,0)×17  (3,1)×53  (3,2)×53  (3,4)×53  (4,0)×15  (4,1)×45  (4,2)×45  (4,3)×45
[convergence_monitor-20]   Baseline: 0.4811   Rise: +0.3726 (min 0.03)   Stable: 0/3
[convergence_monitor-20]   Status: NOT YET
[convergence_monitor-20] ════════════════════════════════════════════════════
[robot_node-18] [INFO] [1785834407.441953738] [robot_3]: [Robot 3] Broadcast to 3 peer(s) retention=0.20 (min_sim=0.871)
[robot_node-17] [INFO] [1785834407.606196815] [robot_2]: [Robot 2] Broadcast to 3 peer(s) retention=0.40 (min_sim=0.616)
[robot_node-16] [INFO] [1785834407.619651569] [robot_1]: [Robot 1] Broadcast to 3 peer(s) retention=0.40 (min_sim=0.598)
[robot_node-16] [INFO] [1785834407.876463456] [robot_1]: [Robot 1] Merged from Robot 3 dist=1.71m gate=0.500 z_norm=1.0000
[robot_node-17] [INFO] [1785834409.437837072] [robot_2]: [Robot 2] Merged from Robot 3 dist=1.06m gate=0.500 z_norm=1.0000
[robot_node-18] [INFO] [1785834409.727881276] [robot_3]: [Robot 3] Merged from Robot 2 dist=1.06m gate=0.500 z_norm=1.0000
[robot_node-17] [INFO] [1785834410.341972373] [robot_2]: [Robot 2] Merged from Robot 1 dist=1.06m gate=0.500 z_norm=1.0000
[robot_node-18] [INFO] [1785834410.585348475] [robot_3]: [Robot 3] Merged from Robot 1 dist=1.71m gate=0.500 z_norm=1.0000
[robot_node-16] [INFO] [1785834411.367593525] [robot_1]: [Robot 1] Merged from Robot 2 dist=1.06m gate=0.500 z_norm=1.0000
[robot_node-19] [WARN] [1785834412.453623519] [robot_4]: [Robot 4] /nsk/compress timeout — skipping cycle
[robot_node-19] [INFO] [1785834412.455021138] [robot_4]: [Robot 4] → EXPLORE
[robot_node-19] [WARN] [1785834412.477324245] [robot_4]: [Robot 4] /nsk/merge timeout — skipping cycle
[robot_node-19] [INFO] [1785834412.501543869] [robot_4]: [Robot 4] Merged from Robot 2 dist=1.72m gate=0.500 z_norm=1.0000
[robot_node-19] [INFO] [1785834412.517776510] [robot_4]: [Robot 4] Merged from Robot 1 dist=1.71m gate=0.500 z_norm=1.0000
[robot_node-19] [INFO] [1785834413.092855975] [robot_4]: [Robot 4] → FLOCK (3 peers)
[convergence_monitor-20] [INFO] [1785834415.616364009] [convergence_monitor]: 
[convergence_monitor-20] ════════════════════════════════════════════════════
[convergence_monitor-20] [NSK Monitor  t=446s]  Mean pairwise sim: 0.8488
[convergence_monitor-20]   Δ from last:  -0.0049   Trend: → stable
[convergence_monitor-20]   Active pairs: (0,1)×10  (0,2)×10  (0,3)×8  (0,4)×8  (1,0)×15  (1,2)×37  (1,3)×37  (1,4)×37  (2,0)×18  (2,1)×47  (2,3)×47  (2,4)×47  (3,0)×17  (3,1)×54  (3,2)×54  (3,4)×54  (4,0)×15  (4,1)×45  (4,2)×45  (4,3)×45
[convergence_monitor-20]   Baseline: 0.4811   Rise: +0.3678 (min 0.03)   Stable: 1/3
[convergence_monitor-20]   Status: NOT YET
[convergence_monitor-20] ════════════════════════════════════════════════════
[robot_node-18] [INFO] [1785834415.617202766] [robot_3]: [Robot 3] Broadcast to 3 peer(s) retention=0.20 (min_sim=0.791)
[robot_node-17] [INFO] [1785834415.733316272] [robot_2]: [Robot 2] Broadcast to 3 peer(s) retention=0.40 (min_sim=0.699)
[robot_node-16] [INFO] [1785834415.750763498] [robot_1]: [Robot 1] Broadcast to 3 peer(s) retention=0.40 (min_sim=0.673)
[robot_node-17] [INFO] [1785834417.069128600] [robot_2]: [Robot 2] Merged from Robot 3 dist=1.06m gate=0.500 z_norm=1.0000
[robot_node-16] [INFO] [1785834417.674721606] [robot_1]: [Robot 1] Merged from Robot 3 dist=1.71m gate=0.500 z_norm=1.0000
[robot_node-16] [INFO] [1785834417.901379214] [robot_1]: [Robot 1] Merged from Robot 2 dist=1.06m gate=0.500 z_norm=1.0000
[robot_node-17] [INFO] [1785834418.101071972] [robot_2]: [Robot 2] Merged from Robot 1 dist=1.06m gate=0.500 z_norm=1.0000
[robot_node-18] [INFO] [1785834418.921808584] [robot_3]: [Robot 3] Merged from Robot 1 dist=1.71m gate=0.500 z_norm=1.0000
[robot_node-18] [INFO] [1785834419.169082489] [robot_3]: [Robot 3] Merged from Robot 2 dist=1.06m gate=0.500 z_norm=1.0000
[robot_node-19] [WARN] [1785834420.612584018] [robot_4]: [Robot 4] /nsk/compress timeout — skipping cycle
[robot_node-19] [INFO] [1785834420.624593243] [robot_4]: [Robot 4] Merged from Robot 3 dist=1.06m gate=0.500 z_norm=1.0000
[robot_node-19] [INFO] [1785834420.663037135] [robot_4]: [Robot 4] Merged from Robot 2 dist=1.72m gate=0.500 z_norm=1.0000
[robot_node-19] [INFO] [1785834420.664562317] [robot_4]: [Robot 4] Merged from Robot 1 dist=1.71m gate=0.500 z_norm=1.0000
[robot_node-18] [INFO] [1785834423.861567102] [robot_3]: [Robot 3] Broadcast to 3 peer(s) retention=0.20 (min_sim=0.736)
[robot_node-19] [INFO] [1785834424.387330942] [robot_4]: [Robot 4] Broadcast to 3 peer(s) retention=0.20 (min_sim=0.738)
[robot_node-17] [INFO] [1785834424.516778289] [robot_2]: [Robot 2] Broadcast to 3 peer(s) retention=0.20 (min_sim=0.753)
[robot_node-17] [INFO] [1785834425.268509447] [robot_2]: [Robot 2] Merged from Robot 3 dist=1.06m gate=0.500 z_norm=1.0000
[convergence_monitor-20] [INFO] [1785834425.972771848] [convergence_monitor]: 
[convergence_monitor-20] ════════════════════════════════════════════════════
[convergence_monitor-20] [NSK Monitor  t=456s]  Mean pairwise sim: 0.8029
[convergence_monitor-20]   Δ from last:  -0.0459   Trend: ↓ diverging
[convergence_monitor-20]   Active pairs: (0,1)×10  (0,2)×10  (0,3)×8  (0,4)×8  (1,0)×15  (1,2)×38  (1,3)×38  (1,4)×38  (2,0)×18  (2,1)×49  (2,3)×49  (2,4)×49  (3,0)×17  (3,1)×56  (3,2)×56  (3,4)×56  (4,0)×15  (4,1)×46  (4,2)×46  (4,3)×46
[convergence_monitor-20]   Baseline: 0.4811   Rise: +0.3219 (min 0.03)   Stable: 0/3
[convergence_monitor-20]   Status: NOT YET
[convergence_monitor-20] ════════════════════════════════════════════════════
[robot_node-19] [INFO] [1785834426.381263706] [robot_4]: [Robot 4] Merged from Robot 3 dist=1.06m gate=0.500 z_norm=1.0000
[robot_node-18] [INFO] [1785834427.018180741] [robot_3]: [Robot 3] Merged from Robot 4 dist=1.06m gate=0.500 z_norm=1.0000
[robot_node-17] [INFO] [1785834427.691737253] [robot_2]: [Robot 2] Merged from Robot 4 dist=1.72m gate=0.500 z_norm=1.0000
[robot_node-18] [INFO] [1785834428.750466285] [robot_3]: [Robot 3] Merged from Robot 2 dist=1.06m gate=0.500 z_norm=1.0000
[robot_node-16] [WARN] [1785834428.836417115] [robot_1]: [Robot 1] /nsk/compress timeout — skipping cycle
[robot_node-16] [INFO] [1785834428.837750865] [robot_1]: [Robot 1] → EXPLORE
[robot_node-16] [WARN] [1785834428.884475231] [robot_1]: [Robot 1] /nsk/merge timeout — skipping cycle
[robot_node-16] [INFO] [1785834428.892564196] [robot_1]: [Robot 1] Merged from Robot 4 dist=1.71m gate=0.500 z_norm=1.0000
[robot_node-16] [INFO] [1785834428.933384664] [robot_1]: [Robot 1] Merged from Robot 2 dist=1.06m gate=0.500 z_norm=1.0000
[robot_node-16] [INFO] [1785834429.120079032] [robot_1]: [Robot 1] → FLOCK (3 peers)
[robot_node-19] [INFO] [1785834429.270050902] [robot_4]: [Robot 4] Merged from Robot 2 dist=1.72m gate=0.500 z_norm=1.0000
[robot_node-18] [INFO] [1785834431.559416460] [robot_3]: [Robot 3] Broadcast to 3 peer(s) retention=0.40 (min_sim=0.677)
[robot_node-19] [INFO] [1785834432.383431725] [robot_4]: [Robot 4] Broadcast to 3 peer(s) retention=0.40 (min_sim=0.617)
[robot_node-17] [INFO] [1785834432.543975195] [robot_2]: [Robot 2] Broadcast to 3 peer(s) retention=0.40 (min_sim=0.617)
[robot_node-19] [INFO] [1785834433.096868082] [robot_4]: [Robot 4] Merged from Robot 3 dist=1.06m gate=0.500 z_norm=1.0000
[robot_node-17] [INFO] [1785834433.710470703] [robot_2]: [Robot 2] Merged from Robot 3 dist=1.06m gate=0.500 z_norm=1.0000
[robot_node-17] [INFO] [1785834434.271100896] [robot_2]: [Robot 2] Merged from Robot 4 dist=1.72m gate=0.500 z_norm=1.0000
[robot_node-18] [INFO] [1785834434.530963958] [robot_3]: [Robot 3] Merged from Robot 4 dist=1.06m gate=0.500 z_norm=1.0000
[robot_node-18] [INFO] [1785834435.330327137] [robot_3]: [Robot 3] Merged from Robot 2 dist=1.06m gate=0.500 z_norm=1.0000
[convergence_monitor-20] [INFO] [1785834435.645902660] [convergence_monitor]: 
[convergence_monitor-20] ════════════════════════��═══════════════════════════
[convergence_monitor-20] [NSK Monitor  t=466s]  Mean pairwise sim: 0.8508
[convergence_monitor-20]   Δ from last:  +0.0479   Trend: ↑ converging
[convergence_monitor-20]   Active pairs: (0,1)×10  (0,2)×10  (0,3)×8  (0,4)×8  (1,0)×15  (1,2)×38  (1,3)×38  (1,4)×38  (2,0)×18  (2,1)×50  (2,3)×50  (2,4)×50  (3,0)×17  (3,1)×57  (3,2)×57  (3,4)×57  (4,0)×15  (4,1)×47  (4,2)×47  (4,3)×47
[convergence_monitor-20]   Baseline: 0.4811   Rise: +0.3697 (min 0.03)   Stable: 0/3
[convergence_monitor-20]   Status: NOT YET
[convergence_monitor-20] ════════════════════════════════════════════════════
[robot_node-19] [INFO] [1785834435.845634145] [robot_4]: [Robot 4] Merged from Robot 2 dist=1.72m gate=0.500 z_norm=1.0000
[robot_node-16] [WARN] [1785834436.545986202] [robot_1]: [Robot 1] /nsk/compress timeout — skipping cycle
[robot_node-16] [INFO] [1785834436.555798653] [robot_1]: [Robot 1] Merged from Robot 3 dist=1.71m gate=0.500 z_norm=1.0000
[robot_node-16] [INFO] [1785834436.571249724] [robot_1]: [Robot 1] Merged from Robot 4 dist=1.71m gate=0.500 z_norm=1.0000
[robot_node-16] [INFO] [1785834436.580738074] [robot_1]: [Robot 1] Merged from Robot 2 dist=1.06m gate=0.500 z_norm=1.0000
[robot_node-18] [INFO] [1785834439.379448240] [robot_3]: [Robot 3] Broadcast to 3 peer(s) retention=0.40 (min_sim=0.629)
[robot_node-19] [INFO] [1785834439.952680834] [robot_4]: [Robot 4] Broadcast to 3 peer(s) retention=0.40 (min_sim=0.509)
[robot_node-17] [INFO] [1785834440.125365698] [robot_2]: [Robot 2] Broadcast to 3 peer(s) retention=0.40 (min_sim=0.509)
[robot_node-19] [INFO] [1785834440.696538644] [robot_4]: [Robot 4] Merged from Robot 3 dist=1.06m gate=0.500 z_norm=1.0000
[robot_node-17] [INFO] [1785834441.300125698] [robot_2]: [Robot 2] Merged from Robot 3 dist=1.06m gate=0.500 z_norm=1.0000
[robot_node-17] [INFO] [1785834442.407896691] [robot_2]: [Robot 2] Merged from Robot 4 dist=1.72m gate=0.500 z_norm=1.0000
[robot_node-18] [INFO] [1785834442.959521876] [robot_3]: [Robot 3] Merged from Robot 4 dist=1.06m gate=0.500 z_norm=1.0000
[robot_node-19] [INFO] [1785834443.436647088] [robot_4]: [Robot 4] Merged from Robot 2 dist=1.72m gate=0.500 z_norm=1.0000
[robot_node-18] [INFO] [1785834443.638034847] [robot_3]: [Robot 3] Merged from Robot 2 dist=1.06m gate=0.500 z_norm=1.0000
[robot_node-16] [WARN] [1785834444.381964397] [robot_1]: [Robot 1] /nsk/compress timeout — skipping cycle
[robot_node-16] [WARN] [1785834444.397262635] [robot_1]: [Robot 1] /nsk/merge timeout — skipping cycle
[robot_node-16] [INFO] [1785834444.408219378] [robot_1]: [Robot 1] Merged from Robot 4 dist=1.71m gate=0.500 z_norm=1.0000
[robot_node-16] [INFO] [1785834444.425394280] [robot_1]: [Robot 1] Merged from Robot 2 dist=1.06m gate=0.500 z_norm=1.0000
[convergence_monitor-20] [INFO] [1785834445.217546576] [convergence_monitor]: 
[convergence_monitor-20] ════════════════════════════════════════════════════
[convergence_monitor-20] [NSK Monitor  t=476s]  Mean pairwise sim: 0.8166
[convergence_monitor-20]   Δ from last:  -0.0342   Trend: ↓ diverging
[convergence_monitor-20]   Active pairs: (0,1)×10  (0,2)×10  (0,3)×8  (0,4)×8  (1,0)×15  (1,2)×38  (1,3)×38  (1,4)×38  (2,0)×18  (2,1)×51  (2,3)×51  (2,4)×51  (3,0)×17  (3,1)×58  (3,2)×58  (3,4)×58  (4,0)×15  (4,1)×48  (4,2)×48  (4,3)×48
[convergence_monitor-20]   Baseline: 0.4811   Rise: +0.3355 (min 0.03)   Stable: 0/3
[convergence_monitor-20]   Status: NOT YET
[convergence_monitor-20] ════════════════════════════════════════════════════
[robot_node-18] [INFO] [1785834447.331239662] [robot_3]: [Robot 3] Broadcast to 3 peer(s) retention=0.40 (min_sim=0.601)
[robot_node-19] [INFO] [1785834447.630777722] [robot_4]: [Robot 4] Broadcast to 3 peer(s) retention=0.40 (min_sim=0.440)
[robot_node-17] [INFO] [1785834448.091379222] [robot_2]: [Robot 2] Broadcast to 3 peer(s) retention=0.40 (min_sim=0.440)
[robot_node-19] [INFO] [1785834448.771967152] [robot_4]: [Robot 4] Merged from Robot 3 dist=1.06m gate=0.500 z_norm=1.0000
[robot_node-17] [INFO] [1785834449.392783781] [robot_2]: [Robot 2] Merged from Robot 3 dist=1.06m gate=0.500 z_norm=1.0000
[robot_node-18] [INFO] [1785834450.577095136] [robot_3]: [Robot 3] Merged from Robot 4 dist=1.06m gate=0.500 z_norm=1.0000
[robot_node-17] [INFO] [1785834450.809240438] [robot_2]: [Robot 2] Merged from Robot 4 dist=1.72m gate=0.500 z_norm=1.0000
[robot_node-18] [INFO] [1785834451.029526204] [robot_3]: [Robot 3] Merged from Robot 2 dist=1.06m gate=0.500 z_norm=1.0000
[robot_node-19] [INFO] [1785834451.304876859] [robot_4]: [Robot 4] Merged from Robot 2 dist=1.72m gate=0.500 z_norm=1.0000
[robot_node-16] [WARN] [1785834452.312639154] [robot_1]: [Robot 1] /nsk/compress timeout — skipping cycle
[robot_node-16] [INFO] [1785834452.326563640] [robot_1]: [Robot 1] Merged from Robot 3 dist=1.71m gate=0.500 z_norm=1.0000
[robot_node-16] [INFO] [1785834452.335623755] [robot_1]: [Robot 1] Merged from Robot 4 dist=1.71m gate=0.500 z_norm=1.0000
[robot_node-16] [INFO] [1785834452.342586994] [robot_1]: [Robot 1] Merged from Robot 2 dist=1.06m gate=0.500 z_norm=1.0000
[convergence_monitor-20] [INFO] [1785834455.344747023] [convergence_monitor]: 
[convergence_monitor-20] ════════════════════════════════════════════════════
[convergence_monitor-20] [NSK Monitor  t=486s]  Mean pairwise sim: 0.8100
[convergence_monitor-20]   Δ from last:  -0.0066   Trend: ↓ diverging
[convergence_monitor-20]   Active pairs: (0,1)×10  (0,2)×10  (0,3)×8  (0,4)×8  (1,0)×15  (1,2)×38  (1,3)×38  (1,4)×38  (2,0)×18  (2,1)×52  (2,3)×52  (2,4)×52  (3,0)×17  (3,1)×59  (3,2)×59  (3,4)×59  (4,0)×15  (4,1)×49  (4,2)×49  (4,3)×49
[convergence_monitor-20]   Baseline: 0.4811   Rise: +0.3289 (min 0.03)   Stable: 0/3
[convergence_monitor-20]   Status: NOT YET
[convergence_monitor-20] ════════════════════════════════════════════════════
[robot_node-18] [INFO] [1785834455.351728013] [robot_3]: [Robot 3] Broadcast to 3 peer(s) retention=0.40 (min_sim=0.587)
[robot_node-17] [INFO] [1785834455.520244012] [robot_2]: [Robot 2] Broadcast to 3 peer(s) retention=0.65 (min_sim=0.398)
[robot_node-19] [INFO] [1785834455.866037625] [robot_4]: [Robot 4] Broadcast to 3 peer(s) retention=0.65 (min_sim=0.398)
[robot_node-17] [INFO] [1785834456.339928351] [robot_2]: [Robot 2] Merged from Robot 3 dist=1.06m gate=0.500 z_norm=1.0000
[robot_node-19] [INFO] [1785834457.056171721] [robot_4]: [Robot 4] Merged from Robot 3 dist=1.06m gate=0.500 z_norm=1.0000
[robot_node-18] [INFO] [1785834458.239374656] [robot_3]: [Robot 3] Merged from Robot 2 dist=1.06m gate=0.500 z_norm=1.0000
[robot_node-19] [INFO] [1785834459.340337012] [robot_4]: [Robot 4] Merged from Robot 2 dist=1.72m gate=0.500 z_norm=1.0000
[robot_node-18] [INFO] [1785834460.307040811] [robot_3]: [Robot 3] Merged from Robot 4 dist=1.06m gate=0.500 z_norm=1.0000
[robot_node-16] [WARN] [1785834460.376760694] [robot_1]: [Robot 1] /nsk/compress timeout — skipping cycle
[robot_node-16] [WARN] [1785834460.378303001] [robot_1]: [Robot 1] /nsk/merge timeout — skipping cycle
[robot_node-16] [INFO] [1785834460.431938637] [robot_1]: [Robot 1] Merged from Robot 2 dist=1.06m gate=0.500 z_norm=1.0000
[robot_node-16] [INFO] [1785834460.464614720] [robot_1]: [Robot 1] Merged from Robot 4 dist=1.71m gate=0.500 z_norm=1.0000
[robot_node-17] [INFO] [1785834460.805590776] [robot_2]: [Robot 2] Merged from Robot 4 dist=1.72m gate=0.500 z_norm=1.0000
[robot_node-18] [INFO] [1785834463.571934086] [robot_3]: [Robot 3] Broadcast to 3 peer(s) retention=0.40 (min_sim=0.634)
[robot_node-19] [INFO] [1785834463.899173804] [robot_4]: [Robot 4] Broadcast to 3 peer(s) retention=0.65 (min_sim=0.374)
[robot_node-17] [INFO] [1785834464.051877076] [robot_2]: [Robot 2] Broadcast to 3 peer(s) retention=0.65 (min_sim=0.374)
[robot_node-17] [INFO] [1785834464.398519670] [robot_2]: [Robot 2] Merged from Robot 3 dist=1.06m gate=0.500 z_norm=1.0000
[robot_node-19] [INFO] [1785834465.244337565] [robot_4]: [Robot 4] Merged from Robot 3 dist=1.06m gate=0.500 z_norm=1.0000
[convergence_monitor-20] [INFO] [1785834466.107443052] [convergence_monitor]: 
[convergence_monitor-20] ════════════════════════════════════════════════════
[convergence_monitor-20] [NSK Monitor  t=496s]  Mean pairwise sim: 0.8370
[convergence_monitor-20]   Δ from last:  +0.0271   Trend: ↑ converging
[convergence_monitor-20]   Active pairs: (0,1)×10  (0,2)×10  (0,3)×8  (0,4)×8  (1,0)×15  (1,2)×38  (1,3)×38  (1,4)×38  (2,0)×18  (2,1)×54  (2,3)×54  (2,4)×54  (3,0)×17  (3,1)×61  (3,2)×61  (3,4)×61  (4,0)×15  (4,1)×51  (4,2)×51  (4,3)×51
[convergence_monitor-20]   Baseline: 0.4811   Rise: +0.3559 (min 0.03)   Stable: 0/3
[convergence_monitor-20]   Status: NOT YET
[convergence_monitor-20] ════════════════════════════════════════════════════
[robot_node-18] [INFO] [1785834467.702893433] [robot_3]: [Robot 3] Merged from Robot 4 dist=1.06m gate=0.500 z_norm=1.0000
[robot_node-17] [INFO] [1785834468.154367909] [robot_2]: [Robot 2] Merged from Robot 4 dist=1.72m gate=0.500 z_norm=1.0000
[robot_node-16] [WARN] [1785834468.572607667] [robot_1]: [Robot 1] /nsk/compress timeout — skipping cycle
[robot_node-16] [WARN] [1785834468.601360737] [robot_1]: [Robot 1] /nsk/merge timeout — skipping cycle
[robot_node-16] [INFO] [1785834468.626953917] [robot_1]: [Robot 1] Merged from Robot 4 dist=1.71m gate=0.500 z_norm=1.0000
[robot_node-18] [INFO] [1785834468.857988782] [robot_3]: [Robot 3] Merged from Robot 2 dist=1.06m gate=0.500 z_norm=1.0000
[robot_node-16] [WARN] [1785834469.074764064] [robot_1]: [Robot 1] /nsk/merge timeout — skipping cycle
[robot_node-19] [WARN] [1785834469.075467071] [robot_4]: [Robot 4] /nsk/merge timeout — skipping cycle
[robot_node-18] [INFO] [1785834471.731494704] [robot_3]: [Robot 3] Broadcast to 3 peer(s) retention=0.40 (min_sim=0.613)
[robot_node-17] [INFO] [1785834471.947936511] [robot_2]: [Robot 2] Broadcast to 3 peer(s) retention=0.65 (min_sim=0.360)
[robot_node-19] [INFO] [1785834472.385271803] [robot_4]: [Robot 4] Broadcast to 3 peer(s) retention=0.65 (min_sim=0.360)
[robot_node-17] [INFO] [1785834472.747772421] [robot_2]: [Robot 2] Merged from Robot 3 dist=1.06m gate=0.500 z_norm=1.0000
[robot_node-19] [INFO] [1785834473.611059623] [robot_4]: [Robot 4] Merged from Robot 3 dist=1.06m gate=0.500 z_norm=1.0000
[robot_node-18] [INFO] [1785834473.993374197] [robot_3]: [Robot 3] Merged from Robot 2 dist=1.06m gate=0.500 z_norm=1.0000
[robot_node-19] [INFO] [1785834475.453173327] [robot_4]: [Robot 4] Merged from Robot 2 dist=1.72m gate=0.500 z_norm=1.0000
[robot_node-18] [INFO] [1785834476.126762809] [robot_3]: [Robot 3] Merged from Robot 4 dist=1.06m gate=0.500 z_norm=1.0000
[convergence_monitor-20] [INFO] [1785834476.126855271] [convergence_monitor]: 
[convergence_monitor-20] ════════════════════════════════════════════════════
[convergence_monitor-20] [NSK Monitor  t=507s]  Mean pairwise sim: 0.8109
[convergence_monitor-20]   Δ from last:  -0.0262   Trend: ↓ diverging
[convergence_monitor-20]   Active pairs: (0,1)×10  (0,2)×10  (0,3)×8  (0,4)×8  (1,0)×15  (1,2)×38  (1,3)×38  (1,4)×38  (2,0)×18  (2,1)×55  (2,3)×55  (2,4)×55  (3,0)×17  (3,1)×62  (3,2)×62  (3,4)×62  (4,0)×15  (4,1)×52  (4,2)×52  (4,3)×52
[convergence_monitor-20]   Baseline: 0.4811   Rise: +0.3298 (min 0.03)   Stable: 0/3
[convergence_monitor-20]   Status: NOT YET
[convergence_monitor-20] ════════════════════════════════════════════════════
[robot_node-16] [WARN] [1785834476.751422066] [robot_1]: [Robot 1] /nsk/compress timeout — skipping cycle
[robot_node-16] [WARN] [1785834476.760955989] [robot_1]: [Robot 1] /nsk/merge timeout — skipping cycle
[robot_node-16] [INFO] [1785834476.811890411] [robot_1]: [Robot 1] Merged from Robot 2 dist=1.06m gate=0.500 z_norm=1.0000
[robot_node-16] [INFO] [1785834477.033458821] [robot_1]: [Robot 1] Merged from Robot 4 dist=1.71m gate=0.500 z_norm=1.0000
[robot_node-17] [WARN] [1785834477.402698355] [robot_2]: [Robot 2] /nsk/merge timeout — skipping cycle
[robot_node-18] [INFO] [1785834479.344373914] [robot_3]: [Robot 3] Broadcast to 3 peer(s) retention=0.40 (min_sim=0.654)
[robot_node-19] [INFO] [1785834479.906376872] [robot_4]: [Robot 4] Broadcast to 3 peer(s) retention=0.65 (min_sim=0.353)
[robot_node-17] [INFO] [1785834480.147200853] [robot_2]: [Robot 2] Broadcast to 3 peer(s) retention=0.65 (min_sim=0.353)
[robot_node-17] [INFO] [1785834480.921759729] [robot_2]: [Robot 2] Merged from Robot 3 dist=1.06m gate=0.500 z_norm=1.0000
[robot_node-19] [INFO] [1785834481.417615551] [robot_4]: [Robot 4] Merged from Robot 3 dist=1.06m gate=0.500 z_norm=1.0000
[robot_node-17] [INFO] [1785834482.338053605] [robot_2]: [Robot 2] Merged from Robot 4 dist=1.72m gate=0.500 z_norm=1.0000
[robot_node-18] [INFO] [1785834482.828827175] [robot_3]: [Robot 3] Merged from Robot 4 dist=1.06m gate=0.500 z_norm=1.0000
[robot_node-18] [INFO] [1785834483.980233935] [robot_3]: [Robot 3] Merged from Robot 2 dist=1.06m gate=0.500 z_norm=1.0000
[robot_node-16] [WARN] [1785834484.334921069] [robot_1]: [Robot 1] /nsk/compress timeout — skipping cycle
[robot_node-16] [WARN] [1785834484.369243709] [robot_1]: [Robot 1] /nsk/merge timeout — skipping cycle
[robot_node-16] [INFO] [1785834484.433027817] [robot_1]: [Robot 1] Merged from Robot 4 dist=1.71m gate=0.500 z_norm=1.0000
[robot_node-16] [INFO] [1785834484.435990631] [robot_1]: [Robot 1] Merged from Robot 2 dist=1.06m gate=0.500 z_norm=1.0000
[robot_node-19] [INFO] [1785834484.682145683] [robot_4]: [Robot 4] Merged from Robot 2 dist=1.72m gate=0.500 z_norm=1.0000
[convergence_monitor-20] [INFO] [1785834485.211904881] [convergence_monitor]: 
[convergence_monitor-20] ════════════════════════════════════════════════════
[convergence_monitor-20] [NSK Monitor  t=516s]  Mean pairwise sim: 0.8076
[convergence_monitor-20]   Δ from last:  -0.0032   Trend: → stable
[convergence_monitor-20]   Active pairs: (0,1)×10  (0,2)×10  (0,3)×8  (0,4)×8  (1,0)×15  (1,2)×38  (1,3)×38  (1,4)×38  (2,0)×18  (2,1)×56  (2,3)×56  (2,4)×56  (3,0)×17  (3,1)×63  (3,2)×63  (3,4)×63  (4,0)×15  (4,1)×53  (4,2)×53  (4,3)×53
[convergence_monitor-20]   Baseline: 0.4811   Rise: +0.3266 (min 0.03)   Stable: 1/3
[convergence_monitor-20]   Status: NOT YET
[convergence_monitor-20] ════════════════════════════════════════════════════
[robot_node-18] [INFO] [1785834487.330101285] [robot_3]: [Robot 3] Broadcast to 3 peer(s) retention=0.40 (min_sim=0.629)
[robot_node-17] [INFO] [1785834487.496059033] [robot_2]: [Robot 2] Broadcast to 3 peer(s) retention=0.65 (min_sim=0.349)
[robot_node-19] [INFO] [1785834488.072102293] [robot_4]: [Robot 4] Broadcast to 3 peer(s) retention=0.65 (min_sim=0.349)
[robot_node-17] [INFO] [1785834488.304787247] [robot_2]: [Robot 2] Merged from Robot 3 dist=1.06m gate=0.500 z_norm=1.0000
[robot_node-19] [INFO] [1785834488.807327604] [robot_4]: [Robot 4] Merged from Robot 3 dist=1.06m gate=0.500 z_norm=1.0000
[robot_node-18] [INFO] [1785834489.350522343] [robot_3]: [Robot 3] Merged from Robot 2 dist=1.06m gate=0.500 z_norm=1.0000
[robot_node-19] [INFO] [1785834490.410232606] [robot_4]: [Robot 4] Merged from Robot 2 dist=1.72m gate=0.500 z_norm=1.0000
[robot_node-17] [INFO] [1785834490.881763469] [robot_2]: [Robot 2] Merged from Robot 4 dist=1.72m gate=0.500 z_norm=1.0000
[robot_node-18] [INFO] [1785834491.134496740] [robot_3]: [Robot 3] Merged from Robot 4 dist=1.06m gate=0.500 z_norm=1.0000
[robot_node-16] [WARN] [1785834492.323379850] [robot_1]: [Robot 1] /nsk/compress timeout — skipping cycle
[robot_node-16] [INFO] [1785834492.333627164] [robot_1]: [Robot 1] Merged from Robot 3 dist=1.71m gate=0.500 z_norm=1.0000
[robot_node-16] [INFO] [1785834492.341515111] [robot_1]: [Robot 1] Merged from Robot 2 dist=1.06m gate=0.500 z_norm=1.0000
[robot_node-16] [INFO] [1785834492.358458384] [robot_1]: [Robot 1] Merged from Robot 4 dist=1.71m gate=0.500 z_norm=1.0000
[convergence_monitor-20] [INFO] [1785834495.376488223] [convergence_monitor]: 
[convergence_monitor-20] ════════════════════════════════════════════════════
[convergence_monitor-20] [NSK Monitor  t=526s]  Mean pairwise sim: 0.8104
[convergence_monitor-20]   Δ from last:  +0.0027   Trend: → stable
[convergence_monitor-20]   Active pairs: (0,1)×10  (0,2)×10  (0,3)×8  (0,4)×8  (1,0)×15  (1,2)×38  (1,3)×38  (1,4)×38  (2,0)×18  (2,1)×57  (2,3)×57  (2,4)×57  (3,0)×17  (3,1)×64  (3,2)×64  (3,4)×64  (4,0)×15  (4,1)×54  (4,2)×54  (4,3)×54
[convergence_monitor-20]   Baseline: 0.4811   Rise: +0.3293 (min 0.03)   Stable: 2/3
[convergence_monitor-20]   Status: NOT YET
[convergence_monitor-20] ════════════════════════════════════════════════════
[robot_node-18] [INFO] [1785834495.388652587] [robot_3]: [Robot 3] Broadcast to 3 peer(s) retention=0.40 (min_sim=0.664)
[robot_node-17] [INFO] [1785834495.598219952] [robot_2]: [Robot 2] Broadcast to 3 peer(s) retention=0.65 (min_sim=0.347)
[robot_node-19] [INFO] [1785834496.201253815] [robot_4]: [Robot 4] Broadcast to 3 peer(s) retention=0.65 (min_sim=0.347)
[robot_node-19] [INFO] [1785834496.928098367] [robot_4]: [Robot 4] Merged from Robot 3 dist=1.06m gate=0.500 z_norm=1.0000
[robot_node-17] [INFO] [1785834497.959445305] [robot_2]: [Robot 2] Merged from Robot 3 dist=1.06m gate=0.500 z_norm=1.0000
[robot_node-19] [INFO] [1785834498.949085481] [robot_4]: [Robot 4] Merged from Robot 2 dist=1.72m gate=0.500 z_norm=1.0000
[robot_node-18] [INFO] [1785834499.403151564] [robot_3]: [Robot 3] Merged from Robot 2 dist=1.06m gate=0.500 z_norm=1.0000
[robot_node-17] [INFO] [1785834499.702065183] [robot_2]: [Robot 2] Merged from Robot 4 dist=1.72m gate=0.500 z_norm=1.0000
[robot_node-18] [INFO] [1785834499.960968103] [robot_3]: [Robot 3] Merged from Robot 4 dist=1.06m gate=0.500 z_norm=1.0000
[robot_node-16] [WARN] [1785834500.423557284] [robot_1]: [Robot 1] /nsk/compress timeout — skipping cycle
[robot_node-16] [WARN] [1785834500.427922909] [robot_1]: [Robot 1] /nsk/merge timeout — skipping cycle
[robot_node-16] [INFO] [1785834500.438315932] [robot_1]: [Robot 1] Merged from Robot 2 dist=1.06m gate=0.500 z_norm=1.0000
[robot_node-16] [INFO] [1785834500.443015687] [robot_1]: [Robot 1] Merged from Robot 4 dist=1.71m gate=0.500 z_norm=1.0000
[robot_node-18] [INFO] [1785834503.344564764] [robot_3]: [Robot 3] Broadcast to 3 peer(s) retention=0.40 (min_sim=0.688)
[robot_node-17] [INFO] [1785834503.529933376] [robot_2]: [Robot 2] Broadcast to 3 peer(s) retention=0.65 (min_sim=0.347)
[robot_node-16] [INFO] [1785834503.577012663] [robot_1]: [Robot 1] Broadcast to 3 peer(s) retention=0.20 (min_sim=0.792)
[robot_node-17] [INFO] [1785834505.921729721] [robot_2]: [Robot 2] Merged from Robot 3 dist=1.06m gate=0.500 z_norm=1.0000
[robot_node-16] [INFO] [1785834506.437522470] [robot_1]: [Robot 1] Merged from Robot 3 dist=1.71m gate=0.500 z_norm=1.0000
[convergence_monitor-20] [INFO] [1785834506.439299644] [convergence_monitor]: 
[convergence_monitor-20] ════════════════════════════════════════════════════
[convergence_monitor-20] [NSK Monitor  t=537s]  Mean pairwise sim: 0.8412
[convergence_monitor-20]   Δ from last:  +0.0308   Trend: ↑ converging
[convergence_monitor-20]   Active pairs: (0,1)×10  (0,2)×10  (0,3)×8  (0,4)×8  (1,0)×15  (1,2)×39  (1,3)×39  (1,4)×39  (2,0)×18  (2,1)×59  (2,3)×59  (2,4)×59  (3,0)×17  (3,1)×66  (3,2)×66  (3,4)×66  (4,0)×15  (4,1)×55  (4,2)×55  (4,3)×55
[convergence_monitor-20]   Baseline: 0.4811   Rise: +0.3601 (min 0.03)   Stable: 0/3
[convergence_monitor-20]   Status: NOT YET
[convergence_monitor-20] ════════════════════════════════════════════════════
[robot_node-16] [INFO] [1785834507.447648572] [robot_1]: [Robot 1] Merged from Robot 2 dist=1.06m gate=0.500 z_norm=1.0000
[robot_node-18] [INFO] [1785834507.882458136] [robot_3]: [Robot 3] Merged from Robot 2 dist=1.06m gate=0.500 z_norm=1.0000
[robot_node-19] [WARN] [1785834508.326479214] [robot_4]: [Robot 4] /nsk/compress timeout — skipping cycle
[robot_node-19] [INFO] [1785834508.355339280] [robot_4]: [Robot 4] → EXPLORE
[robot_node-19] [INFO] [1785834508.365308864] [robot_4]: [Robot 4] Merged from Robot 3 dist=1.06m gate=0.500 z_norm=1.0000
[robot_node-19] [INFO] [1785834508.382345164] [robot_4]: [Robot 4] Merged from Robot 2 dist=1.72m gate=0.500 z_norm=1.0000
[robot_node-19] [INFO] [1785834508.403186679] [robot_4]: [Robot 4] Merged from Robot 1 dist=1.71m gate=0.500 z_norm=1.0000
[robot_node-17] [INFO] [1785834508.500351901] [robot_2]: [Robot 2] Merged from Robot 1 dist=1.06m gate=0.500 z_norm=1.0000
[robot_node-18] [WARN] [1785834508.607244847] [robot_3]: [Robot 3] /nsk/merge timeout — skipping cycle
[robot_node-19] [INFO] [1785834509.093758208] [robot_4]: [Robot 4] → FLOCK (3 peers)
[robot_node-18] [INFO] [1785834511.339063084] [robot_3]: [Robot 3] Broadcast to 3 peer(s) retention=0.40 (min_sim=0.616)
[robot_node-16] [INFO] [1785834511.475848397] [robot_1]: [Robot 1] Broadcast to 3 peer(s) retention=0.20 (min_sim=0.814)
[robot_node-17] [INFO] [1785834511.501512176] [robot_2]: [Robot 2] Broadcast to 3 peer(s) retention=0.40 (min_sim=0.493)
[robot_node-17] [INFO] [1785834511.971558188] [robot_2]: [Robot 2] Merged from Robot 3 dist=1.06m gate=0.500 z_norm=1.0000
[robot_node-16] [INFO] [1785834513.178194873] [robot_1]: [Robot 1] Merged from Robot 3 dist=1.71m gate=0.500 z_norm=1.0000
[robot_node-18] [INFO] [1785834513.754101717] [robot_3]: [Robot 3] Merged from Robot 1 dist=1.71m gate=0.500 z_norm=1.0000
[robot_node-17] [INFO] [1785834514.182857564] [robot_2]: [Robot 2] Merged from Robot 1 dist=1.06m gate=0.500 z_norm=1.0000
[robot_node-16] [INFO] [1785834514.959130942] [robot_1]: [Robot 1] Merged from Robot 2 dist=1.06m gate=0.500 z_norm=1.0000
[robot_node-18] [INFO] [1785834515.211950668] [robot_3]: [Robot 3] Merged from Robot 2 dist=1.06m gate=0.500 z_norm=1.0000
[convergence_monitor-20] [INFO] [1785834515.227128919] [convergence_monitor]: 
[convergence_monitor-20] ════════════════════════════════════════════════════
[convergence_monitor-20] [NSK Monitor  t=546s]  Mean pairwise sim: 0.8164
[convergence_monitor-20]   Δ from last:  -0.0248   Trend: ↓ diverging
[convergence_monitor-20]   Active pairs: (0,1)×10  (0,2)×10  (0,3)×8  (0,4)×8  (1,0)×15  (1,2)×40  (1,3)×40  (1,4)×40  (2,0)×18  (2,1)×60  (2,3)×60  (2,4)×60  (3,0)×17  (3,1)×67  (3,2)×67  (3,4)×67  (4,0)×15  (4,1)×55  (4,2)×55  (4,3)×55
[convergence_monitor-20]   Baseline: 0.4811   Rise: +0.3353 (min 0.03)   Stable: 0/3
[convergence_monitor-20]   Status: NOT YET
[convergence_monitor-20] ════════════════════════════════════════════════════
[robot_node-19] [WARN] [1785834516.380651929] [robot_4]: [Robot 4] /nsk/merge timeout — skipping cycle
[robot_node-19] [WARN] [1785834516.390358609] [robot_4]: [Robot 4] /nsk/compress timeout — skipping cycle
[robot_node-19] [INFO] [1785834516.420066887] [robot_4]: [Robot 4] Merged from Robot 1 dist=1.71m gate=0.500 z_norm=1.0000
[robot_node-19] [INFO] [1785834516.423470934] [robot_4]: [Robot 4] Merged from Robot 2 dist=1.72m gate=0.500 z_norm=1.0000
[robot_node-18] [INFO] [1785834519.369301622] [robot_3]: [Robot 3] Broadcast to 3 peer(s) retention=0.40 (min_sim=0.599)
[robot_node-17] [INFO] [1785834519.564650447] [robot_2]: [Robot 2] Broadcast to 3 peer(s) retention=0.40 (min_sim=0.599)
[robot_node-19] [INFO] [1785834519.816013826] [robot_4]: [Robot 4] Broadcast to 3 peer(s) retention=0.40 (min_sim=0.618)
[robot_node-19] [INFO] [1785834520.195581057] [robot_4]: [Robot 4] Merged from Robot 3 dist=1.06m gate=0.500 z_norm=1.0000
[robot_node-17] [INFO] [1785834520.850882079] [robot_2]: [Robot 2] Merged from Robot 3 dist=1.06m gate=0.500 z_norm=1.0000
[robot_node-18] [INFO] [1785834521.191421305] [robot_3]: [Robot 3] Merged from Robot 2 dist=1.06m gate=0.500 z_norm=1.0000
[robot_node-19] [INFO] [1785834521.641655653] [robot_4]: [Robot 4] Merged from Robot 2 dist=1.72m gate=0.500 z_norm=1.0000
[robot_node-17] [INFO] [1785834522.468442246] [robot_2]: [Robot 2] Merged from Robot 4 dist=1.72m gate=0.500 z_norm=1.0000
[robot_node-18] [INFO] [1785834522.810447640] [robot_3]: [Robot 3] Merged from Robot 4 dist=1.06m gate=0.500 z_norm=1.0000
[robot_node-16] [WARN] [1785834524.359379218] [robot_1]: [Robot 1] /nsk/compress timeout — skipping cycle
[robot_node-16] [INFO] [1785834524.364781289] [robot_1]: [Robot 1] → EXPLORE
[robot_node-16] [INFO] [1785834524.376070772] [robot_1]: [Robot 1] Merged from Robot 3 dist=1.71m gate=0.500 z_norm=1.0000
[robot_node-16] [INFO] [1785834524.407316277] [robot_1]: [Robot 1] Merged from Robot 2 dist=1.06m gate=0.500 z_norm=1.0000
[robot_node-16] [INFO] [1785834524.420446810] [robot_1]: [Robot 1] Merged from Robot 4 dist=1.71m gate=0.500 z_norm=1.0000
[robot_node-16] [INFO] [1785834525.113161994] [robot_1]: [Robot 1] → FLOCK (3 peers)
[convergence_monitor-20] [INFO] [1785834525.213323381] [convergence_monitor]: 
[convergence_monitor-20] ════════════════════════════════════════════════════
[convergence_monitor-20] [NSK Monitor  t=556s]  Mean pairwise sim: 0.8210
[convergence_monitor-20]   Δ from last:  +0.0046   Trend: → stable
[convergence_monitor-20]   Active pairs: (0,1)×10  (0,2)×10  (0,3)×8  (0,4)×8  (1,0)×15  (1,2)×40  (1,3)×40  (1,4)×40  (2,0)×18  (2,1)×61  (2,3)×61  (2,4)×61  (3,0)×17  (3,1)×68  (3,2)×68  (3,4)×68  (4,0)×15  (4,1)×56  (4,2)×56  (4,3)×56
[convergence_monitor-20]   Baseline: 0.4811   Rise: +0.3399 (min 0.03)   Stable: 1/3
[convergence_monitor-20]   Status: NOT YET
[convergence_monitor-20] ════════════════════════════════════════════════════
[robot_node-18] [INFO] [1785834527.627240251] [robot_3]: [Robot 3] Broadcast to 3 peer(s) retention=0.40 (min_sim=0.624)
[robot_node-16] [INFO] [1785834527.810362651] [robot_1]: [Robot 1] Broadcast to 3 peer(s) retention=0.20 (min_sim=0.796)
[robot_node-17] [INFO] [1785834527.823268995] [robot_2]: [Robot 2] Broadcast to 3 peer(s) retention=0.40 (min_sim=0.507)
[robot_node-17] [INFO] [1785834528.169473120] [robot_2]: [Robot 2] Merged from Robot 3 dist=1.06m gate=0.500 z_norm=1.0000
[robot_node-16] [INFO] [1785834529.548794849] [robot_1]: [Robot 1] Merged from Robot 3 dist=1.71m gate=0.500 z_norm=1.0000
[robot_node-18] [INFO] [1785834530.197836759] [robot_3]: [Robot 3] Merged from Robot 1 dist=1.71m gate=0.500 z_norm=1.0000
[robot_node-18] [INFO] [1785834530.370678709] [robot_3]: [Robot 3] Merged from Robot 2 dist=1.06m gate=0.500 z_norm=1.0000
[robot_node-17] [INFO] [1785834530.432609822] [robot_2]: [Robot 2] Merged from Robot 1 dist=1.06m gate=0.500 z_norm=1.0000
[robot_node-16] [INFO] [1785834530.706437289] [robot_1]: [Robot 1] Merged from Robot 2 dist=1.06m gate=0.500 z_norm=1.0000
[robot_node-19] [WARN] [1785834532.625760001] [robot_4]: [Robot 4] /nsk/compress timeout — skipping cycle
[robot_node-19] [WARN] [1785834532.627151183] [robot_4]: [Robot 4] /nsk/merge timeout — skipping cycle
[robot_node-19] [INFO] [1785834532.649586383] [robot_4]: [Robot 4] → EXPLORE
[robot_node-19] [INFO] [1785834532.654633034] [robot_4]: [Robot 4] Merged from Robot 1 dist=1.71m gate=0.500 z_norm=1.0000
[robot_node-19] [INFO] [1785834532.669520480] [robot_4]: [Robot 4] Merged from Robot 2 dist=1.72m gate=0.500 z_norm=1.0000
[robot_node-19] [INFO] [1785834533.092636638] [robot_4]: [Robot 4] → FLOCK (3 peers)
[robot_node-18] [INFO] [1785834535.578081025] [robot_3]: [Robot 3] Broadcast to 3 peer(s) retention=0.40 (min_sim=0.609)
[convergence_monitor-20] [INFO] [1785834535.588328421] [convergence_monitor]: 
[convergence_monitor-20] ════════════════════════════════════════════════════
[convergence_monitor-20] [NSK Monitor  t=566s]  Mean pairwise sim: 0.8155
[convergence_monitor-20]   Δ from last:  -0.0055   Trend: ↓ diverging
[convergence_monitor-20]   Active pairs: (0,1)×10  (0,2)×10  (0,3)×8  (0,4)×8  (1,0)×15  (1,2)×41  (1,3)×41  (1,4)×41  (2,0)×18  (2,1)×62  (2,3)×62  (2,4)×62  (3,0)×17  (3,1)×70  (3,2)×70  (3,4)×70  (4,0)×15  (4,1)×56  (4,2)×56  (4,3)×56
[convergence_monitor-20]   Baseline: 0.4811   Rise: +0.3344 (min 0.03)   Stable: 0/3
[convergence_monitor-20]   Status: NOT YET
[convergence_monitor-20] ════════════════════════════════════════════════════
[robot_node-17] [INFO] [1785834535.770842578] [robot_2]: [Robot 2] Broadcast to 3 peer(s) retention=0.40 (min_sim=0.609)
[robot_node-16] [INFO] [1785834535.780672272] [robot_1]: [Robot 1] Broadcast to 3 peer(s) retention=0.20 (min_sim=0.814)
[robot_node-17] [INFO] [1785834536.525466357] [robot_2]: [Robot 2] Merged from Robot 3 dist=1.06m gate=0.500 z_norm=1.0000
[robot_node-16] [INFO] [1785834537.553826045] [robot_1]: [Robot 1] Merged from Robot 3 dist=1.71m gate=0.500 z_norm=1.0000
[robot_node-18] [INFO] [1785834538.522742711] [robot_3]: [Robot 3] Merged from Robot 2 dist=1.06m gate=0.500 z_norm=1.0000
[robot_node-16] [INFO] [1785834538.905112147] [robot_1]: [Robot 1] Merged from Robot 2 dist=1.06m gate=0.500 z_norm=1.0000
[robot_node-17] [INFO] [1785834539.117658448] [robot_2]: [Robot 2] Merged from Robot 1 dist=1.06m gate=0.500 z_norm=1.0000
[robot_node-18] [INFO] [1785834539.591648919] [robot_3]: [Robot 3] Merged from Robot 1 dist=1.71m gate=0.500 z_norm=1.0000
[robot_node-19] [WARN] [1785834540.574056460] [robot_4]: [Robot 4] /nsk/compress timeout — skipping cycle
[robot_node-19] [INFO] [1785834540.589237256] [robot_4]: [Robot 4] Merged from Robot 3 dist=1.06m gate=0.500 z_norm=1.0000
[robot_node-19] [INFO] [1785834540.590484091] [robot_4]: [Robot 4] Merged from Robot 2 dist=1.72m gate=0.500 z_norm=1.0000
[robot_node-19] [INFO] [1785834540.600328472] [robot_4]: [Robot 4] Merged from Robot 1 dist=1.71m gate=0.500 z_norm=1.0000
[robot_node-18] [INFO] [1785834543.244123201] [robot_3]: [Robot 3] Broadcast to 3 peer(s) retention=0.40 (min_sim=0.629)
[robot_node-17] [INFO] [1785834543.724327919] [robot_2]: [Robot 2] Broadcast to 3 peer(s) retention=0.40 (min_sim=0.629)
[robot_node-19] [INFO] [1785834544.026009522] [robot_4]: [Robot 4] Broadcast to 3 peer(s) retention=0.20 (min_sim=0.727)
[robot_node-19] [INFO] [1785834544.630149159] [robot_4]: [Robot 4] Merged from Robot 3 dist=1.06m gate=0.500 z_norm=1.0000
[robot_node-17] [INFO] [1785834545.158417865] [robot_2]: [Robot 2] Merged from Robot 3 dist=1.06m gate=0.500 z_norm=1.0000
[convergence_monitor-20] [INFO] [1785834545.526196792] [convergence_monitor]: 
[convergence_monitor-20] ════════════════════════════════════════════════════
[convergence_monitor-20] [NSK Monitor  t=576s]  Mean pairwise sim: 0.8189
[convergence_monitor-20]   Δ from last:  +0.0034   Trend: → stable
[convergence_monitor-20]   Active pairs: (0,1)×10  (0,2)×10  (0,3)×8  (0,4)×8  (1,0)×15  (1,2)×42  (1,3)×42  (1,4)×42  (2,0)×18  (2,1)×64  (2,3)×64  (2,4)×64  (3,0)×17  (3,1)×71  (3,2)×71  (3,4)×71  (4,0)×15  (4,1)×57  (4,2)×57  (4,3)×57
[convergence_monitor-20]   Baseline: 0.4811   Rise: +0.3378 (min 0.03)   Stable: 1/3
[convergence_monitor-20]   Status: NOT YET
[convergence_monitor-20] ════════════════════════════════════════════════════
[robot_node-19] [INFO] [1785834545.768542719] [robot_4]: [Robot 4] Merged from Robot 2 dist=1.72m gate=0.500 z_norm=1.0000
[robot_node-18] [INFO] [1785834546.056465996] [robot_3]: [Robot 3] Merged from Robot 2 dist=1.06m gate=0.500 z_norm=1.0000
[robot_node-17] [INFO] [1785834546.282125328] [robot_2]: [Robot 2] Merged from Robot 4 dist=1.72m gate=0.500 z_norm=1.0000
[robot_node-18] [INFO] [1785834547.178725005] [robot_3]: [Robot 3] Merged from Robot 4 dist=1.06m gate=0.500 z_norm=1.0000
[robot_node-16] [WARN] [1785834548.276190849] [robot_1]: [Robot 1] /nsk/compress timeout — skipping cycle
[robot_node-16] [INFO] [1785834548.277563513] [robot_1]: [Robot 1] → EXPLORE
[robot_node-16] [WARN] [1785834548.279168135] [robot_1]: [Robot 1] /nsk/merge timeout — skipping cycle
[robot_node-16] [INFO] [1785834548.287982562] [robot_1]: [Robot 1] Merged from Robot 2 dist=1.06m gate=0.500 z_norm=1.0000
[robot_node-16] [INFO] [1785834548.297159420] [robot_1]: [Robot 1] Merged from Robot 4 dist=1.71m gate=0.500 z_norm=1.0000
[robot_node-16] [INFO] [1785834549.112002583] [robot_1]: [Robot 1] → FLOCK (3 peers)
[robot_node-18] [INFO] [1785834551.320179421] [robot_3]: [Robot 3] Broadcast to 3 peer(s) retention=0.40 (min_sim=0.634)
[robot_node-17] [INFO] [1785834551.475718093] [robot_2]: [Robot 2] Broadcast to 3 peer(s) retention=0.40 (min_sim=0.584)
[robot_node-16] [INFO] [1785834551.496295605] [robot_1]: [Robot 1] Broadcast to 3 peer(s) retention=0.20 (min_sim=0.801)
[robot_node-17] [INFO] [1785834551.796593346] [robot_2]: [Robot 2] Merged from Robot 3 dist=1.06m gate=0.500 z_norm=1.0000
[robot_node-16] [INFO] [1785834553.208407623] [robot_1]: [Robot 1] Merged from Robot 3 dist=1.71m gate=0.500 z_norm=1.0000
[robot_node-18] [INFO] [1785834554.133041503] [robot_3]: [Robot 3] Merged from Robot 2 dist=1.06m gate=0.500 z_norm=1.0000
[robot_node-18] [INFO] [1785834554.554005126] [robot_3]: [Robot 3] Merged from Robot 1 dist=1.71m gate=0.500 z_norm=1.0000
[robot_node-16] [INFO] [1785834554.555895782] [robot_1]: [Robot 1] Merged from Robot 2 dist=1.06m gate=0.500 z_norm=1.0000
[robot_node-17] [INFO] [1785834554.743282167] [robot_2]: [Robot 2] Merged from Robot 1 dist=1.06m gate=0.500 z_norm=1.0000
[convergence_monitor-20] [INFO] [1785834555.230962276] [convergence_monitor]: 
[convergence_monitor-20] ════════════════════════��═══════════════════════════
[convergence_monitor-20] [NSK Monitor  t=586s]  Mean pairwise sim: 0.8157
[convergence_monitor-20]   Δ from last:  -0.0032   Trend: → stable
[convergence_monitor-20]   Active pairs: (0,1)×10  (0,2)×10  (0,3)×8  (0,4)×8  (1,0)×15  (1,2)×43  (1,3)×43  (1,4)×43  (2,0)×18  (2,1)×65  (2,3)×65  (2,4)×65  (3,0)×17  (3,1)×72  (3,2)×72  (3,4)×72  (4,0)×15  (4,1)×57  (4,2)×57  (4,3)×57
[convergence_monitor-20]   Baseline: 0.4811   Rise: +0.3346 (min 0.03)   Stable: 2/3
[convergence_monitor-20]   Status: NOT YET
[convergence_monitor-20] ════════════════════════════════════════════════════
[robot_node-19] [WARN] [1785834556.347500430] [robot_4]: [Robot 4] /nsk/compress timeout — skipping cycle
[robot_node-19] [WARN] [1785834556.350406752] [robot_4]: [Robot 4] /nsk/merge timeout — skipping cycle
[robot_node-19] [INFO] [1785834556.355639821] [robot_4]: [Robot 4] → EXPLORE
[robot_node-19] [INFO] [1785834556.374288924] [robot_4]: [Robot 4] Merged from Robot 2 dist=1.72m gate=0.500 z_norm=1.0000
[robot_node-19] [INFO] [1785834556.401847016] [robot_4]: [Robot 4] Merged from Robot 1 dist=1.71m gate=0.500 z_norm=1.0000
[robot_node-19] [INFO] [1785834557.102171437] [robot_4]: [Robot 4] → FLOCK (3 peers)
[robot_node-18] [INFO] [1785834559.377856893] [robot_3]: [Robot 3] Broadcast to 3 peer(s) retention=0.40 (min_sim=0.635)
[robot_node-16] [INFO] [1785834559.429132995] [robot_1]: [Robot 1] Broadcast to 3 peer(s) retention=0.20 (min_sim=0.791)
[robot_node-17] [INFO] [1785834559.586235171] [robot_2]: [Robot 2] Broadcast to 3 peer(s) retention=0.40 (min_sim=0.635)
[robot_node-17] [INFO] [1785834559.922101268] [robot_2]: [Robot 2] Merged from Robot 3 dist=1.06m gate=0.500 z_norm=1.0000
[robot_node-16] [INFO] [1785834561.578998505] [robot_1]: [Robot 1] Merged from Robot 3 dist=1.71m gate=0.500 z_norm=1.0000
[robot_node-18] [INFO] [1785834562.181903492] [robot_3]: [Robot 3] Merged from Robot 1 dist=1.71m gate=0.500 z_norm=1.0000
[robot_node-17] [INFO] [1785834562.531409676] [robot_2]: [Robot 2] Merged from Robot 1 dist=1.06m gate=0.500 z_norm=1.0000
[robot_node-18] [INFO] [1785834562.732184424] [robot_3]: [Robot 3] Merged from Robot 2 dist=1.06m gate=0.500 z_norm=1.0000
[robot_node-16] [INFO] [1785834562.896664606] [robot_1]: [Robot 1] Merged from Robot 2 dist=1.06m gate=0.500 z_norm=1.0000
[robot_node-19] [WARN] [1785834564.368604312] [robot_4]: [Robot 4] /nsk/compress timeout — skipping cycle
[robot_node-19] [INFO] [1785834564.378186667] [robot_4]: [Robot 4] Merged from Robot 3 dist=1.06m gate=0.500 z_norm=1.0000
[robot_node-19] [INFO] [1785834564.393442788] [robot_4]: [Robot 4] Merged from Robot 1 dist=1.71m gate=0.500 z_norm=1.0000
[robot_node-19] [INFO] [1785834564.410568191] [robot_4]: [Robot 4] Merged from Robot 2 dist=1.72m gate=0.500 z_norm=1.0000
[convergence_monitor-20] [INFO] [1785834565.218973286] [convergence_monitor]: 
[convergence_monitor-20] ════════════════════════════════════════════════════
[convergence_monitor-20] [NSK Monitor  t=596s]  Mean pairwise sim: 0.8079
[convergence_monitor-20]   Δ from last:  -0.0079   Trend: ↓ diverging
[convergence_monitor-20]   Active pairs: (0,1)×10  (0,2)×10  (0,3)×8  (0,4)×8  (1,0)×15  (1,2)×44  (1,3)×44  (1,4)×44  (2,0)×18  (2,1)×66  (2,3)×66  (2,4)×66  (3,0)×17  (3,1)×73  (3,2)×73  (3,4)×73  (4,0)×15  (4,1)×57  (4,2)×57  (4,3)×57
[convergence_monitor-20]   Baseline: 0.4811   Rise: +0.3268 (min 0.03)   Stable: 0/3
[convergence_monitor-20]   Status: NOT YET
[convergence_monitor-20] ════════════════════════════════════════════════════
[robot_node-18] [INFO] [1785834567.327290348] [robot_3]: [Robot 3] Broadcast to 3 peer(s) retention=0.40 (min_sim=0.650)
[robot_node-16] [INFO] [1785834567.379824978] [robot_1]: [Robot 1] Broadcast to 3 peer(s) retention=0.20 (min_sim=0.765)
[robot_node-17] [INFO] [1785834567.590984237] [robot_2]: [Robot 2] Broadcast to 3 peer(s) retention=0.40 (min_sim=0.650)
[robot_node-17] [INFO] [1785834567.764577009] [robot_2]: [Robot 2] Merged from Robot 3 dist=1.06m gate=0.500 z_norm=1.0000
[robot_node-16] [INFO] [1785834568.604520020] [robot_1]: [Robot 1] Merged from Robot 3 dist=1.71m gate=0.500 z_norm=1.0000
[robot_node-18] [INFO] [1785834569.397526449] [robot_3]: [Robot 3] Merged from Robot 1 dist=1.71m gate=0.500 z_norm=1.0000
[robot_node-17] [INFO] [1785834569.564294691] [robot_2]: [Robot 2] Merged from Robot 1 dist=1.06m gate=0.500 z_norm=1.0000
[robot_node-18] [INFO] [1785834569.931289048] [robot_3]: [Robot 3] Merged from Robot 2 dist=1.06m gate=0.500 z_norm=1.0000
[robot_node-16] [INFO] [1785834570.392212877] [robot_1]: [Robot 1] Merged from Robot 2 dist=1.06m gate=0.500 z_norm=1.0000
[robot_node-19] [WARN] [1785834572.345499826] [robot_4]: [Robot 4] /nsk/merge timeout — skipping cycle
[robot_node-19] [WARN] [1785834572.347024223] [robot_4]: [Robot 4] /nsk/compress timeout — skipping cycle
[robot_node-19] [INFO] [1785834572.353744161] [robot_4]: [Robot 4] Merged from Robot 1 dist=1.71m gate=0.500 z_norm=1.0000
[robot_node-19] [INFO] [1785834572.359286537] [robot_4]: [Robot 4] Merged from Robot 2 dist=1.72m gate=0.500 z_norm=1.0000
[robot_node-18] [INFO] [1785834575.703153720] [robot_3]: [Robot 3] Broadcast to 3 peer(s) retention=0.40 (min_sim=0.671)
[convergence_monitor-20] [INFO] [1785834575.721213905] [convergence_monitor]: 
[convergence_monitor-20] ════════════════════════════════════════════════════
[convergence_monitor-20] [NSK Monitor  t=606s]  Mean pairwise sim: 0.8025
[convergence_monitor-20]   Δ from last:  -0.0054   Trend: ↓ diverging
[convergence_monitor-20]   Active pairs: (0,1)×10  (0,2)×10  (0,3)×8  (0,4)×8  (1,0)×15  (1,2)×45  (1,3)×45  (1,4)×45  (2,0)×18  (2,1)×67  (2,3)×67  (2,4)×67  (3,0)×17  (3,1)×74  (3,2)×74  (3,4)×74  (4,0)×15  (4,1)×57  (4,2)×57  (4,3)×57
[convergence_monitor-20]   Baseline: 0.4811   Rise: +0.3214 (min 0.03)   Stable: 0/3
[convergence_monitor-20]   Status: NOT YET
[convergence_monitor-20] ════════════════════════════════════════════════════
[robot_node-16] [INFO] [1785834575.721432317] [robot_1]: [Robot 1] Broadcast to 3 peer(s) retention=0.20 (min_sim=0.756)
[robot_node-19] [INFO] [1785834576.048759402] [robot_4]: [Robot 4] Broadcast to 3 peer(s) retention=0.20 (min_sim=0.813)
[robot_node-16] [INFO] [1785834577.269323864] [robot_1]: [Robot 1] Merged from Robot 3 dist=1.71m gate=0.500 z_norm=1.0000
[robot_node-19] [INFO] [1785834577.918945939] [robot_4]: [Robot 4] Merged from Robot 3 dist=1.06m gate=0.500 z_norm=1.0000
[robot_node-19] [INFO] [1785834578.587652042] [robot_4]: [Robot 4] Merged from Robot 1 dist=1.71m gate=0.500 z_norm=1.0000
[robot_node-18] [INFO] [1785834578.954962352] [robot_3]: [Robot 3] Merged from Robot 1 dist=1.71m gate=0.500 z_norm=1.0000
[robot_node-18] [INFO] [1785834579.674927945] [robot_3]: [Robot 3] Merged from Robot 4 dist=1.06m gate=0.500 z_norm=1.0000
[robot_node-16] [INFO] [1785834580.268623379] [robot_1]: [Robot 1] Merged from Robot 4 dist=1.71m gate=0.500 z_norm=1.0000
[robot_node-17] [WARN] [1785834580.687556934] [robot_2]: [Robot 2] /nsk/compress timeout — skipping cycle
[robot_node-17] [INFO] [1785834580.689074523] [robot_2]: [Robot 2] → EXPLORE
[robot_node-17] [INFO] [1785834580.719195393] [robot_2]: [Robot 2] Merged from Robot 3 dist=1.06m gate=0.500 z_norm=1.0000
[robot_node-17] [WARN] [1785834580.728199456] [robot_2]: [Robot 2] /nsk/merge timeout — skipping cycle
[robot_node-17] [INFO] [1785834580.842590301] [robot_2]: [Robot 2] Merged from Robot 4 dist=1.72m gate=0.500 z_norm=1.0000
[robot_node-17] [INFO] [1785834581.052267277] [robot_2]: [Robot 2] → FLOCK (3 peers)
[robot_node-18] [INFO] [1785834583.835603220] [robot_3]: [Robot 3] Broadcast to 3 peer(s) retention=0.20 (min_sim=0.724)
[robot_node-16] [INFO] [1785834583.852963267] [robot_1]: [Robot 1] Broadcast to 3 peer(s) retention=0.20 (min_sim=0.716)
[robot_node-17] [INFO] [1785834584.106722015] [robot_2]: [Robot 2] Broadcast to 3 peer(s) retention=0.20 (min_sim=0.783)
[robot_node-16] [INFO] [1785834585.322738881] [robot_1]: [Robot 1] Merged from Robot 3 dist=1.71m gate=0.500 z_norm=1.0000
[robot_node-17] [INFO] [1785834585.750837674] [robot_2]: [Robot 2] Merged from Robot 3 dist=1.06m gate=0.500 z_norm=1.0000
[convergence_monitor-20] [INFO] [1785834585.752910727] [convergence_monitor]: 
[convergence_monitor-20] ════════════════════════════════════════════════════
[convergence_monitor-20] [NSK Monitor  t=616s]  Mean pairwise sim: 0.8060
[convergence_monitor-20]   Δ from last:  +0.0035   Trend: → stable
[convergence_monitor-20]   Active pairs: (0,1)×10  (0,2)×10  (0,3)×8  (0,4)×8  (1,0)×15  (1,2)×47  (1,3)×47  (1,4)×47  (2,0)×18  (2,1)×68  (2,3)×68  (2,4)×68  (3,0)×17  (3,1)×76  (3,2)×76  (3,4)×76  (4,0)×15  (4,1)×58  (4,2)×58  (4,3)×58
[convergence_monitor-20]   Baseline: 0.4811   Rise: +0.3249 (min 0.03)   Stable: 1/3
[convergence_monitor-20]   Status: NOT YET
[convergence_monitor-20] ════════════════════════════════════════════════════
[robot_node-17] [INFO] [1785834586.113466974] [robot_2]: [Robot 2] Merged from Robot 1 dist=1.06m gate=0.500 z_norm=1.0000
[robot_node-18] [INFO] [1785834586.316491544] [robot_3]: [Robot 3] Merged from Robot 1 dist=1.71m gate=0.500 z_norm=1.0000
[robot_node-18] [INFO] [1785834587.392140869] [robot_3]: [Robot 3] Merged from Robot 2 dist=1.06m gate=0.500 z_norm=1.0000
[robot_node-16] [INFO] [1785834587.701711819] [robot_1]: [Robot 1] Merged from Robot 2 dist=1.06m gate=0.500 z_norm=1.0000
[robot_node-19] [WARN] [1785834588.836836205] [robot_4]: [Robot 4] /nsk/compress timeout — skipping cycle
[robot_node-19] [INFO] [1785834588.841963370] [robot_4]: [Robot 4] → EXPLORE
[robot_node-19] [WARN] [1785834588.876548219] [robot_4]: [Robot 4] /nsk/merge timeout — skipping cycle
[robot_node-19] [WARN] [1785834588.876794592] [robot_4]: [Robot 4] /nsk/merge timeout — skipping cycle
[robot_node-19] [INFO] [1785834588.907541731] [robot_4]: [Robot 4] Merged from Robot 2 dist=1.72m gate=0.500 z_norm=1.0000
[robot_node-19] [INFO] [1785834589.093499957] [robot_4]: [Robot 4] → FLOCK (3 peers)
[robot_node-18] [INFO] [1785834591.575863571] [robot_3]: [Robot 3] Broadcast to 3 peer(s) retention=0.20 (min_sim=0.703)
[robot_node-16] [INFO] [1785834591.601704380] [robot_1]: [Robot 1] Broadcast to 3 peer(s) retention=0.20 (min_sim=0.703)
[robot_node-17] [INFO] [1785834591.766496849] [robot_2]: [Robot 2] Broadcast to 3 peer(s) retention=0.20 (min_sim=0.753)
[robot_node-17] [INFO] [1785834592.471554228] [robot_2]: [Robot 2] Merged from Robot 3 dist=1.06m gate=0.500 z_norm=1.0000
[robot_node-18] [INFO] [1785834592.752634660] [robot_3]: [Robot 3] Merged from Robot 1 dist=1.71m gate=0.500 z_norm=1.0000
[robot_node-16] [INFO] [1785834593.300543104] [robot_1]: [Robot 1] Merged from Robot 3 dist=1.71m gate=0.500 z_norm=1.0000
[robot_node-17] [INFO] [1785834594.312349980] [robot_2]: [Robot 2] Merged from Robot 1 dist=1.06m gate=0.500 z_norm=1.0000
[robot_node-16] [INFO] [1785834594.754431867] [robot_1]: [Robot 1] Merged from Robot 2 dist=1.06m gate=0.500 z_norm=1.0000
[robot_node-18] [INFO] [1785834594.967195365] [robot_3]: [Robot 3] Merged from Robot 2 dist=1.06m gate=0.500 z_norm=1.0000
[convergence_monitor-20] [INFO] [1785834595.443627052] [convergence_monitor]: 
[convergence_monitor-20] ════════════════════════════════════════════════════
[convergence_monitor-20] [NSK Monitor  t=626s]  Mean pairwise sim: 0.8150
[convergence_monitor-20]   Δ from last:  +0.0090   Trend: ↑ converging
[convergence_monitor-20]   Active pairs: (0,1)×10  (0,2)×10  (0,3)×8  (0,4)×8  (1,0)×15  (1,2)×48  (1,3)×48  (1,4)×48  (2,0)×18  (2,1)×69  (2,3)×69  (2,4)×69  (3,0)×17  (3,1)×77  (3,2)×77  (3,4)×77  (4,0)×15  (4,1)×58  (4,2)×58  (4,3)×58
[convergence_monitor-20]   Baseline: 0.4811   Rise: +0.3339 (min 0.03)   Stable: 0/3
[convergence_monitor-20]   Status: NOT YET
[convergence_monitor-20] ════════════════════════════════════════════════════
[robot_node-19] [WARN] [1785834596.566550355] [robot_4]: [Robot 4] /nsk/compress timeout — skipping cycle
[robot_node-19] [INFO] [1785834596.603788520] [robot_4]: [Robot 4] Merged from Robot 1 dist=1.71m gate=0.500 z_norm=1.0000
[robot_node-19] [INFO] [1785834596.605346864] [robot_4]: [Robot 4] Merged from Robot 3 dist=1.06m gate=0.500 z_norm=1.0000
[robot_node-19] [INFO] [1785834596.618543685] [robot_4]: [Robot 4] Merged from Robot 2 dist=1.72m gate=0.500 z_norm=1.0000
[robot_node-18] [INFO] [1785834599.392022699] [robot_3]: [Robot 3] Broadcast to 3 peer(s) retention=0.20 (min_sim=0.703)
[robot_node-19] [INFO] [1785834599.880829679] [robot_4]: [Robot 4] Broadcast to 3 peer(s) retention=0.20 (min_sim=0.837)
[robot_node-17] [INFO] [1785834600.074929697] [robot_2]: [Robot 2] Broadcast to 3 peer(s) retention=0.20 (min_sim=0.740)
[robot_node-19] [INFO] [1785834600.303668315] [robot_4]: [Robot 4] Merged from Robot 3 dist=1.06m gate=0.500 z_norm=1.0000
[robot_node-17] [INFO] [1785834600.813277165] [robot_2]: [Robot 2] Merged from Robot 3 dist=1.06m gate=0.500 z_norm=1.0000
[robot_node-18] [INFO] [1785834601.647059758] [robot_3]: [Robot 3] Merged from Robot 4 dist=1.06m gate=0.500 z_norm=1.0000
[robot_node-17] [INFO] [1785834602.206556964] [robot_2]: [Robot 2] Merged from Robot 4 dist=1.72m gate=0.500 z_norm=1.0000
[robot_node-18] [INFO] [1785834603.147734900] [robot_3]: [Robot 3] Merged from Robot 2 dist=1.06m gate=0.500 z_norm=1.0000
[robot_node-19] [INFO] [1785834603.376580097] [robot_4]: [Robot 4] Merged from Robot 2 dist=1.72m gate=0.500 z_norm=1.0000
[robot_node-16] [WARN] [1785834604.387342323] [robot_1]: [Robot 1] /nsk/compress timeout — skipping cycle
[robot_node-16] [INFO] [1785834604.389943266] [robot_1]: [Robot 1] → EXPLORE
[robot_node-16] [INFO] [1785834604.399373102] [robot_1]: [Robot 1] Merged from Robot 3 dist=1.71m gate=0.500 z_norm=1.0000
[robot_node-16] [INFO] [1785834604.401783276] [robot_1]: [Robot 1] Merged from Robot 4 dist=1.71m gate=0.500 z_norm=1.0000
[robot_node-16] [INFO] [1785834604.409326187] [robot_1]: [Robot 1] Merged from Robot 2 dist=1.06m gate=0.500 z_norm=1.0000
[robot_node-16] [INFO] [1785834605.114888667] [robot_1]: [Robot 1] → FLOCK (3 peers)
[convergence_monitor-20] [INFO] [1785834605.218479234] [convergence_monitor]: 
[convergence_monitor-20] ════════════════════════════════════════════════════
[convergence_monitor-20] [NSK Monitor  t=636s]  Mean pairwise sim: 0.8307
[convergence_monitor-20]   Δ from last:  +0.0157   Trend: ↑ converging
[convergence_monitor-20]   Active pairs: (0,1)×10  (0,2)×10  (0,3)×8  (0,4)×8  (1,0)×15  (1,2)×48  (1,3)×48  (1,4)×48  (2,0)×18  (2,1)×70  (2,3)×70  (2,4)×70  (3,0)×17  (3,1)×78  (3,2)×78  (3,4)×78  (4,0)×15  (4,1)×59  (4,2)×59  (4,3)×59
[convergence_monitor-20]   Baseline: 0.4811   Rise: +0.3496 (min 0.03)   Stable: 0/3
[convergence_monitor-20]   Status: NOT YET
[convergence_monitor-20] ════════════════════════════════════════════════════
[robot_node-18] [INFO] [1785834607.316703440] [robot_3]: [Robot 3] Broadcast to 3 peer(s) retention=0.40 (min_sim=0.656)
[robot_node-17] [INFO] [1785834607.494336926] [robot_2]: [Robot 2] Broadcast to 3 peer(s) retention=0.40 (min_sim=0.656)
[robot_node-16] [INFO] [1785834607.524372852] [robot_1]: [Robot 1] Broadcast to 3 peer(s) retention=0.20 (min_sim=0.797)
[robot_node-17] [INFO] [1785834608.064962614] [robot_2]: [Robot 2] Merged from Robot 3 dist=1.06m gate=0.500 z_norm=1.0000
[robot_node-16] [INFO] [1785834609.227138433] [robot_1]: [Robot 1] Merged from Robot 3 dist=1.71m gate=0.500 z_norm=1.0000
[robot_node-18] [INFO] [1785834609.852395940] [robot_3]: [Robot 3] Merged from Robot 2 dist=1.06m gate=0.500 z_norm=1.0000
[robot_node-16] [INFO] [1785834610.200889268] [robot_1]: [Robot 1] Merged from Robot 2 dist=1.06m gate=0.500 z_norm=1.0000
[robot_node-17] [INFO] [1785834610.653318382] [robot_2]: [Robot 2] Merged from Robot 1 dist=1.06m gate=0.500 z_norm=1.0000
[robot_node-18] [INFO] [1785834610.818546945] [robot_3]: [Robot 3] Merged from Robot 1 dist=1.71m gate=0.500 z_norm=1.0000
[robot_node-19] [WARN] [1785834612.331632638] [robot_4]: [Robot 4] /nsk/compress timeout — skipping cycle
[robot_node-19] [WARN] [1785834612.337963003] [robot_4]: [Robot 4] /nsk/merge timeout — skipping cycle
[robot_node-19] [INFO] [1785834612.339901512] [robot_4]: [Robot 4] → EXPLORE
[robot_node-19] [INFO] [1785834612.344772067] [robot_4]: [Robot 4] Merged from Robot 2 dist=1.72m gate=0.500 z_norm=1.0000
[robot_node-19] [INFO] [1785834612.353557717] [robot_4]: [Robot 4] Merged from Robot 1 dist=1.71m gate=0.500 z_norm=1.0000
[robot_node-19] [INFO] [1785834613.094414102] [robot_4]: [Robot 4] → FLOCK (3 peers)
[convergence_monitor-20] [INFO] [1785834615.320981967] [convergence_monitor]: 
[convergence_monitor-20] ════════════════════════════════════════════════════
[convergence_monitor-20] [NSK Monitor  t=646s]  Mean pairwise sim: 0.8180
[convergence_monitor-20]   Δ from last:  -0.0126   Trend: ↓ diverging
[convergence_monitor-20]   Active pairs: (0,1)×10  (0,2)×10  (0,3)×8  (0,4)×8  (1,0)×15  (1,2)×49  (1,3)×49  (1,4)×49  (2,0)×18  (2,1)×71  (2,3)×71  (2,4)×71  (3,0)×17  (3,1)×79  (3,2)×79  (3,4)×79  (4,0)×15  (4,1)×59  (4,2)×59  (4,3)×59
[convergence_monitor-20]   Baseline: 0.4811   Rise: +0.3369 (min 0.03)   Stable: 0/3
[convergence_monitor-20]   Status: NOT YET
[convergence_monitor-20] ════════════════════════════════════════════════════
[robot_node-18] [INFO] [1785834615.334677623] [robot_3]: [Robot 3] Broadcast to 3 peer(s) retention=0.40 (min_sim=0.665)
[robot_node-19] [INFO] [1785834615.699801822] [robot_4]: [Robot 4] Broadcast to 3 peer(s) retention=0.20 (min_sim=0.774)
[robot_node-17] [INFO] [1785834616.071082836] [robot_2]: [Robot 2] Broadcast to 3 peer(s) retention=0.40 (min_sim=0.665)
[robot_node-17] [INFO] [1785834617.062344690] [robot_2]: [Robot 2] Merged from Robot 3 dist=1.06m gate=0.500 z_norm=1.0000
[robot_node-19] [INFO] [1785834617.302787515] [robot_4]: [Robot 4] Merged from Robot 3 dist=1.06m gate=0.500 z_norm=1.0000
[robot_node-18] [INFO] [1785834617.853920963] [robot_3]: [Robot 3] Merged from Robot 4 dist=1.06m gate=0.500 z_norm=1.0000
[robot_node-17] [INFO] [1785834618.104160723] [robot_2]: [Robot 2] Merged from Robot 4 dist=1.72m gate=0.500 z_norm=1.0000
[robot_node-18] [INFO] [1785834618.341249505] [robot_3]: [Robot 3] Merged from Robot 2 dist=1.06m gate=0.500 z_norm=1.0000
[robot_node-19] [INFO] [1785834618.946404741] [robot_4]: [Robot 4] Merged from Robot 2 dist=1.72m gate=0.500 z_norm=1.0000
[robot_node-16] [WARN] [1785834620.322337408] [robot_1]: [Robot 1] /nsk/compress timeout — skipping cycle
[robot_node-16] [INFO] [1785834620.324822664] [robot_1]: [Robot 1] → EXPLORE
[robot_node-16] [INFO] [1785834620.326913353] [robot_1]: [Robot 1] Merged from Robot 3 dist=1.71m gate=0.500 z_norm=1.0000
[robot_node-16] [INFO] [1785834620.330876061] [robot_1]: [Robot 1] Merged from Robot 4 dist=1.71m gate=0.500 z_norm=1.0000
[robot_node-16] [INFO] [1785834620.336019868] [robot_1]: [Robot 1] Merged from Robot 2 dist=1.06m gate=0.500 z_norm=1.0000
[robot_node-16] [INFO] [1785834621.114599461] [robot_1]: [Robot 1] → FLOCK (3 peers)
[robot_node-18] [INFO] [1785834623.529288489] [robot_3]: [Robot 3] Broadcast to 3 peer(s) retention=0.40 (min_sim=0.605)
[robot_node-17] [INFO] [1785834623.705734499] [robot_2]: [Robot 2] Broadcast to 3 peer(s) retention=0.40 (min_sim=0.605)
[robot_node-16] [INFO] [1785834623.725805446] [robot_1]: [Robot 1] Broadcast to 3 peer(s) retention=0.20 (min_sim=0.834)
[robot_node-16] [INFO] [1785834625.546908546] [robot_1]: [Robot 1] Merged from Robot 3 dist=1.71m gate=0.500 z_norm=1.0000
[robot_node-17] [INFO] [1785834626.274053592] [robot_2]: [Robot 2] Merged from Robot 3 dist=1.06m gate=0.500 z_norm=1.0000
[convergence_monitor-20] [INFO] [1785834626.278077112] [convergence_monitor]: 
[convergence_monitor-20] ════════════════════════════════════════════════════
[convergence_monitor-20] [NSK Monitor  t=657s]  Mean pairwise sim: 0.8278
[convergence_monitor-20]   Δ from last:  +0.0098   Trend: ↑ converging
[convergence_monitor-20]   Active pairs: (0,1)×10  (0,2)×10  (0,3)×8  (0,4)×8  (1,0)×15  (1,2)×50  (1,3)×50  (1,4)×50  (2,0)×18  (2,1)×73  (2,3)×73  (2,4)×73  (3,0)×17  (3,1)×81  (3,2)×81  (3,4)×81  (4,0)×15  (4,1)×60  (4,2)×60  (4,3)×60
[convergence_monitor-20]   Baseline: 0.4811   Rise: +0.3467 (min 0.03)   Stable: 0/3
[convergence_monitor-20]   Status: NOT YET
[convergence_monitor-20] ════════════════════════════════════════════════════
[robot_node-16] [INFO] [1785834626.785228219] [robot_1]: [Robot 1] Merged from Robot 2 dist=1.06m gate=0.500 z_norm=1.0000
[robot_node-18] [INFO] [1785834627.193135713] [robot_3]: [Robot 3] Merged from Robot 2 dist=1.06m gate=0.500 z_norm=1.0000
[robot_node-17] [INFO] [1785834627.454382606] [robot_2]: [Robot 2] Merged from Robot 1 dist=1.06m gate=0.500 z_norm=1.0000
[robot_node-18] [INFO] [1785834628.464403488] [robot_3]: [Robot 3] Merged from Robot 1 dist=1.71m gate=0.500 z_norm=1.0000
[robot_node-19] [WARN] [1785834628.526734715] [robot_4]: [Robot 4] /nsk/compress timeout — skipping cycle
[robot_node-19] [INFO] [1785834628.552428861] [robot_4]: [Robot 4] → EXPLORE
[robot_node-19] [WARN] [1785834628.557028746] [robot_4]: [Robot 4] /nsk/merge timeout — skipping cycle
[robot_node-19] [INFO] [1785834628.614446536] [robot_4]: [Robot 4] Merged from Robot 2 dist=1.72m gate=0.500 z_norm=1.0000
[robot_node-19] [INFO] [1785834628.710029978] [robot_4]: [Robot 4] Merged from Robot 1 dist=1.71m gate=0.500 z_norm=1.0000
[robot_node-19] [INFO] [1785834629.094131985] [robot_4]: [Robot 4] → FLOCK (3 peers)
[robot_node-18] [INFO] [1785834631.906318678] [robot_3]: [Robot 3] Broadcast to 3 peer(s) retention=0.40 (min_sim=0.621)
[robot_node-17] [INFO] [1785834632.246703723] [robot_2]: [Robot 2] Broadcast to 3 peer(s) retention=0.40 (min_sim=0.621)
[robot_node-19] [INFO] [1785834632.582522299] [robot_4]: [Robot 4] Broadcast to 3 peer(s) retention=0.20 (min_sim=0.717)
[robot_node-17] [INFO] [1785834633.126553643] [robot_2]: [Robot 2] Merged from Robot 3 dist=1.06m gate=0.500 z_norm=1.0000
[robot_node-19] [INFO] [1785834633.634772187] [robot_4]: [Robot 4] Merged from Robot 3 dist=1.06m gate=0.500 z_norm=1.0000
[robot_node-19] [INFO] [1785834633.878471539] [robot_4]: [Robot 4] Merged from Robot 2 dist=1.72m gate=0.500 z_norm=1.0000
[robot_node-18] [INFO] [1785834634.627667151] [robot_3]: [Robot 3] Merged from Robot 2 dist=1.06m gate=0.500 z_norm=1.0000
[robot_node-17] [INFO] [1785834634.887095108] [robot_2]: [Robot 2] Merged from Robot 4 dist=1.72m gate=0.500 z_norm=1.0000
[robot_node-18] [INFO] [1785834635.440013445] [robot_3]: [Robot 3] Merged from Robot 4 dist=1.06m gate=0.500 z_norm=1.0000
[convergence_monitor-20] [INFO] [1785834635.841885571] [convergence_monitor]: 
[convergence_monitor-20] ════════════════════════════════════════════════════
[convergence_monitor-20] [NSK Monitor  t=666s]  Mean pairwise sim: 0.8252
[convergence_monitor-20]   Δ from last:  -0.0026   Trend: → stable
[convergence_monitor-20]   Active pairs: (0,1)×10  (0,2)×10  (0,3)×8  (0,4)×8  (1,0)×15  (1,2)×50  (1,3)×50  (1,4)×50  (2,0)×18  (2,1)×74  (2,3)×74  (2,4)×74  (3,0)×17  (3,1)×82  (3,2)×82  (3,4)×82  (4,0)×15  (4,1)×61  (4,2)×61  (4,3)×61
[convergence_monitor-20]   Baseline: 0.4811   Rise: +0.3441 (min 0.03)   Stable: 1/3
[convergence_monitor-20]   Status: NOT YET
[convergence_monitor-20] ════════════════════════════════════════════════════
[robot_node-16] [WARN] [1785834636.939204918] [robot_1]: [Robot 1] /nsk/compress timeout — skipping cycle
[robot_node-16] [WARN] [1785834636.943352808] [robot_1]: [Robot 1] /nsk/merge timeout — skipping cycle
[robot_node-16] [INFO] [1785834636.951072140] [robot_1]: [Robot 1] → EXPLORE
[robot_node-16] [INFO] [1785834636.981235700] [robot_1]: [Robot 1] Merged from Robot 4 dist=1.71m gate=0.500 z_norm=1.0000
[robot_node-16] [INFO] [1785834636.993079845] [robot_1]: [Robot 1] Merged from Robot 2 dist=1.06m gate=0.500 z_norm=1.0000
[robot_node-16] [INFO] [1785834637.112298877] [robot_1]: [Robot 1] → FLOCK (3 peers)
[robot_node-18] [INFO] [1785834639.649671457] [robot_3]: [Robot 3] Broadcast to 3 peer(s) retention=0.40 (min_sim=0.630)
[robot_node-17] [INFO] [1785834639.803339183] [robot_2]: [Robot 2] Broadcast to 3 peer(s) retention=0.40 (min_sim=0.578)
[robot_node-19] [INFO] [1785834640.092252526] [robot_4]: [Robot 4] Broadcast to 3 peer(s) retention=0.40 (min_sim=0.578)
[robot_node-17] [INFO] [1785834640.630053702] [robot_2]: [Robot 2] Merged from Robot 3 dist=1.06m gate=0.500 z_norm=1.0000
[robot_node-19] [INFO] [1785834641.454867271] [robot_4]: [Robot 4] Merged from Robot 3 dist=1.06m gate=0.500 z_norm=1.0000
[robot_node-18] [INFO] [1785834641.614417933] [robot_3]: [Robot 3] Merged from Robot 2 dist=1.06m gate=0.500 z_norm=1.0000
[robot_node-19] [INFO] [1785834642.056077860] [robot_4]: [Robot 4] Merged from Robot 2 dist=1.72m gate=0.500 z_norm=1.0000
[robot_node-17] [INFO] [1785834643.307976173] [robot_2]: [Robot 2] Merged from Robot 4 dist=1.72m gate=0.500 z_norm=1.0000
[robot_node-18] [INFO] [1785834643.867002573] [robot_3]: [Robot 3] Merged from Robot 4 dist=1.06m gate=0.500 z_norm=1.0000
[robot_node-16] [WARN] [1785834644.653341374] [robot_1]: [Robot 1] /nsk/compress timeout — skipping cycle
[robot_node-16] [INFO] [1785834644.662434793] [robot_1]: [Robot 1] Merged from Robot 3 dist=1.71m gate=0.500 z_norm=1.0000
[robot_node-16] [INFO] [1785834644.683814202] [robot_1]: [Robot 1] Merged from Robot 2 dist=1.06m gate=0.500 z_norm=1.0000
[robot_node-16] [INFO] [1785834644.692954315] [robot_1]: [Robot 1] Merged from Robot 4 dist=1.71m gate=0.500 z_norm=1.0000
[convergence_monitor-20] [INFO] [1785834645.213773694] [convergence_monitor]: 
[convergence_monitor-20] ════════════════════════════════════════════════════
[convergence_monitor-20] [NSK Monitor  t=676s]  Mean pairwise sim: 0.8241
[convergence_monitor-20]   Δ from last:  -0.0011   Trend: → stable
[convergence_monitor-20]   Active pairs: (0,1)×10  (0,2)×10  (0,3)×8  (0,4)×8  (1,0)×15  (1,2)×50  (1,3)×50  (1,4)×50  (2,0)×18  (2,1)×75  (2,3)×75  (2,4)×75  (3,0)×17  (3,1)×83  (3,2)×83  (3,4)×83  (4,0)×15  (4,1)×62  (4,2)×62  (4,3)×62
[convergence_monitor-20]   Baseline: 0.4811   Rise: +0.3431 (min 0.03)   Stable: 2/3
[convergence_monitor-20]   Status: NOT YET
[convergence_monitor-20] ════════════════════════════════════════════════════
[robot_node-18] [INFO] [1785834647.602661117] [robot_3]: [Robot 3] Broadcast to 3 peer(s) retention=0.40 (min_sim=0.650)
[robot_node-16] [INFO] [1785834647.627254493] [robot_1]: [Robot 1] Broadcast to 3 peer(s) retention=0.20 (min_sim=0.781)
[robot_node-19] [INFO] [1785834647.908705144] [robot_4]: [Robot 4] Broadcast to 3 peer(s) retention=0.40 (min_sim=0.481)
[robot_node-16] [INFO] [1785834648.630635669] [robot_1]: [Robot 1] Merged from Robot 3 dist=1.71m gate=0.500 z_norm=1.0000
[robot_node-18] [INFO] [1785834649.013697174] [robot_3]: [Robot 3] Merged from Robot 1 dist=1.71m gate=0.500 z_norm=1.0000
[robot_node-19] [INFO] [1785834649.234211547] [robot_4]: [Robot 4] Merged from Robot 1 dist=1.71m gate=0.500 z_norm=1.0000
[robot_node-19] [INFO] [1785834649.450621067] [robot_4]: [Robot 4] Merged from Robot 3 dist=1.06m gate=0.500 z_norm=1.0000
[robot_node-18] [INFO] [1785834649.973914855] [robot_3]: [Robot 3] Merged from Robot 4 dist=1.06m gate=0.500 z_norm=1.0000
[robot_node-16] [INFO] [1785834650.299604196] [robot_1]: [Robot 1] Merged from Robot 4 dist=1.71m gate=0.500 z_norm=1.0000
[robot_node-17] [WARN] [1785834652.591306228] [robot_2]: [Robot 2] /nsk/compress timeout — skipping cycle
[robot_node-17] [INFO] [1785834652.606420692] [robot_2]: [Robot 2] → EXPLORE
[robot_node-17] [INFO] [1785834652.614322537] [robot_2]: [Robot 2] Merged from Robot 3 dist=1.06m gate=0.500 z_norm=1.0000
[robot_node-17] [WARN] [1785834652.677954142] [robot_2]: [Robot 2] /nsk/merge timeout — skipping cycle
[robot_node-17] [INFO] [1785834652.713006310] [robot_2]: [Robot 2] Merged from Robot 4 dist=1.72m gate=0.500 z_norm=1.0000
[robot_node-17] [INFO] [1785834653.045992440] [robot_2]: [Robot 2] → FLOCK (3 peers)
[convergence_monitor-20] [INFO] [1785834655.315627578] [convergence_monitor]: 
[convergence_monitor-20] ════════════════════════════════════════════════════
[convergence_monitor-20] [NSK Monitor  t=686s]  Mean pairwise sim: 0.8560
[convergence_monitor-20]   Δ from last:  +0.0319   Trend: ↑ converging
[convergence_monitor-20]   Active pairs: (0,1)×10  (0,2)×10  (0,3)×8  (0,4)×8  (1,0)×15  (1,2)×51  (1,3)×51  (1,4)×51  (2,0)×18  (2,1)×75  (2,3)×75  (2,4)×75  (3,0)×17  (3,1)×84  (3,2)×84  (3,4)×84  (4,0)×15  (4,1)×63  (4,2)×63  (4,3)×63
[convergence_monitor-20]   Baseline: 0.4811   Rise: +0.3750 (min 0.03)   Stable: 0/3
[convergence_monitor-20]   Status: NOT YET
[convergence_monitor-20] ════════════════════════════════════════════════════
[robot_node-18] [INFO] [1785834655.331601363] [robot_3]: [Robot 3] Broadcast to 3 peer(s) retention=0.20 (min_sim=0.813)
[robot_node-17] [INFO] [1785834655.769796476] [robot_2]: [Robot 2] Broadcast to 3 peer(s) retention=0.40 (min_sim=0.640)
[robot_node-19] [INFO] [1785834656.111301713] [robot_4]: [Robot 4] Broadcast to 3 peer(s) retention=0.40 (min_sim=0.640)
[robot_node-19] [INFO] [1785834656.611919370] [robot_4]: [Robot 4] Merged from Robot 3 dist=1.06m gate=0.500 z_norm=1.0000
[robot_node-17] [INFO] [1785834657.246454110] [robot_2]: [Robot 2] Merged from Robot 3 dist=1.06m gate=0.500 z_norm=1.0000
[robot_node-18] [INFO] [1785834657.525041070] [robot_3]: [Robot 3] Merged from Robot 2 dist=1.06m gate=0.500 z_norm=1.0000
[robot_node-19] [INFO] [1785834657.797592340] [robot_4]: [Robot 4] Merged from Robot 2 dist=1.72m gate=0.500 z_norm=1.0000
[robot_node-18] [INFO] [1785834658.276403413] [robot_3]: [Robot 3] Merged from Robot 4 dist=1.06m gate=0.500 z_norm=1.0000
[robot_node-17] [INFO] [1785834658.527884069] [robot_2]: [Robot 2] Merged from Robot 4 dist=1.72m gate=0.500 z_norm=1.0000
[robot_node-16] [WARN] [1785834660.331410028] [robot_1]: [Robot 1] /nsk/compress timeout — skipping cycle
[robot_node-16] [INFO] [1785834660.332831328] [robot_1]: [Robot 1] → EXPLORE
[robot_node-16] [INFO] [1785834660.339351036] [robot_1]: [Robot 1] Merged from Robot 3 dist=1.71m gate=0.500 z_norm=1.0000
[robot_node-16] [INFO] [1785834660.347649133] [robot_1]: [Robot 1] Merged from Robot 2 dist=1.06m gate=0.500 z_norm=1.0000
[robot_node-16] [INFO] [1785834660.354380873] [robot_1]: [Robot 1] Merged from Robot 4 dist=1.71m gate=0.500 z_norm=1.0000
[robot_node-16] [INFO] [1785834661.120283583] [robot_1]: [Robot 1] → FLOCK (3 peers)
[robot_node-18] [INFO] [1785834663.337880599] [robot_3]: [Robot 3] Broadcast to 3 peer(s) retention=0.20 (min_sim=0.779)
[robot_node-19] [INFO] [1785834663.860251367] [robot_4]: [Robot 4] Broadcast to 3 peer(s) retention=0.40 (min_sim=0.536)
[robot_node-17] [INFO] [1785834664.081331637] [robot_2]: [Robot 2] Broadcast to 3 peer(s) retention=0.40 (min_sim=0.536)
[robot_node-19] [INFO] [1785834664.605157391] [robot_4]: [Robot 4] Merged from Robot 3 dist=1.06m gate=0.500 z_norm=1.0000
[robot_node-17] [INFO] [1785834665.033188131] [robot_2]: [Robot 2] Merged from Robot 3 dist=1.06m gate=0.500 z_norm=1.0000
[robot_node-17] [INFO] [1785834666.458682132] [robot_2]: [Robot 2] Merged from Robot 4 dist=1.72m gate=0.500 z_norm=1.0000
[convergence_monitor-20] [INFO] [1785834666.483837294] [convergence_monitor]: 
[convergence_monitor-20] ════════════════════════════════════════════════════
[convergence_monitor-20] [NSK Monitor  t=697s]  Mean pairwise sim: 0.8446
[convergence_monitor-20]   Δ from last:  -0.0114   Trend: ↓ diverging
[convergence_monitor-20]   Active pairs: (0,1)×10  (0,2)×10  (0,3)×8  (0,4)×8  (1,0)×15  (1,2)×51  (1,3)×51  (1,4)×51  (2,0)×18  (2,1)×77  (2,3)×77  (2,4)×77  (3,0)×17  (3,1)×86  (3,2)×86  (3,4)×86  (4,0)×15  (4,1)×65  (4,2)×65  (4,3)×65
[convergence_monitor-20]   Baseline: 0.4811   Rise: +0.3635 (min 0.03)   Stable: 0/3
[convergence_monitor-20]   Status: NOT YET
[convergence_monitor-20] ════════════════════════════════════════════════════
[robot_node-18] [INFO] [1785834666.969314920] [robot_3]: [Robot 3] Merged from Robot 4 dist=1.06m gate=0.500 z_norm=1.0000
[robot_node-18] [INFO] [1785834667.498024076] [robot_3]: [Robot 3] Merged from Robot 2 dist=1.06m gate=0.500 z_norm=1.0000
[robot_node-19] [INFO] [1785834667.922194073] [robot_4]: [Robot 4] Merged from Robot 2 dist=1.72m gate=0.500 z_norm=1.0000
[robot_node-16] [WARN] [1785834668.337147637] [robot_1]: [Robot 1] /nsk/compress timeout — skipping cycle
[robot_node-16] [INFO] [1785834668.355305274] [robot_1]: [Robot 1] Merged from Robot 3 dist=1.71m gate=0.500 z_norm=1.0000
[robot_node-16] [INFO] [1785834668.379894213] [robot_1]: [Robot 1] Merged from Robot 4 dist=1.71m gate=0.500 z_norm=1.0000
[robot_node-16] [INFO] [1785834668.404243596] [robot_1]: [Robot 1] Merged from Robot 2 dist=1.06m gate=0.500 z_norm=1.0000
[robot_node-18] [INFO] [1785834671.333481609] [robot_3]: [Robot 3] Broadcast to 3 peer(s) retention=0.20 (min_sim=0.713)
[robot_node-17] [INFO] [1785834671.504714408] [robot_2]: [Robot 2] Broadcast to 3 peer(s) retention=0.40 (min_sim=0.467)
[robot_node-19] [INFO] [1785834671.824521564] [robot_4]: [Robot 4] Broadcast to 3 peer(s) retention=0.40 (min_sim=0.467)
[robot_node-19] [INFO] [1785834672.981137708] [robot_4]: [Robot 4] Merged from Robot 3 dist=1.06m gate=0.500 z_norm=1.0000
[robot_node-17] [INFO] [1785834674.237924916] [robot_2]: [Robot 2] Merged from Robot 3 dist=1.06m gate=0.500 z_norm=1.0000
[robot_node-19] [INFO] [1785834675.803350659] [robot_4]: [Robot 4] Merged from Robot 2 dist=1.72m gate=0.500 z_norm=1.0000
[convergence_monitor-20] [INFO] [1785834675.808618582] [convergence_monitor]: 
[convergence_monitor-20] ════════════════════════════════════════════════════
[convergence_monitor-20] [NSK Monitor  t=706s]  Mean pairwise sim: 0.8242
[convergence_monitor-20]   Δ from last:  -0.0204   Trend: ↓ diverging
[convergence_monitor-20]   Active pairs: (0,1)×10  (0,2)×10  (0,3)×8  (0,4)×8  (1,0)×15  (1,2)×51  (1,3)×51  (1,4)×51  (2,0)×18  (2,1)×78  (2,3)×78  (2,4)×78  (3,0)×17  (3,1)×87  (3,2)×87  (3,4)×87  (4,0)×15  (4,1)×66  (4,2)×66  (4,3)×66
[convergence_monitor-20]   Baseline: 0.4811   Rise: +0.3431 (min 0.03)   Stable: 0/3
[convergence_monitor-20]   Status: NOT YET
[convergence_monitor-20] ════════════════════════════════════════════════════
[robot_node-16] [WARN] [1785834676.356629531] [robot_1]: [Robot 1] /nsk/merge timeout — skipping cycle
[robot_node-16] [INFO] [1785834676.379490896] [robot_1]: [Robot 1] Broadcast to 3 peer(s) retention=0.20 (min_sim=0.775)
[robot_node-16] [WARN] [1785834676.537025676] [robot_1]: [Robot 1] /nsk/merge timeout — skipping cycle
[robot_node-18] [WARN] [1785834676.538391645] [robot_3]: [Robot 3] /nsk/merge timeout — skipping cycle
[robot_node-17] [WARN] [1785834676.838657356] [robot_2]: [Robot 2] /nsk/merge timeout — skipping cycle
[robot_node-16] [WARN] [1785834676.842916079] [robot_1]: [Robot 1] /nsk/merge timeout — skipping cycle
[robot_node-18] [WARN] [1785834676.863641489] [robot_3]: [Robot 3] /nsk/merge timeout — skipping cycle
[robot_node-18] [INFO] [1785834681.009387538] [robot_3]: [Robot 3] Merged from Robot 1 dist=1.71m gate=0.500 z_norm=1.0000
[robot_node-17] [WARN] [1785834681.385175284] [robot_2]: [Robot 2] /nsk/merge timeout — skipping cycle
[robot_node-19] [WARN] [1785834681.406707850] [robot_4]: [Robot 4] /nsk/merge timeout — skipping cycle
[robot_node-18] [INFO] [1785834681.998155660] [robot_3]: [Robot 3] Broadcast to 3 peer(s) retention=0.20 (min_sim=0.716)
[robot_node-17] [INFO] [1785834682.730930315] [robot_2]: [Robot 2] Broadcast to 3 peer(s) retention=0.40 (min_sim=0.422)
[robot_node-19] [INFO] [1785834683.099113336] [robot_4]: [Robot 4] → EXPLORE
[robot_node-19] [INFO] [1785834683.610418618] [robot_4]: [Robot 4] Broadcast to 3 peer(s) retention=0.40 (min_sim=0.650)
[robot_node-17] [INFO] [1785834685.927344893] [robot_2]: [Robot 2] Merged from Robot 3 dist=1.06m gate=0.500 z_norm=1.0000
[robot_node-16] [WARN] [1785834687.011666759] [robot_1]: [Robot 1] /nsk/merge timeout — skipping cycle
[robot_node-16] [INFO] [1785834687.042302226] [robot_1]: [Robot 1] → EXPLORE
[robot_node-19] [WARN] [1785834687.049602492] [robot_4]: [Robot 4] /nsk/merge timeout — skipping cycle
[robot_node-16] [INFO] [1785834687.069702594] [robot_1]: [Robot 1] Broadcast to 3 peer(s) retention=0.40 (min_sim=0.688)
[convergence_monitor-20] [INFO] [1785834687.159486227] [convergence_monitor]: 
[convergence_monitor-20] ════════════════════════════════════════════════════
[convergence_monitor-20] [NSK Monitor  t=718s]  Mean pairwise sim: 0.8579
[convergence_monitor-20]   Δ from last:  +0.0337   Trend: ↑ converging
[convergence_monitor-20]   Active pairs: (0,1)×10  (0,2)×10  (0,3)×8  (0,4)×8  (1,0)×15  (1,2)×53  (1,3)×53  (1,4)×53  (2,0)×18  (2,1)×79  (2,3)×79  (2,4)×79  (3,0)×17  (3,1)×88  (3,2)×88  (3,4)×88  (4,0)×15  (4,1)×67  (4,2)×67  (4,3)×67
[convergence_monitor-20]   Baseline: 0.4811   Rise: +0.3769 (min 0.03)   Stable: 0/3
[convergence_monitor-20]   Status: NOT YET
[convergence_monitor-20] ════════════════════════════════════════════════════
[robot_node-19] [WARN] [1785834687.747574932] [robot_4]: [Robot 4] /nsk/merge timeout — skipping cycle
[robot_node-18] [WARN] [1785834687.772282716] [robot_3]: [Robot 3] /nsk/merge timeout — skipping cycle
[robot_node-16] [WARN] [1785834687.774141681] [robot_1]: [Robot 1] /nsk/merge timeout — skipping cycle
[robot_node-18] [WARN] [1785834688.629761246] [robot_3]: [Robot 3] /nsk/merge timeout — skipping cycle
[robot_node-16] [WARN] [1785834688.638713590] [robot_1]: [Robot 1] /nsk/merge timeout — skipping cycle
[robot_node-17] [WARN] [1785834688.649654359] [robot_2]: [Robot 2] /nsk/merge timeout — skipping cycle
[robot_node-18] [INFO] [1785834690.069568204] [robot_3]: [Robot 3] Broadcast to 3 peer(s) retention=0.40 (min_sim=0.611)
[robot_node-17] [INFO] [1785834690.662378826] [robot_2]: [Robot 2] Broadcast to 3 peer(s) retention=0.40 (min_sim=0.541)
[robot_node-18] [WARN] [1785834692.081317172] [robot_3]: [Robot 3] /nsk/merge timeout — skipping cycle
[robot_node-19] [WARN] [1785834692.107009800] [robot_4]: [Robot 4] /nsk/merge timeout — skipping cycle
[robot_node-17] [WARN] [1785834692.156438672] [robot_2]: [Robot 2] /nsk/merge timeout — skipping cycle
[robot_node-19] [INFO] [1785834692.170515464] [robot_4]: [Robot 4] Broadcast to 3 peer(s) retention=0.40 (min_sim=0.541)
[robot_node-17] [INFO] [1785834693.674906987] [robot_2]: [Robot 2] Merged from Robot 3 dist=1.06m gate=0.500 z_norm=1.0000
[robot_node-19] [INFO] [1785834694.023248116] [robot_4]: [Robot 4] Merged from Robot 3 dist=1.06m gate=0.500 z_norm=1.0000
[robot_node-18] [INFO] [1785834694.921035012] [robot_3]: [Robot 3] Merged from Robot 2 dist=1.06m gate=0.500 z_norm=1.0000
[robot_node-16] [WARN] [1785834695.126567630] [robot_1]: [Robot 1] /nsk/merge timeout — skipping cycle
[robot_node-19] [INFO] [1785834695.564779659] [robot_4]: [Robot 4] Merged from Robot 2 dist=1.72m gate=0.500 z_norm=1.0000
[robot_node-16] [WARN] [1785834695.679812182] [robot_1]: [Robot 1] /nsk/merge timeout — skipping cycle
[robot_node-16] [INFO] [1785834695.685363599] [robot_1]: [Robot 1] Broadcast to 3 peer(s) retention=0.20 (min_sim=0.818)
[robot_node-16] [INFO] [1785834695.824455212] [robot_1]: [Robot 1] Merged from Robot 4 dist=1.71m gate=0.500 z_norm=1.0000
[robot_node-18] [INFO] [1785834696.269486513] [robot_3]: [Robot 3] Broadcast to 3 peer(s) retention=0.40 (min_sim=0.585)
[robot_node-18] [INFO] [1785834696.540573230] [robot_3]: [Robot 3] Merged from Robot 4 dist=1.06m gate=0.500 z_norm=1.0000
[robot_node-17] [WARN] [1785834697.228648019] [robot_2]: [Robot 2] /nsk/merge timeout — skipping cycle
[robot_node-17] [INFO] [1785834697.264004560] [robot_2]: [Robot 2] Broadcast to 3 peer(s) retention=0.65 (min_sim=0.395)
[robot_node-18] [INFO] [1785834698.353989943] [robot_3]: [Robot 3] Merged from Robot 1 dist=1.71m gate=0.500 z_norm=1.0000
[convergence_monitor-20] [INFO] [1785834698.356354529] [convergence_monitor]: 
[convergence_monitor-20] ════════════════════════════════════════════════════
[convergence_monitor-20] [NSK Monitor  t=729s]  Mean pairwise sim: 0.7935
[convergence_monitor-20]   Δ from last:  -0.0645   Trend: ↓ diverging
[convergence_monitor-20]   Active pairs: (0,1)×10  (0,2)×10  (0,3)×8  (0,4)×8  (1,0)×15  (1,2)×54  (1,3)×54  (1,4)×54  (2,0)×18  (2,1)×81  (2,3)×81  (2,4)×81  (3,0)×17  (3,1)×90  (3,2)×90  (3,4)×90  (4,0)×15  (4,1)×68  (4,2)×68  (4,3)×68
[convergence_monitor-20]   Baseline: 0.4811   Rise: +0.3124 (min 0.03)   Stable: 0/3
[convergence_monitor-20]   Status: NOT YET
[convergence_monitor-20] ════════════════════════════════════════════════════
[robot_node-16] [INFO] [1785834698.414682426] [robot_1]: [Robot 1] Broadcast to 3 peer(s) retention=0.20 (min_sim=0.740)
[robot_node-17] [INFO] [1785834699.185024260] [robot_2]: [Robot 2] Merged from Robot 1 dist=1.06m gate=0.500 z_norm=1.0000
[robot_node-17] [INFO] [1785834700.076172199] [robot_2]: [Robot 2] Merged from Robot 3 dist=1.06m gate=0.500 z_norm=1.0000
[robot_node-16] [INFO] [1785834700.480689812] [robot_1]: [Robot 1] Merged from Robot 3 dist=1.71m gate=0.500 z_norm=1.0000
[robot_node-16] [INFO] [1785834700.671125989] [robot_1]: [Robot 1] Merged from Robot 2 dist=1.06m gate=0.500 z_norm=1.0000
[robot_node-19] [WARN] [1785834700.700849731] [robot_4]: [Robot 4] /nsk/merge timeout — skipping cycle
[robot_node-18] [INFO] [1785834701.019007424] [robot_3]: [Robot 3] Merged from Robot 2 dist=1.06m gate=0.500 z_norm=1.0000
[robot_node-17] [INFO] [1785834701.237341679] [robot_2]: [Robot 2] Merged from Robot 1 dist=1.06m gate=0.500 z_norm=1.0000
[robot_node-19] [WARN] [1785834701.306214353] [robot_4]: [Robot 4] /nsk/merge timeout — skipping cycle
[robot_node-19] [INFO] [1785834701.333769918] [robot_4]: [Robot 4] Broadcast to 3 peer(s) retention=0.65 (min_sim=0.395)
[robot_node-18] [INFO] [1785834701.356330810] [robot_3]: [Robot 3] Merged from Robot 1 dist=1.71m gate=0.500 z_norm=1.0000
[robot_node-19] [INFO] [1785834701.430938437] [robot_4]: [Robot 4] Merged from Robot 2 dist=1.72m gate=0.500 z_norm=1.0000
[robot_node-19] [INFO] [1785834701.483280058] [robot_4]: [Robot 4] Merged from Robot 1 dist=1.71m gate=0.500 z_norm=1.0000
[robot_node-18] [INFO] [1785834701.703003074] [robot_3]: [Robot 3] Merged from Robot 4 dist=1.06m gate=0.500 z_norm=1.0000
[robot_node-17] [INFO] [1785834701.937704072] [robot_2]: [Robot 2] Merged from Robot 4 dist=1.72m gate=0.500 z_norm=1.0000
[robot_node-16] [INFO] [1785834702.374731088] [robot_1]: [Robot 1] Merged from Robot 4 dist=1.71m gate=0.500 z_norm=1.0000
[robot_node-18] [INFO] [1785834703.357263869] [robot_3]: [Robot 3] Broadcast to 3 peer(s) retention=0.20 (min_sim=0.829)
[robot_node-17] [INFO] [1785834703.570939096] [robot_2]: [Robot 2] Broadcast to 3 peer(s) retention=0.40 (min_sim=0.538)
[robot_node-16] [INFO] [1785834703.630108592] [robot_1]: [Robot 1] Broadcast to 3 peer(s) retention=0.40 (min_sim=0.618)
[robot_node-17] [INFO] [1785834705.271899488] [robot_2]: [Robot 2] Merged from Robot 3 dist=1.06m gate=0.500 z_norm=1.0000
[robot_node-16] [INFO] [1785834705.829035990] [robot_1]: [Robot 1] Merged from Robot 3 dist=1.71m gate=0.500 z_norm=1.0000
[convergence_monitor-20] [INFO] [1785834705.840506889] [convergence_monitor]: 
[convergence_monitor-20] ════════════════════════════════════════════════════
[convergence_monitor-20] [NSK Monitor  t=736s]  Mean pairwise sim: 0.8485
[convergence_monitor-20]   Δ from last:  +0.0551   Trend: ↑ converging
[convergence_monitor-20]   Active pairs: (0,1)×10  (0,2)×10  (0,3)×8  (0,4)×8  (1,0)×15  (1,2)×56  (1,3)×56  (1,4)×56  (2,0)×18  (2,1)×82  (2,3)×82  (2,4)×82  (3,0)×17  (3,1)×91  (3,2)×91  (3,4)×91  (4,0)×15  (4,1)×69  (4,2)×69  (4,3)×69
[convergence_monitor-20]   Baseline: 0.4811   Rise: +0.3675 (min 0.03)   Stable: 0/3
[convergence_monitor-20]   Status: NOT YET
[convergence_monitor-20] ════════════════════════════════════════════════════
[robot_node-18] [INFO] [1785834706.788766149] [robot_3]: [Robot 3] Merged from Robot 2 dist=1.06m gate=0.500 z_norm=1.0000
[robot_node-16] [INFO] [1785834707.400503381] [robot_1]: [Robot 1] Merged from Robot 2 dist=1.06m gate=0.500 z_norm=1.0000
[robot_node-18] [INFO] [1785834707.711296587] [robot_3]: [Robot 3] Merged from Robot 1 dist=1.71m gate=0.500 z_norm=1.0000
[robot_node-17] [INFO] [1785834708.172251807] [robot_2]: [Robot 2] Merged from Robot 1 dist=1.06m gate=0.500 z_norm=1.0000
[robot_node-19] [WARN] [1785834708.359794022] [robot_4]: [Robot 4] /nsk/compress timeout — skipping cycle
[robot_node-19] [INFO] [1785834708.389318762] [robot_4]: [Robot 4] Merged from Robot 3 dist=1.06m gate=0.500 z_norm=1.0000
[robot_node-19] [INFO] [1785834708.427292465] [robot_4]: [Robot 4] Merged from Robot 2 dist=1.72m gate=0.500 z_norm=1.0000
[robot_node-19] [WARN] [1785834708.642183134] [robot_4]: [Robot 4] /nsk/merge timeout — skipping cycle
[robot_node-18] [INFO] [1785834711.368930148] [robot_3]: [Robot 3] Broadcast to 3 peer(s) retention=0.20 (min_sim=0.768)
[robot_node-19] [INFO] [1785834711.647931160] [robot_4]: [Robot 4] Broadcast to 3 peer(s) retention=0.40 (min_sim=0.673)
[robot_node-17] [INFO] [1785834711.761672259] [robot_2]: [Robot 2] Broadcast to 3 peer(s) retention=0.40 (min_sim=0.673)
[robot_node-17] [INFO] [1785834712.862630712] [robot_2]: [Robot 2] Merged from Robot 3 dist=1.06m gate=0.500 z_norm=1.0000
[robot_node-19] [INFO] [1785834713.502490343] [robot_4]: [Robot 4] Merged from Robot 3 dist=1.06m gate=0.500 z_norm=1.0000
[robot_node-18] [INFO] [1785834714.456325661] [robot_3]: [Robot 3] Merged from Robot 4 dist=1.06m gate=0.500 z_norm=1.0000
[robot_node-17] [INFO] [1785834714.948972588] [robot_2]: [Robot 2] Merged from Robot 4 dist=1.72m gate=0.500 z_norm=1.0000
[robot_node-19] [INFO] [1785834715.352026535] [robot_4]: [Robot 4] Merged from Robot 2 dist=1.72m gate=0.500 z_norm=1.0000
[convergence_monitor-20] [INFO] [1785834715.595111451] [convergence_monitor]: 
[convergence_monitor-20] ════════════════════════════════════════════════════
[convergence_monitor-20] [NSK Monitor  t=746s]  Mean pairwise sim: 0.8443
[convergence_monitor-20]   Δ from last:  -0.0043   Trend: → stable
[convergence_monitor-20]   Active pairs: (0,1)×10  (0,2)×10  (0,3)×8  (0,4)×8  (1,0)×15  (1,2)×56  (1,3)×56  (1,4)×56  (2,0)×18  (2,1)×83  (2,3)×83  (2,4)×83  (3,0)×17  (3,1)×92  (3,2)×92  (3,4)×92  (4,0)×15  (4,1)×70  (4,2)×70  (4,3)×70
[convergence_monitor-20]   Baseline: 0.4811   Rise: +0.3632 (min 0.03)   Stable: 1/3
[convergence_monitor-20]   Status: NOT YET
[convergence_monitor-20] ════════════════════════════════════════════════════
[robot_node-18] [INFO] [1785834716.128023817] [robot_3]: [Robot 3] Merged from Robot 2 dist=1.06m gate=0.500 z_norm=1.0000
[robot_node-16] [WARN] [1785834716.360110455] [robot_1]: [Robot 1] /nsk/compress timeout — skipping cycle
[robot_node-16] [INFO] [1785834716.363224262] [robot_1]: [Robot 1] → EXPLORE
[robot_node-16] [INFO] [1785834716.364575651] [robot_1]: [Robot 1] Merged from Robot 3 dist=1.71m gate=0.500 z_norm=1.0000
[robot_node-16] [INFO] [1785834716.394257994] [robot_1]: [Robot 1] Merged from Robot 4 dist=1.71m gate=0.500 z_norm=1.0000
[robot_node-16] [INFO] [1785834716.410827996] [robot_1]: [Robot 1] Merged from Robot 2 dist=1.06m gate=0.500 z_norm=1.0000
[robot_node-16] [INFO] [1785834717.116919861] [robot_1]: [Robot 1] → FLOCK (3 peers)
[robot_node-18] [INFO] [1785834719.591570318] [robot_3]: [Robot 3] Broadcast to 3 peer(s) retention=0.40 (min_sim=0.690)
[robot_node-17] [INFO] [1785834719.827167393] [robot_2]: [Robot 2] Broadcast to 3 peer(s) retention=0.40 (min_sim=0.538)
[robot_node-19] [INFO] [1785834720.164368531] [robot_4]: [Robot 4] Broadcast to 3 peer(s) retention=0.40 (min_sim=0.538)
[robot_node-17] [INFO] [1785834720.444814954] [robot_2]: [Robot 2] Merged from Robot 3 dist=1.06m gate=0.500 z_norm=1.0000
[robot_node-19] [INFO] [1785834720.709173601] [robot_4]: [Robot 4] Merged from Robot 3 dist=1.06m gate=0.500 z_norm=1.0000
[robot_node-18] [INFO] [1785834721.806877848] [robot_3]: [Robot 3] Merged from Robot 2 dist=1.06m gate=0.500 z_norm=1.0000
[robot_node-19] [INFO] [1785834722.945281283] [robot_4]: [Robot 4] Merged from Robot 2 dist=1.72m gate=0.500 z_norm=1.0000
[robot_node-17] [INFO] [1785834723.416517998] [robot_2]: [Robot 2] Merged from Robot 4 dist=1.72m gate=0.500 z_norm=1.0000
[robot_node-18] [INFO] [1785834724.355641538] [robot_3]: [Robot 3] Merged from Robot 4 dist=1.06m gate=0.500 z_norm=1.0000
[robot_node-16] [WARN] [1785834724.623603686] [robot_1]: [Robot 1] /nsk/compress timeout — skipping cycle
[robot_node-16] [WARN] [1785834724.633945202] [robot_1]: [Robot 1] /nsk/merge timeout — skipping cycle
[robot_node-16] [INFO] [1785834724.655993928] [robot_1]: [Robot 1] Merged from Robot 2 dist=1.06m gate=0.500 z_norm=1.0000
[robot_node-16] [INFO] [1785834724.669250812] [robot_1]: [Robot 1] Merged from Robot 4 dist=1.71m gate=0.500 z_norm=1.0000
[convergence_monitor-20] [INFO] [1785834725.216276161] [convergence_monitor]: 
[convergence_monitor-20] ════════════════════════════════════════════════════
[convergence_monitor-20] [NSK Monitor  t=756s]  Mean pairwise sim: 0.8214
[convergence_monitor-20]   Δ from last:  -0.0229   Trend: ↓ diverging
[convergence_monitor-20]   Active pairs: (0,1)×10  (0,2)×10  (0,3)×8  (0,4)×8  (1,0)×15  (1,2)×56  (1,3)×56  (1,4)×56  (2,0)×18  (2,1)×84  (2,3)×84  (2,4)×84  (3,0)×17  (3,1)×93  (3,2)×93  (3,4)×93  (4,0)×15  (4,1)×71  (4,2)×71  (4,3)×71
[convergence_monitor-20]   Baseline: 0.4811   Rise: +0.3403 (min 0.03)   Stable: 0/3
[convergence_monitor-20]   Status: NOT YET
[convergence_monitor-20] ════════════════════════════════════════════════════
[robot_node-18] [INFO] [1785834727.525088966] [robot_3]: [Robot 3] Broadcast to 3 peer(s) retention=0.40 (min_sim=0.691)
[robot_node-16] [INFO] [1785834727.694539732] [robot_1]: [Robot 1] Broadcast to 3 peer(s) retention=0.20 (min_sim=0.743)
[robot_node-17] [INFO] [1785834727.730512318] [robot_2]: [Robot 2] Broadcast to 3 peer(s) retention=0.40 (min_sim=0.449)
[robot_node-17] [INFO] [1785834729.352433517] [robot_2]: [Robot 2] Merged from Robot 3 dist=1.06m gate=0.500 z_norm=1.0000
[robot_node-16] [INFO] [1785834729.641029029] [robot_1]: [Robot 1] Merged from Robot 3 dist=1.71m gate=0.500 z_norm=1.0000
[robot_node-18] [INFO] [1785834729.817970907] [robot_3]: [Robot 3] Merged from Robot 2 dist=1.06m gate=0.500 z_norm=1.0000
[robot_node-16] [INFO] [1785834730.495159903] [robot_1]: [Robot 1] Merged from Robot 2 dist=1.06m gate=0.500 z_norm=1.0000
[robot_node-18] [INFO] [1785834730.835939729] [robot_3]: [Robot 3] Merged from Robot 1 dist=1.71m gate=0.500 z_norm=1.0000
[robot_node-17] [INFO] [1785834731.111178965] [robot_2]: [Robot 2] Merged from Robot 1 dist=1.06m gate=0.500 z_norm=1.0000
[robot_node-19] [WARN] [1785834732.525308804] [robot_4]: [Robot 4] /nsk/compress timeout — skipping cycle
[robot_node-19] [INFO] [1785834732.534193780] [robot_4]: [Robot 4] → EXPLORE
[robot_node-19] [INFO] [1785834732.535763104] [robot_4]: [Robot 4] Merged from Robot 3 dist=1.06m gate=0.500 z_norm=1.0000
[robot_node-19] [INFO] [1785834732.559427934] [robot_4]: [Robot 4] Merged from Robot 2 dist=1.72m gate=0.500 z_norm=1.0000
[robot_node-19] [INFO] [1785834732.578234521] [robot_4]: [Robot 4] Merged from Robot 1 dist=1.71m gate=0.500 z_norm=1.0000
[robot_node-19] [INFO] [1785834733.093038262] [robot_4]: [Robot 4] → FLOCK (3 peers)
[convergence_monitor-20] [INFO] [1785834735.374814557] [convergence_monitor]: 
[convergence_monitor-20] ════════════════════════════════════════════════════
[convergence_monitor-20] [NSK Monitor  t=766s]  Mean pairwise sim: 0.8215
[convergence_monitor-20]   Δ from last:  +0.0001   Trend: → stable
[convergence_monitor-20]   Active pairs: (0,1)×10  (0,2)×10  (0,3)×8  (0,4)×8  (1,0)×15  (1,2)×57  (1,3)×57  (1,4)×57  (2,0)×18  (2,1)×85  (2,3)×85  (2,4)×85  (3,0)×17  (3,1)×95  (3,2)×95  (3,4)×95  (4,0)×15  (4,1)×71  (4,2)×71  (4,3)×71
[convergence_monitor-20]   Baseline: 0.4811   Rise: +0.3404 (min 0.03)   Stable: 1/3
[convergence_monitor-20]   Status: NOT YET
[convergence_monitor-20] ════════════════════════════════════════════════════
[robot_node-18] [INFO] [1785834735.375445185] [robot_3]: [Robot 3] Broadcast to 3 peer(s) retention=0.40 (min_sim=0.652)
[robot_node-19] [INFO] [1785834735.748233466] [robot_4]: [Robot 4] Merged from Robot 3 dist=1.06m gate=0.500 z_norm=1.0000
[robot_node-17] [INFO] [1785834736.299367638] [robot_2]: [Robot 2] Broadcast to 3 peer(s) retention=0.40 (min_sim=0.597)
[robot_node-17] [INFO] [1785834736.478757503] [robot_2]: [Robot 2] Merged from Robot 3 dist=1.06m gate=0.500 z_norm=1.0000
[robot_node-19] [INFO] [1785834736.796516372] [robot_4]: [Robot 4] Broadcast to 3 peer(s) retention=0.40 (min_sim=0.597)
[robot_node-18] [INFO] [1785834738.427744609] [robot_3]: [Robot 3] Merged from Robot 2 dist=1.06m gate=0.500 z_norm=1.0000
[robot_node-19] [INFO] [1785834738.793909336] [robot_4]: [Robot 4] Merged from Robot 2 dist=1.72m gate=0.500 z_norm=1.0000
[robot_node-17] [INFO] [1785834739.169413457] [robot_2]: [Robot 2] Merged from Robot 4 dist=1.72m gate=0.500 z_norm=1.0000
[robot_node-18] [INFO] [1785834740.304058188] [robot_3]: [Robot 3] Merged from Robot 4 dist=1.06m gate=0.500 z_norm=1.0000
[robot_node-16] [WARN] [1785834740.371699726] [robot_1]: [Robot 1] /nsk/merge timeout — skipping cycle
[robot_node-16] [INFO] [1785834740.380896383] [robot_1]: [Robot 1] → EXPLORE
[robot_node-16] [WARN] [1785834740.384399906] [robot_1]: [Robot 1] /nsk/compress timeout — skipping cycle
[robot_node-16] [INFO] [1785834740.399880266] [robot_1]: [Robot 1] Merged from Robot 2 dist=1.06m gate=0.500 z_norm=1.0000
[robot_node-16] [INFO] [1785834740.432397659] [robot_1]: [Robot 1] Merged from Robot 4 dist=1.71m gate=0.500 z_norm=1.0000
[robot_node-16] [INFO] [1785834741.112521110] [robot_1]: [Robot 1] → FLOCK (3 peers)
[robot_node-18] [INFO] [1785834743.318620030] [robot_3]: [Robot 3] Broadcast to 3 peer(s) retention=0.40 (min_sim=0.661)
[robot_node-17] [INFO] [1785834743.496151079] [robot_2]: [Robot 2] Broadcast to 3 peer(s) retention=0.40 (min_sim=0.490)
[robot_node-16] [INFO] [1785834743.515472808] [robot_1]: [Robot 1] Broadcast to 3 peer(s) retention=0.20 (min_sim=0.763)
[robot_node-17] [INFO] [1785834744.022832922] [robot_2]: [Robot 2] Merged from Robot 3 dist=1.06m gate=0.500 z_norm=1.0000
[robot_node-16] [INFO] [1785834745.308821278] [robot_1]: [Robot 1] Merged from Robot 3 dist=1.71m gate=0.500 z_norm=1.0000
[convergence_monitor-20] [INFO] [1785834745.792078409] [convergence_monitor]: 
[convergence_monitor-20] ════════════════════════════════════════════════════
[convergence_monitor-20] [NSK Monitor  t=776s]  Mean pairwise sim: 0.8382
[convergence_monitor-20]   Δ from last:  +0.0166   Trend: ↑ converging
[convergence_monitor-20]   Active pairs: (0,1)×10  (0,2)×10  (0,3)×8  (0,4)×8  (1,0)×15  (1,2)×58  (1,3)×58  (1,4)×58  (2,0)×18  (2,1)×87  (2,3)×87  (2,4)×87  (3,0)×17  (3,1)×96  (3,2)×96  (3,4)×96  (4,0)×15  (4,1)×72  (4,2)×72  (4,3)×72
[convergence_monitor-20]   Baseline: 0.4811   Rise: +0.3571 (min 0.03)   Stable: 0/3
[convergence_monitor-20]   Status: NOT YET
[convergence_monitor-20] ════════════════════════════════════════════════════
[robot_node-18] [INFO] [1785834746.230230950] [robot_3]: [Robot 3] Merged from Robot 2 dist=1.06m gate=0.500 z_norm=1.0000
[robot_node-16] [INFO] [1785834747.139631249] [robot_1]: [Robot 1] Merged from Robot 2 dist=1.06m gate=0.500 z_norm=1.0000
[robot_node-17] [INFO] [1785834747.222110560] [robot_2]: [Robot 2] Merged from Robot 1 dist=1.06m gate=0.500 z_norm=1.0000
[robot_node-18] [INFO] [1785834747.386138000] [robot_3]: [Robot 3] Merged from Robot 1 dist=1.71m gate=0.500 z_norm=1.0000
[robot_node-19] [WARN] [1785834748.321081385] [robot_4]: [Robot 4] /nsk/compress timeout — skipping cycle
[robot_node-19] [INFO] [1785834748.324389258] [robot_4]: [Robot 4] → EXPLORE
[robot_node-19] [INFO] [1785834748.347205876] [robot_4]: [Robot 4] Merged from Robot 3 dist=1.06m gate=0.500 z_norm=1.0000
[robot_node-19] [INFO] [1785834748.352092071] [robot_4]: [Robot 4] Merged from Robot 2 dist=1.72m gate=0.500 z_norm=1.0000
[robot_node-19] [INFO] [1785834748.364140199] [robot_4]: [Robot 4] Merged from Robot 1 dist=1.71m gate=0.500 z_norm=1.0000
[robot_node-19] [INFO] [1785834749.097909835] [robot_4]: [Robot 4] → FLOCK (3 peers)
[robot_node-18] [INFO] [1785834751.338355299] [robot_3]: [Robot 3] Broadcast to 3 peer(s) retention=0.40 (min_sim=0.637)
[robot_node-19] [INFO] [1785834751.612678127] [robot_4]: [Robot 4] Broadcast to 3 peer(s) retention=0.40 (min_sim=0.626)
[robot_node-17] [INFO] [1785834752.057865775] [robot_2]: [Robot 2] Broadcast to 3 peer(s) retention=0.40 (min_sim=0.626)
[robot_node-17] [INFO] [1785834752.786362889] [robot_2]: [Robot 2] Merged from Robot 3 dist=1.06m gate=0.500 z_norm=1.0000
[robot_node-19] [INFO] [1785834753.430006688] [robot_4]: [Robot 4] Merged from Robot 3 dist=1.06m gate=0.500 z_norm=1.0000
[robot_node-18] [INFO] [1785834754.517466321] [robot_3]: [Robot 3] Merged from Robot 4 dist=1.06m gate=0.500 z_norm=1.0000
[robot_node-17] [INFO] [1785834755.294889896] [robot_2]: [Robot 2] Merged from Robot 4 dist=1.72m gate=0.500 z_norm=1.0000
[robot_node-19] [INFO] [1785834755.497904161] [robot_4]: [Robot 4] Merged from Robot 2 dist=1.72m gate=0.500 z_norm=1.0000
[convergence_monitor-20] [INFO] [1785834755.519812638] [convergence_monitor]: 
[convergence_monitor-20] ════════════════════════════════════════════════════
[convergence_monitor-20] [NSK Monitor  t=786s]  Mean pairwise sim: 0.8179
[convergence_monitor-20]   Δ from last:  -0.0202   Trend: ↓ diverging
[convergence_monitor-20]   Active pairs: (0,1)×10  (0,2)×10  (0,3)×8  (0,4)×8  (1,0)×15  (1,2)×58  (1,3)×58  (1,4)×58  (2,0)×18  (2,1)×88  (2,3)×88  (2,4)×88  (3,0)×17  (3,1)×97  (3,2)×97  (3,4)×97  (4,0)×15  (4,1)×73  (4,2)×73  (4,3)×73
[convergence_monitor-20]   Baseline: 0.4811   Rise: +0.3369 (min 0.03)   Stable: 0/3
[convergence_monitor-20]   Status: NOT YET
[convergence_monitor-20] ════════════════════════════════════════════════════
[robot_node-18] [INFO] [1785834756.068128343] [robot_3]: [Robot 3] Merged from Robot 2 dist=1.06m gate=0.500 z_norm=1.0000
[robot_node-16] [WARN] [1785834756.375381887] [robot_1]: [Robot 1] /nsk/merge timeout — skipping cycle
[robot_node-16] [INFO] [1785834756.380887553] [robot_1]: [Robot 1] → EXPLORE
[robot_node-16] [WARN] [1785834756.383798863] [robot_1]: [Robot 1] /nsk/compress timeout — skipping cycle
[robot_node-16] [INFO] [1785834756.391282524] [robot_1]: [Robot 1] Merged from Robot 4 dist=1.71m gate=0.500 z_norm=1.0000
[robot_node-16] [INFO] [1785834756.398408097] [robot_1]: [Robot 1] Merged from Robot 2 dist=1.06m gate=0.500 z_norm=1.0000
[robot_node-16] [INFO] [1785834757.114440908] [robot_1]: [Robot 1] → FLOCK (3 peers)
[robot_node-18] [INFO] [1785834759.407147656] [robot_3]: [Robot 3] Broadcast to 3 peer(s) retention=0.40 (min_sim=0.596)
[robot_node-17] [INFO] [1785834759.610140822] [robot_2]: [Robot 2] Broadcast to 3 peer(s) retention=0.40 (min_sim=0.510)
[robot_node-19] [INFO] [1785834759.888031822] [robot_4]: [Robot 4] Broadcast to 3 peer(s) retention=0.40 (min_sim=0.510)
[robot_node-19] [INFO] [1785834760.253783330] [robot_4]: [Robot 4] Merged from Robot 3 dist=1.06m gate=0.500 z_norm=1.0000
[robot_node-17] [INFO] [1785834760.613062497] [robot_2]: [Robot 2] Merged from Robot 3 dist=1.06m gate=0.500 z_norm=1.0000
[robot_node-18] [INFO] [1785834761.648414955] [robot_3]: [Robot 3] Merged from Robot 2 dist=1.06m gate=0.500 z_norm=1.0000
[robot_node-19] [INFO] [1785834762.467963780] [robot_4]: [Robot 4] Merged from Robot 2 dist=1.72m gate=0.500 z_norm=1.0000
[robot_node-17] [INFO] [1785834762.794095483] [robot_2]: [Robot 2] Merged from Robot 4 dist=1.72m gate=0.500 z_norm=1.0000
[robot_node-18] [INFO] [1785834763.641570662] [robot_3]: [Robot 3] Merged from Robot 4 dist=1.06m gate=0.500 z_norm=1.0000
[robot_node-16] [WARN] [1785834764.410128067] [robot_1]: [Robot 1] /nsk/compress timeout — skipping cycle
[robot_node-16] [INFO] [1785834764.427934441] [robot_1]: [Robot 1] Merged from Robot 3 dist=1.71m gate=0.500 z_norm=1.0000
[robot_node-16] [INFO] [1785834764.447761985] [robot_1]: [Robot 1] Merged from Robot 2 dist=1.06m gate=0.500 z_norm=1.0000
[robot_node-16] [INFO] [1785834764.456941187] [robot_1]: [Robot 1] Merged from Robot 4 dist=1.71m gate=0.500 z_norm=1.0000
[convergence_monitor-20] [INFO] [1785834765.210536641] [convergence_monitor]: 
[convergence_monitor-20] ════════════════════════════════════════════════════
[convergence_monitor-20] [NSK Monitor  t=796s]  Mean pairwise sim: 0.8159
[convergence_monitor-20]   Δ from last:  -0.0021   Trend: → stable
[convergence_monitor-20]   Active pairs: (0,1)×10  (0,2)×10  (0,3)×8  (0,4)×8  (1,0)×15  (1,2)×58  (1,3)×58  (1,4)×58  (2,0)×18  (2,1)×89  (2,3)×89  (2,4)×89  (3,0)×17  (3,1)×98  (3,2)×98  (3,4)×98  (4,0)×15  (4,1)×74  (4,2)×74  (4,3)×74
[convergence_monitor-20]   Baseline: 0.4811   Rise: +0.3348 (min 0.03)   Stable: 1/3
[convergence_monitor-20]   Status: NOT YET
[convergence_monitor-20] ════════════════════════════════════════════════════
[robot_node-18] [INFO] [1785834767.602273513] [robot_3]: [Robot 3] Broadcast to 3 peer(s) retention=0.40 (min_sim=0.631)
[robot_node-17] [INFO] [1785834767.791296905] [robot_2]: [Robot 2] Broadcast to 3 peer(s) retention=0.40 (min_sim=0.435)
[robot_node-16] [INFO] [1785834767.820475274] [robot_1]: [Robot 1] Broadcast to 3 peer(s) retention=0.20 (min_sim=0.783)
[robot_node-17] [INFO] [1785834768.294761372] [robot_2]: [Robot 2] Merged from Robot 3 dist=1.06m gate=0.500 z_norm=1.0000
[robot_node-16] [INFO] [1785834769.009422994] [robot_1]: [Robot 1] Merged from Robot 3 dist=1.71m gate=0.500 z_norm=1.0000
[robot_node-18] [INFO] [1785834769.599077981] [robot_3]: [Robot 3] Merged from Robot 2 dist=1.06m gate=0.500 z_norm=1.0000
[robot_node-16] [INFO] [1785834770.363508871] [robot_1]: [Robot 1] Merged from Robot 2 dist=1.06m gate=0.500 z_norm=1.0000
[robot_node-17] [INFO] [1785834770.561216832] [robot_2]: [Robot 2] Merged from Robot 1 dist=1.06m gate=0.500 z_norm=1.0000
[robot_node-18] [INFO] [1785834770.699593579] [robot_3]: [Robot 3] Merged from Robot 1 dist=1.71m gate=0.500 z_norm=1.0000
[robot_node-19] [WARN] [1785834772.597591649] [robot_4]: [Robot 4] /nsk/compress timeout — skipping cycle
[robot_node-19] [INFO] [1785834772.599623144] [robot_4]: [Robot 4] → EXPLORE
[robot_node-19] [INFO] [1785834772.612315013] [robot_4]: [Robot 4] Merged from Robot 3 dist=1.06m gate=0.500 z_norm=1.0000
[robot_node-19] [INFO] [1785834772.622041398] [robot_4]: [Robot 4] Merged from Robot 2 dist=1.72m gate=0.500 z_norm=1.0000
[robot_node-19] [INFO] [1785834772.631559057] [robot_4]: [Robot 4] Merged from Robot 1 dist=1.71m gate=0.500 z_norm=1.0000
[robot_node-19] [INFO] [1785834773.092298028] [robot_4]: [Robot 4] → FLOCK (3 peers)
[convergence_monitor-20] [INFO] [1785834775.512211933] [convergence_monitor]: 
[convergence_monitor-20] ════════════════════════════════════════════════════
[convergence_monitor-20] [NSK Monitor  t=806s]  Mean pairwise sim: 0.8160
[convergence_monitor-20]   Δ from last:  +0.0002   Trend: → stable
[convergence_monitor-20]   Active pairs: (0,1)×10  (0,2)×10  (0,3)×8  (0,4)×8  (1,0)×15  (1,2)×59  (1,3)×59  (1,4)×59  (2,0)×18  (2,1)×90  (2,3)×90  (2,4)×90  (3,0)×17  (3,1)×99  (3,2)×99  (3,4)×99  (4,0)×15  (4,1)×74  (4,2)×74  (4,3)×74
[convergence_monitor-20]   Baseline: 0.4811   Rise: +0.3349 (min 0.03)   Stable: 2/3
[convergence_monitor-20]   Status: NOT YET
[convergence_monitor-20] ════════════════════════════════════════════════════
[robot_node-18] [INFO] [1785834775.527454800] [robot_3]: [Robot 3] Broadcast to 3 peer(s) retention=0.40 (min_sim=0.605)
[robot_node-17] [INFO] [1785834775.692580548] [robot_2]: [Robot 2] Broadcast to 3 peer(s) retention=0.40 (min_sim=0.582)
[robot_node-16] [INFO] [1785834775.736547877] [robot_1]: [Robot 1] Broadcast to 3 peer(s) retention=0.20 (min_sim=0.815)
[robot_node-16] [INFO] [1785834776.382514786] [robot_1]: [Robot 1] Merged from Robot 3 dist=1.71m gate=0.500 z_norm=1.0000
[robot_node-17] [INFO] [1785834777.565739913] [robot_2]: [Robot 2] Merged from Robot 3 dist=1.06m gate=0.500 z_norm=1.0000
[robot_node-18] [INFO] [1785834778.611023988] [robot_3]: [Robot 3] Merged from Robot 2 dist=1.06m gate=0.500 z_norm=1.0000
[robot_node-16] [INFO] [1785834778.994607365] [robot_1]: [Robot 1] Merged from Robot 2 dist=1.06m gate=0.500 z_norm=1.0000
[robot_node-17] [INFO] [1785834779.259674469] [robot_2]: [Robot 2] Merged from Robot 1 dist=1.06m gate=0.500 z_norm=1.0000
[robot_node-18] [INFO] [1785834779.502992125] [robot_3]: [Robot 3] Merged from Robot 1 dist=1.71m gate=0.500 z_norm=1.0000
[robot_node-19] [WARN] [1785834780.516841711] [robot_4]: [Robot 4] /nsk/compress timeout — skipping cycle
[robot_node-19] [WARN] [1785834780.537956217] [robot_4]: [Robot 4] /nsk/merge timeout — skipping cycle
[robot_node-19] [INFO] [1785834780.551027516] [robot_4]: [Robot 4] Merged from Robot 2 dist=1.72m gate=0.500 z_norm=1.0000
[robot_node-19] [INFO] [1785834780.575363541] [robot_4]: [Robot 4] Merged from Robot 1 dist=1.71m gate=0.500 z_norm=1.0000
[robot_node-18] [INFO] [1785834783.370906790] [robot_3]: [Robot 3] Broadcast to 3 peer(s) retention=0.40 (min_sim=0.618)
[robot_node-19] [INFO] [1785834784.014992218] [robot_4]: [Robot 4] Broadcast to 3 peer(s) retention=0.40 (min_sim=0.692)
[robot_node-17] [INFO] [1785834784.373803748] [robot_2]: [Robot 2] Broadcast to 3 peer(s) retention=0.40 (min_sim=0.618)
[robot_node-19] [INFO] [1785834785.254304761] [robot_4]: [Robot 4] Merged from Robot 3 dist=1.06m gate=0.500 z_norm=1.0000
[convergence_monitor-20] [INFO] [1785834785.900972337] [convergence_monitor]: 
[convergence_monitor-20] ════════════════════════════════════════════════════
[convergence_monitor-20] [NSK Monitor  t=816s]  Mean pairwise sim: 0.8289
[convergence_monitor-20]   Δ from last:  +0.0129   Trend: ↑ converging
[convergence_monitor-20]   Active pairs: (0,1)×10  (0,2)×10  (0,3)×8  (0,4)×8  (1,0)×15  (1,2)×60  (1,3)×60  (1,4)×60  (2,0)×18  (2,1)×92  (2,3)×92  (2,4)×92  (3,0)×17  (3,1)×101  (3,2)×101  (3,4)×101  (4,0)×15  (4,1)×75  (4,2)×75  (4,3)×75
[convergence_monitor-20]   Baseline: 0.4811   Rise: +0.3478 (min 0.03)   Stable: 0/3
[convergence_monitor-20]   Status: NOT YET
[convergence_monitor-20] ════════════════════════════════════════════════════
[robot_node-17] [INFO] [1785834786.496348114] [robot_2]: [Robot 2] Merged from Robot 3 dist=1.06m gate=0.500 z_norm=1.0000
[robot_node-17] [INFO] [1785834787.489327385] [robot_2]: [Robot 2] Merged from Robot 4 dist=1.72m gate=0.500 z_norm=1.0000
[robot_node-18] [INFO] [1785834788.037631269] [robot_3]: [Robot 3] Merged from Robot 4 dist=1.06m gate=0.500 z_norm=1.0000
[robot_node-18] [INFO] [1785834788.316896081] [robot_3]: [Robot 3] Merged from Robot 2 dist=1.06m gate=0.500 z_norm=1.0000
[robot_node-16] [WARN] [1785834788.371288305] [robot_1]: [Robot 1] /nsk/compress timeout — skipping cycle
[robot_node-16] [INFO] [1785834788.383531350] [robot_1]: [Robot 1] → EXPLORE
[robot_node-16] [WARN] [1785834788.394413247] [robot_1]: [Robot 1] /nsk/merge timeout — skipping cycle
[robot_node-16] [INFO] [1785834788.435959774] [robot_1]: [Robot 1] Merged from Robot 4 dist=1.71m gate=0.500 z_norm=1.0000
[robot_node-16] [INFO] [1785834788.535725666] [robot_1]: [Robot 1] Merged from Robot 2 dist=1.06m gate=0.500 z_norm=1.0000
[robot_node-19] [INFO] [1785834788.706230094] [robot_4]: [Robot 4] Merged from Robot 2 dist=1.72m gate=0.500 z_norm=1.0000
[robot_node-16] [INFO] [1785834789.111914196] [robot_1]: [Robot 1] → FLOCK (3 peers)
[robot_node-18] [INFO] [1785834791.389850242] [robot_3]: [Robot 3] Broadcast to 3 peer(s) retention=0.40 (min_sim=0.575)
[robot_node-17] [INFO] [1785834791.544268160] [robot_2]: [Robot 2] Broadcast to 3 peer(s) retention=0.40 (min_sim=0.557)
[robot_node-19] [INFO] [1785834792.064574887] [robot_4]: [Robot 4] Broadcast to 3 peer(s) retention=0.40 (min_sim=0.557)
[robot_node-17] [INFO] [1785834792.712873456] [robot_2]: [Robot 2] Merged from Robot 3 dist=1.06m gate=0.500 z_norm=1.0000
[robot_node-19] [INFO] [1785834793.476670215] [robot_4]: [Robot 4] Merged from Robot 3 dist=1.06m gate=0.500 z_norm=1.0000
[robot_node-19] [INFO] [1785834793.989107229] [robot_4]: [Robot 4] Merged from Robot 2 dist=1.72m gate=0.500 z_norm=1.0000
[robot_node-18] [INFO] [1785834794.459924911] [robot_3]: [Robot 3] Merged from Robot 2 dist=1.06m gate=0.500 z_norm=1.0000
[robot_node-18] [INFO] [1785834795.035492027] [robot_3]: [Robot 3] Merged from Robot 4 dist=1.06m gate=0.500 z_norm=1.0000
[robot_node-17] [INFO] [1785834795.521015716] [robot_2]: [Robot 2] Merged from Robot 4 dist=1.72m gate=0.500 z_norm=1.0000
[convergence_monitor-20] [INFO] [1785834795.905859387] [convergence_monitor]: 
[convergence_monitor-20] ════════════════════════��═══════════════════════════
[convergence_monitor-20] [NSK Monitor  t=826s]  Mean pairwise sim: 0.8164
[convergence_monitor-20]   Δ from last:  -0.0125   Trend: ↓ diverging
[convergence_monitor-20]   Active pairs: (0,1)×10  (0,2)×10  (0,3)×8  (0,4)×8  (1,0)×15  (1,2)×60  (1,3)×60  (1,4)×60  (2,0)×18  (2,1)×93  (2,3)×93  (2,4)×93  (3,0)×17  (3,1)×102  (3,2)×102  (3,4)×102  (4,0)×15  (4,1)×76  (4,2)×76  (4,3)×76
[convergence_monitor-20]   Baseline: 0.4811   Rise: +0.3353 (min 0.03)   Stable: 0/3
[convergence_monitor-20]   Status: NOT YET
[convergence_monitor-20] ════════════════════════════════════════════════════
[robot_node-16] [WARN] [1785834796.386036742] [robot_1]: [Robot 1] /nsk/compress timeout — skipping cycle
[robot_node-16] [INFO] [1785834796.405576862] [robot_1]: [Robot 1] Merged from Robot 3 dist=1.71m gate=0.500 z_norm=1.0000
[robot_node-16] [INFO] [1785834796.411522236] [robot_1]: [Robot 1] Merged from Robot 2 dist=1.06m gate=0.500 z_norm=1.0000
[robot_node-16] [INFO] [1785834796.425550282] [robot_1]: [Robot 1] Merged from Robot 4 dist=1.71m gate=0.500 z_norm=1.0000
[robot_node-18] [INFO] [1785834799.385124621] [robot_3]: [Robot 3] Broadcast to 3 peer(s) retention=0.40 (min_sim=0.613)
[robot_node-19] [INFO] [1785834799.724872011] [robot_4]: [Robot 4] Broadcast to 3 peer(s) retention=0.40 (min_sim=0.466)
[robot_node-17] [INFO] [1785834799.900100438] [robot_2]: [Robot 2] Broadcast to 3 peer(s) retention=0.40 (min_sim=0.466)
[robot_node-19] [INFO] [1785834800.501558996] [robot_4]: [Robot 4] Merged from Robot 3 dist=1.06m gate=0.500 z_norm=1.0000
[robot_node-17] [INFO] [1785834801.069896841] [robot_2]: [Robot 2] Merged from Robot 3 dist=1.06m gate=0.500 z_norm=1.0000
[robot_node-18] [INFO] [1785834801.240955492] [robot_3]: [Robot 3] Merged from Robot 4 dist=1.06m gate=0.500 z_norm=1.0000
[robot_node-17] [INFO] [1785834801.574420302] [robot_2]: [Robot 2] Merged from Robot 4 dist=1.72m gate=0.500 z_norm=1.0000
[robot_node-18] [INFO] [1785834802.456986672] [robot_3]: [Robot 3] Merged from Robot 2 dist=1.06m gate=0.500 z_norm=1.0000
[robot_node-19] [INFO] [1785834803.381284805] [robot_4]: [Robot 4] Merged from Robot 2 dist=1.72m gate=0.500 z_norm=1.0000
[robot_node-16] [WARN] [1785834804.381540108] [robot_1]: [Robot 1] /nsk/compress timeout — skipping cycle
[robot_node-16] [INFO] [1785834804.400404740] [robot_1]: [Robot 1] Merged from Robot 3 dist=1.71m gate=0.500 z_norm=1.0000
[robot_node-16] [INFO] [1785834804.408950659] [robot_1]: [Robot 1] Merged from Robot 4 dist=1.71m gate=0.500 z_norm=1.0000
[robot_node-16] [INFO] [1785834804.424304104] [robot_1]: [Robot 1] Merged from Robot 2 dist=1.06m gate=0.500 z_norm=1.0000
[convergence_monitor-20] [INFO] [1785834805.207240902] [convergence_monitor]: 
[convergence_monitor-20] ════════════════════════════════════════════════════
[convergence_monitor-20] [NSK Monitor  t=836s]  Mean pairwise sim: 0.8097
[convergence_monitor-20]   Δ from last:  -0.0067   Trend: ↓ diverging
[convergence_monitor-20]   Active pairs: (0,1)×10  (0,2)×10  (0,3)×8  (0,4)×8  (1,0)×15  (1,2)×60  (1,3)×60  (1,4)×60  (2,0)×18  (2,1)×94  (2,3)×94  (2,4)×94  (3,0)×17  (3,1)×103  (3,2)×103  (3,4)×103  (4,0)×15  (4,1)×77  (4,2)×77  (4,3)×77
[convergence_monitor-20]   Baseline: 0.4811   Rise: +0.3286 (min 0.03)   Stable: 0/3
[convergence_monitor-20]   Status: NOT YET
[convergence_monitor-20] ════════════════════════════════════════════════════
[robot_node-18] [INFO] [1785834807.632867014] [robot_3]: [Robot 3] Broadcast to 3 peer(s) retention=0.40 (min_sim=0.592)
[robot_node-17] [INFO] [1785834807.823446839] [robot_2]: [Robot 2] Broadcast to 3 peer(s) retention=0.40 (min_sim=0.410)
[robot_node-19] [INFO] [1785834808.113236501] [robot_4]: [Robot 4] Broadcast to 3 peer(s) retention=0.40 (min_sim=0.410)
[robot_node-19] [INFO] [1785834809.473336322] [robot_4]: [Robot 4] Merged from Robot 3 dist=1.06m gate=0.500 z_norm=1.0000
[robot_node-17] [INFO] [1785834810.088894515] [robot_2]: [Robot 2] Merged from Robot 3 dist=1.06m gate=0.500 z_norm=1.0000
[robot_node-19] [INFO] [1785834810.583359070] [robot_4]: [Robot 4] Merged from Robot 2 dist=1.72m gate=0.500 z_norm=1.0000
[robot_node-18] [INFO] [1785834810.855861423] [robot_3]: [Robot 3] Merged from Robot 2 dist=1.06m gate=0.500 z_norm=1.0000
[robot_node-17] [INFO] [1785834811.914804049] [robot_2]: [Robot 2] Merged from Robot 4 dist=1.72m gate=0.500 z_norm=1.0000
[robot_node-16] [WARN] [1785834812.657555901] [robot_1]: [Robot 1] /nsk/merge timeout — skipping cycle
[robot_node-16] [WARN] [1785834812.661570768] [robot_1]: [Robot 1] /nsk/compress timeout — skipping cycle
[robot_node-16] [INFO] [1785834812.696174429] [robot_1]: [Robot 1] Merged from Robot 2 dist=1.06m gate=0.500 z_norm=1.0000
[robot_node-18] [INFO] [1785834812.823429233] [robot_3]: [Robot 3] Merged from Robot 4 dist=1.06m gate=0.500 z_norm=1.0000
[robot_node-16] [WARN] [1785834813.141716542] [robot_1]: [Robot 1] /nsk/merge timeout — skipping cycle
[convergence_monitor-20] [INFO] [1785834815.930972956] [convergence_monitor]: 
[convergence_monitor-20] ════════════════════════════════════════════════════
[convergence_monitor-20] [NSK Monitor  t=846s]  Mean pairwise sim: 0.8109
[convergence_monitor-20]   Δ from last:  +0.0013   Trend: → stable
[convergence_monitor-20]   Active pairs: (0,1)×10  (0,2)×10  (0,3)×8  (0,4)×8  (1,0)×15  (1,2)×60  (1,3)×60  (1,4)×60  (2,0)×18  (2,1)×95  (2,3)×95  (2,4)×95  (3,0)×17  (3,1)×104  (3,2)×104  (3,4)×104  (4,0)×15  (4,1)×78  (4,2)×78  (4,3)×78
[convergence_monitor-20]   Baseline: 0.4811   Rise: +0.3298 (min 0.03)   Stable: 1/3
[convergence_monitor-20]   Status: NOT YET
[convergence_monitor-20] ════════════════════════════════════════════════════
[robot_node-18] [INFO] [1785834815.940264489] [robot_3]: [Robot 3] Broadcast to 3 peer(s) retention=0.40 (min_sim=0.635)
[robot_node-19] [INFO] [1785834816.395070253] [robot_4]: [Robot 4] Broadcast to 3 peer(s) retention=0.65 (min_sim=0.377)
[robot_node-17] [INFO] [1785834816.605363172] [robot_2]: [Robot 2] Broadcast to 3 peer(s) retention=0.65 (min_sim=0.377)
[robot_node-19] [INFO] [1785834817.491356123] [robot_4]: [Robot 4] Merged from Robot 3 dist=1.06m gate=0.500 z_norm=1.0000
[robot_node-17] [INFO] [1785834819.280392117] [robot_2]: [Robot 2] Merged from Robot 3 dist=1.06m gate=0.500 z_norm=1.0000
[robot_node-18] [INFO] [1785834819.709237174] [robot_3]: [Robot 3] Merged from Robot 4 dist=1.06m gate=0.500 z_norm=1.0000
[robot_node-17] [INFO] [1785834820.801574354] [robot_2]: [Robot 2] Merged from Robot 4 dist=1.72m gate=0.500 z_norm=1.0000
[robot_node-16] [WARN] [1785834820.962665974] [robot_1]: [Robot 1] /nsk/merge timeout — skipping cycle
[robot_node-16] [WARN] [1785834820.992161128] [robot_1]: [Robot 1] /nsk/compress timeout — skipping cycle
[robot_node-16] [INFO] [1785834821.043637285] [robot_1]: [Robot 1] Merged from Robot 4 dist=1.71m gate=0.500 z_norm=1.0000
[robot_node-19] [INFO] [1785834821.305430473] [robot_4]: [Robot 4] Merged from Robot 2 dist=1.72m gate=0.500 z_norm=1.0000
[robot_node-18] [INFO] [1785834821.602274047] [robot_3]: [Robot 3] Merged from Robot 2 dist=1.06m gate=0.500 z_norm=1.0000
[robot_node-16] [WARN] [1785834821.639385478] [robot_1]: [Robot 1] /nsk/merge timeout — skipping cycle
[robot_node-16] [INFO] [1785834823.463818214] [robot_1]: [Robot 1] Broadcast to 3 peer(s) retention=0.20 (min_sim=0.817)
[robot_node-18] [INFO] [1785834823.470947150] [robot_3]: [Robot 3] Broadcast to 3 peer(s) retention=0.40 (min_sim=0.613)
[robot_node-17] [INFO] [1785834824.010716346] [robot_2]: [Robot 2] Broadcast to 3 peer(s) retention=0.65 (min_sim=0.359)
[robot_node-17] [INFO] [1785834824.423290012] [robot_2]: [Robot 2] Merged from Robot 1 dist=1.06m gate=0.500 z_norm=1.0000
[robot_node-18] [INFO] [1785834824.987879453] [robot_3]: [Robot 3] Merged from Robot 1 dist=1.71m gate=0.500 z_norm=1.0000
[robot_node-16] [INFO] [1785834825.655029954] [robot_1]: [Robot 1] Merged from Robot 3 dist=1.71m gate=0.500 z_norm=1.0000
[convergence_monitor-20] [INFO] [1785834826.097391979] [convergence_monitor]: 
[convergence_monitor-20] ════════════════════════════════════════════════════
[convergence_monitor-20] [NSK Monitor  t=856s]  Mean pairwise sim: 0.8442
[convergence_monitor-20]   Δ from last:  +0.0333   Trend: ↑ converging
[convergence_monitor-20]   Active pairs: (0,1)×10  (0,2)×10  (0,3)×8  (0,4)×8  (1,0)×15  (1,2)×61  (1,3)×61  (1,4)×61  (2,0)×18  (2,1)×97  (2,3)×97  (2,4)×97  (3,0)×17  (3,1)×106  (3,2)×106  (3,4)×106  (4,0)×15  (4,1)×79  (4,2)×79  (4,3)×79
[convergence_monitor-20]   Baseline: 0.4811   Rise: +0.3631 (min 0.03)   Stable: 0/3
[convergence_monitor-20]   Status: NOT YET
[convergence_monitor-20] ════════════════════════════════════════════════════
[robot_node-17] [INFO] [1785834826.102986526] [robot_2]: [Robot 2] Merged from Robot 3 dist=1.06m gate=0.500 z_norm=1.0000
[robot_node-16] [INFO] [1785834826.761969626] [robot_1]: [Robot 1] Merged from Robot 2 dist=1.06m gate=0.500 z_norm=1.0000
[robot_node-18] [INFO] [1785834827.180989494] [robot_3]: [Robot 3] Merged from Robot 2 dist=1.06m gate=0.500 z_norm=1.0000
[robot_node-19] [WARN] [1785834828.447631811] [robot_4]: [Robot 4] /nsk/compress timeout — skipping cycle
[robot_node-19] [INFO] [1785834828.449083075] [robot_4]: [Robot 4] → EXPLORE
[robot_node-19] [INFO] [1785834828.458314732] [robot_4]: [Robot 4] Merged from Robot 1 dist=1.71m gate=0.500 z_norm=1.0000
[robot_node-19] [INFO] [1785834828.465150728] [robot_4]: [Robot 4] Merged from Robot 3 dist=1.06m gate=0.500 z_norm=1.0000
[robot_node-19] [INFO] [1785834828.477896143] [robot_4]: [Robot 4] Merged from Robot 2 dist=1.72m gate=0.500 z_norm=1.0000
[robot_node-19] [INFO] [1785834829.098586117] [robot_4]: [Robot 4] → FLOCK (3 peers)
[robot_node-18] [INFO] [1785834831.347513001] [robot_3]: [Robot 3] Broadcast to 3 peer(s) retention=0.40 (min_sim=0.532)
[robot_node-17] [INFO] [1785834831.814458159] [robot_2]: [Robot 2] Broadcast to 3 peer(s) retention=0.40 (min_sim=0.500)
[robot_node-16] [INFO] [1785834831.825598047] [robot_1]: [Robot 1] Broadcast to 3 peer(s) retention=0.20 (min_sim=0.853)
[robot_node-16] [INFO] [1785834832.392130019] [robot_1]: [Robot 1] Merged from Robot 3 dist=1.71m gate=0.500 z_norm=1.0000
[robot_node-17] [INFO] [1785834834.141291314] [robot_2]: [Robot 2] Merged from Robot 3 dist=1.06m gate=0.500 z_norm=1.0000
[robot_node-18] [INFO] [1785834834.414506457] [robot_3]: [Robot 3] Merged from Robot 2 dist=1.06m gate=0.500 z_norm=1.0000
[robot_node-16] [INFO] [1785834835.333303472] [robot_1]: [Robot 1] Merged from Robot 2 dist=1.06m gate=0.500 z_norm=1.0000
[convergence_monitor-20] [INFO] [1785834835.449169434] [convergence_monitor]: 
[convergence_monitor-20] ════════════════════════════════════════════════════
[convergence_monitor-20] [NSK Monitor  t=866s]  Mean pairwise sim: 0.8410
[convergence_monitor-20]   Δ from last:  -0.0032   Trend: → stable
[convergence_monitor-20]   Active pairs: (0,1)×10  (0,2)×10  (0,3)×8  (0,4)×8  (1,0)×15  (1,2)×62  (1,3)×62  (1,4)×62  (2,0)×18  (2,1)×98  (2,3)×98  (2,4)×98  (3,0)×17  (3,1)×107  (3,2)×107  (3,4)×107  (4,0)×15  (4,1)×79  (4,2)×79  (4,3)×79
[convergence_monitor-20]   Baseline: 0.4811   Rise: +0.3599 (min 0.03)   Stable: 1/3
[convergence_monitor-20]   Status: NOT YET
[convergence_monitor-20] ════════════════════════════════════════════════════
[robot_node-17] [INFO] [1785834835.450189269] [robot_2]: [Robot 2] Merged from Robot 1 dist=1.06m gate=0.500 z_norm=1.0000
[robot_node-18] [INFO] [1785834835.748461896] [robot_3]: [Robot 3] Merged from Robot 1 dist=1.71m gate=0.500 z_norm=1.0000
[robot_node-19] [WARN] [1785834836.340368226] [robot_4]: [Robot 4] /nsk/compress timeout — skipping cycle
[robot_node-19] [INFO] [1785834836.352072651] [robot_4]: [Robot 4] Merged from Robot 3 dist=1.06m gate=0.500 z_norm=1.0000
[robot_node-19] [INFO] [1785834836.370187653] [robot_4]: [Robot 4] Merged from Robot 2 dist=1.72m gate=0.500 z_norm=1.0000
[robot_node-19] [INFO] [1785834836.382773463] [robot_4]: [Robot 4] Merged from Robot 1 dist=1.71m gate=0.500 z_norm=1.0000
[robot_node-18] [INFO] [1785834839.367704394] [robot_3]: [Robot 3] Broadcast to 3 peer(s) retention=0.40 (min_sim=0.552)
[robot_node-19] [INFO] [1785834839.872241768] [robot_4]: [Robot 4] Broadcast to 3 peer(s) retention=0.40 (min_sim=0.627)
[robot_node-17] [INFO] [1785834840.007900565] [robot_2]: [Robot 2] Broadcast to 3 peer(s) retention=0.40 (min_sim=0.552)
[robot_node-17] [INFO] [1785834840.748581437] [robot_2]: [Robot 2] Merged from Robot 3 dist=1.06m gate=0.500 z_norm=1.0000
[robot_node-19] [INFO] [1785834843.102308683] [robot_4]: [Robot 4] Merged from Robot 3 dist=1.06m gate=0.500 z_norm=1.0000
[robot_node-18] [INFO] [1785834843.933679172] [robot_3]: [Robot 3] Merged from Robot 4 dist=1.06m gate=0.500 z_norm=1.0000
[robot_node-16] [WARN] [1785834844.392858675] [robot_1]: [Robot 1] /nsk/compress timeout — skipping cycle
[robot_node-16] [WARN] [1785834844.394110659] [robot_1]: [Robot 1] /nsk/merge timeout — skipping cycle
[robot_node-16] [INFO] [1785834844.416441188] [robot_1]: [Robot 1] → EXPLORE
[robot_node-16] [INFO] [1785834844.503748067] [robot_1]: [Robot 1] Merged from Robot 4 dist=1.71m gate=0.500 z_norm=1.0000
[robot_node-17] [WARN] [1785834844.924214744] [robot_2]: [Robot 2] /nsk/merge timeout — skipping cycle
[robot_node-19] [WARN] [1785834845.040098094] [robot_4]: [Robot 4] /nsk/merge timeout — skipping cycle
[robot_node-16] [WARN] [1785834845.042767028] [robot_1]: [Robot 1] /nsk/merge timeout — skipping cycle
[robot_node-18] [WARN] [1785834845.045088324] [robot_3]: [Robot 3] /nsk/merge timeout — skipping cycle
[robot_node-16] [INFO] [1785834845.125879275] [robot_1]: [Robot 1] → FLOCK (3 peers)
[convergence_monitor-20] [INFO] [1785834845.773504768] [convergence_monitor]: 
[convergence_monitor-20] ════════════════════════════════════════════════════
[convergence_monitor-20] [NSK Monitor  t=876s]  Mean pairwise sim: 0.8292
[convergence_monitor-20]   Δ from last:  -0.0118   Trend: ↓ diverging
[convergence_monitor-20]   Active pairs: (0,1)×10  (0,2)×10  (0,3)×8  (0,4)×8  (1,0)×15  (1,2)×62  (1,3)×62  (1,4)×62  (2,0)×18  (2,1)×99  (2,3)×99  (2,4)×99  (3,0)×17  (3,1)×108  (3,2)×108  (3,4)×108  (4,0)×15  (4,1)×80  (4,2)×80  (4,3)×80
[convergence_monitor-20]   Baseline: 0.4811   Rise: +0.3481 (min 0.03)   Stable: 0/3
[convergence_monitor-20]   Status: NOT YET
[convergence_monitor-20] ════════════════════════════════════════════════════
[robot_node-18] [INFO] [1785834847.269328230] [robot_3]: [Robot 3] Broadcast to 3 peer(s) retention=0.40 (min_sim=0.535)
[robot_node-17] [INFO] [1785834847.508152846] [robot_2]: [Robot 2] Broadcast to 3 peer(s) retention=0.40 (min_sim=0.513)
[robot_node-19] [INFO] [1785834847.827229695] [robot_4]: [Robot 4] Broadcast to 3 peer(s) retention=0.40 (min_sim=0.513)
[robot_node-17] [INFO] [1785834848.709029338] [robot_2]: [Robot 2] Merged from Robot 3 dist=1.06m gate=0.500 z_norm=1.0000
[robot_node-19] [INFO] [1785834850.237398429] [robot_4]: [Robot 4] Merged from Robot 3 dist=1.06m gate=0.500 z_norm=1.0000
[robot_node-18] [INFO] [1785834851.445929911] [robot_3]: [Robot 3] Merged from Robot 2 dist=1.06m gate=0.500 z_norm=1.0000
[robot_node-19] [INFO] [1785834852.108864352] [robot_4]: [Robot 4] Merged from Robot 2 dist=1.72m gate=0.500 z_norm=1.0000
[robot_node-16] [WARN] [1785834852.271979638] [robot_1]: [Robot 1] /nsk/compress timeout — skipping cycle
[robot_node-16] [INFO] [1785834852.300684158] [robot_1]: [Robot 1] Merged from Robot 3 dist=1.71m gate=0.500 z_norm=1.0000
[robot_node-16] [INFO] [1785834852.328535158] [robot_1]: [Robot 1] Merged from Robot 2 dist=1.06m gate=0.500 z_norm=1.0000
[robot_node-17] [WARN] [1785834852.849095094] [robot_2]: [Robot 2] /nsk/merge timeout — skipping cycle
[robot_node-16] [WARN] [1785834852.866162851] [robot_1]: [Robot 1] /nsk/merge timeout — skipping cycle
[robot_node-18] [WARN] [1785834852.882539883] [robot_3]: [Robot 3] /nsk/merge timeout — skipping cycle
[robot_node-18] [INFO] [1785834855.341713375] [robot_3]: [Robot 3] Broadcast to 3 peer(s) retention=0.40 (min_sim=0.591)
[convergence_monitor-20] [INFO] [1785834855.352967185] [convergence_monitor]: 
[convergence_monitor-20] ════════════════════════════════════════════════════
[convergence_monitor-20] [NSK Monitor  t=886s]  Mean pairwise sim: 0.8123
[convergence_monitor-20]   Δ from last:  -0.0168   Trend: ↓ diverging
[convergence_monitor-20]   Active pairs: (0,1)×10  (0,2)×10  (0,3)×8  (0,4)×8  (1,0)×15  (1,2)×62  (1,3)×62  (1,4)×62  (2,0)×18  (2,1)×100  (2,3)×100  (2,4)×100  (3,0)×17  (3,1)×109  (3,2)×109  (3,4)×109  (4,0)×15  (4,1)×81  (4,2)×81  (4,3)×81
[convergence_monitor-20]   Baseline: 0.4811   Rise: +0.3313 (min 0.03)   Stable: 0/3
[convergence_monitor-20]   Status: NOT YET
[convergence_monitor-20] ════════════════════════════════════════════════════
[robot_node-17] [INFO] [1785834855.540021962] [robot_2]: [Robot 2] Broadcast to 3 peer(s) retention=0.40 (min_sim=0.440)
[robot_node-16] [INFO] [1785834855.559526796] [robot_1]: [Robot 1] Broadcast to 3 peer(s) retention=0.20 (min_sim=0.810)
[robot_node-17] [INFO] [1785834856.449789334] [robot_2]: [Robot 2] Merged from Robot 3 dist=1.06m gate=0.500 z_norm=1.0000
[robot_node-16] [INFO] [1785834858.039546120] [robot_1]: [Robot 1] Merged from Robot 3 dist=1.71m gate=0.500 z_norm=1.0000
[robot_node-16] [INFO] [1785834859.864782398] [robot_1]: [Robot 1] Merged from Robot 2 dist=1.06m gate=0.500 z_norm=1.0000
[robot_node-18] [INFO] [1785834860.204597782] [robot_3]: [Robot 3] Merged from Robot 2 dist=1.06m gate=0.500 z_norm=1.0000
[robot_node-19] [WARN] [1785834860.369728687] [robot_4]: [Robot 4] /nsk/compress timeout — skipping cycle
[robot_node-19] [WARN] [1785834860.377260557] [robot_4]: [Robot 4] /nsk/merge timeout — skipping cycle
[robot_node-19] [INFO] [1785834860.387753549] [robot_4]: [Robot 4] → EXPLORE
[robot_node-19] [INFO] [1785834860.415904677] [robot_4]: [Robot 4] Merged from Robot 2 dist=1.72m gate=0.500 z_norm=1.0000
[robot_node-18] [INFO] [1785834860.517492851] [robot_3]: [Robot 3] Merged from Robot 1 dist=1.71m gate=0.500 z_norm=1.0000
[robot_node-19] [WARN] [1785834860.581932584] [robot_4]: [Robot 4] /nsk/merge timeout — skipping cycle
[robot_node-17] [WARN] [1785834860.587682287] [robot_2]: [Robot 2] /nsk/merge timeout — skipping cycle
[robot_node-19] [INFO] [1785834861.095556641] [robot_4]: [Robot 4] → FLOCK (3 peers)
[robot_node-18] [INFO] [1785834863.520503810] [robot_3]: [Robot 3] Broadcast to 3 peer(s) retention=0.40 (min_sim=0.578)
[robot_node-17] [INFO] [1785834863.876221029] [robot_2]: [Robot 2] Broadcast to 3 peer(s) retention=0.40 (min_sim=0.578)
[robot_node-19] [INFO] [1785834864.027432125] [robot_4]: [Robot 4] Broadcast to 3 peer(s) retention=0.40 (min_sim=0.582)
[robot_node-19] [INFO] [1785834864.648842406] [robot_4]: [Robot 4] Merged from Robot 3 dist=1.06m gate=0.500 z_norm=1.0000
[robot_node-17] [INFO] [1785834865.832069071] [robot_2]: [Robot 2] Merged from Robot 3 dist=1.06m gate=0.500 z_norm=1.0000
[convergence_monitor-20] [INFO] [1785834866.221233241] [convergence_monitor]: 
[convergence_monitor-20] ════════════════════════════════════════════════════
[convergence_monitor-20] [NSK Monitor  t=897s]  Mean pairwise sim: 0.8194
[convergence_monitor-20]   Δ from last:  +0.0071   Trend: ↑ converging
[convergence_monitor-20]   Active pairs: (0,1)×10  (0,2)×10  (0,3)×8  (0,4)×8  (1,0)×15  (1,2)×63  (1,3)×63  (1,4)×63  (2,0)×18  (2,1)×102  (2,3)×102  (2,4)×102  (3,0)×17  (3,1)×111  (3,2)×111  (3,4)×111  (4,0)×15  (4,1)×82  (4,2)×82  (4,3)×82
[convergence_monitor-20]   Baseline: 0.4811   Rise: +0.3383 (min 0.03)   Stable: 0/3
[convergence_monitor-20]   Status: NOT YET
[convergence_monitor-20] ════════════════════════════════════════════════════
[robot_node-19] [INFO] [1785834866.891447055] [robot_4]: [Robot 4] Merged from Robot 2 dist=1.72m gate=0.500 z_norm=1.0000
[robot_node-18] [INFO] [1785834867.982711378] [robot_3]: [Robot 3] Merged from Robot 2 dist=1.06m gate=0.500 z_norm=1.0000
[robot_node-16] [WARN] [1785834868.572629960] [robot_1]: [Robot 1] /nsk/compress timeout — skipping cycle
[robot_node-16] [INFO] [1785834868.575353720] [robot_1]: [Robot 1] → EXPLORE
[robot_node-16] [WARN] [1785834868.579934632] [robot_1]: [Robot 1] /nsk/merge timeout — skipping cycle
[robot_node-16] [INFO] [1785834868.685725574] [robot_1]: [Robot 1] Merged from Robot 2 dist=1.06m gate=0.500 z_norm=1.0000
[robot_node-17] [WARN] [1785834869.093118467] [robot_2]: [Robot 2] /nsk/merge timeout — skipping cycle
[robot_node-18] [WARN] [1785834869.100393778] [robot_3]: [Robot 3] /nsk/merge timeout — skipping cycle
[robot_node-16] [WARN] [1785834869.130546518] [robot_1]: [Robot 1] /nsk/merge timeout — skipping cycle
[robot_node-16] [INFO] [1785834869.131184346] [robot_1]: [Robot 1] → FLOCK (3 peers)
[robot_node-18] [INFO] [1785834871.912365280] [robot_3]: [Robot 3] Broadcast to 3 peer(s) retention=0.40 (min_sim=0.612)
[robot_node-16] [INFO] [1785834872.032001594] [robot_1]: [Robot 1] Broadcast to 3 peer(s) retention=0.20 (min_sim=0.794)
[robot_node-17] [INFO] [1785834872.036978417] [robot_2]: [Robot 2] Broadcast to 3 peer(s) retention=0.40 (min_sim=0.482)
[robot_node-16] [INFO] [1785834873.009178239] [robot_1]: [Robot 1] Merged from Robot 3 dist=1.71m gate=0.500 z_norm=1.0000
[robot_node-17] [INFO] [1785834875.432437840] [robot_2]: [Robot 2] Merged from Robot 3 dist=1.06m gate=0.500 z_norm=1.0000
[convergence_monitor-20] [INFO] [1785834876.032366232] [convergence_monitor]: 
[convergence_monitor-20] ════════════════════════════════════════════════════
[convergence_monitor-20] [NSK Monitor  t=906s]  Mean pairwise sim: 0.8053
[convergence_monitor-20]   Δ from last:  -0.0141   Trend: ↓ diverging
[convergence_monitor-20]   Active pairs: (0,1)×10  (0,2)×10  (0,3)×8  (0,4)×8  (1,0)×15  (1,2)×64  (1,3)×64  (1,4)×64  (2,0)×18  (2,1)×103  (2,3)×103  (2,4)×103  (3,0)×17  (3,1)×112  (3,2)×112  (3,4)×112  (4,0)×15  (4,1)×82  (4,2)×82  (4,3)×82
[convergence_monitor-20]   Baseline: 0.4811   Rise: +0.3242 (min 0.03)   Stable: 0/3
[convergence_monitor-20]   Status: NOT YET
[convergence_monitor-20] ════════════════════════════════════════════════════
[robot_node-19] [WARN] [1785834876.273347714] [robot_4]: [Robot 4] /nsk/compress timeout — skipping cycle
[robot_node-18] [INFO] [1785834876.288721076] [robot_3]: [Robot 3] Merged from Robot 1 dist=1.71m gate=0.500 z_norm=1.0000
[robot_node-19] [INFO] [1785834876.305176038] [robot_4]: [Robot 4] → EXPLORE
[robot_node-19] [INFO] [1785834876.338209076] [robot_4]: [Robot 4] Merged from Robot 3 dist=1.06m gate=0.500 z_norm=1.0000
[robot_node-19] [INFO] [1785834876.346723242] [robot_4]: [Robot 4] Merged from Robot 1 dist=1.71m gate=0.500 z_norm=1.0000
[robot_node-17] [INFO] [1785834876.789513686] [robot_2]: [Robot 2] Merged from Robot 1 dist=1.06m gate=0.500 z_norm=1.0000
[robot_node-18] [WARN] [1785834877.111346922] [robot_3]: [Robot 3] /nsk/merge timeout — skipping cycle
[robot_node-16] [WARN] [1785834877.115111172] [robot_1]: [Robot 1] /nsk/merge timeout — skipping cycle
[robot_node-19] [INFO] [1785834877.135049565] [robot_4]: [Robot 4] → FLOCK (3 peers)
[robot_node-19] [WARN] [1785834877.145793563] [robot_4]: [Robot 4] /nsk/merge timeout — skipping cycle
[robot_node-18] [INFO] [1785834880.056831601] [robot_3]: [Robot 3] Broadcast to 3 peer(s) retention=0.40 (min_sim=0.597)
[robot_node-19] [INFO] [1785834880.526852369] [robot_4]: [Robot 4] Broadcast to 3 peer(s) retention=0.40 (min_sim=0.613)
[robot_node-17] [INFO] [1785834880.672143555] [robot_2]: [Robot 2] Broadcast to 3 peer(s) retention=0.40 (min_sim=0.597)
[robot_node-17] [INFO] [1785834882.083779115] [robot_2]: [Robot 2] Merged from Robot 3 dist=1.06m gate=0.500 z_norm=1.0000
[robot_node-19] [INFO] [1785834883.236218289] [robot_4]: [Robot 4] Merged from Robot 3 dist=1.06m gate=0.500 z_norm=1.0000
[robot_node-18] [INFO] [1785834883.834630626] [robot_3]: [Robot 3] Merged from Robot 4 dist=1.06m gate=0.500 z_norm=1.0000
[robot_node-17] [INFO] [1785834884.568926529] [robot_2]: [Robot 2] Merged from Robot 4 dist=1.72m gate=0.500 z_norm=1.0000
[robot_node-16] [WARN] [1785834884.618158402] [robot_1]: [Robot 1] /nsk/compress timeout — skipping cycle
[robot_node-16] [INFO] [1785834884.628960310] [robot_1]: [Robot 1] → EXPLORE
[robot_node-16] [INFO] [1785834884.648311061] [robot_1]: [Robot 1] Merged from Robot 3 dist=1.71m gate=0.500 z_norm=1.0000
[robot_node-16] [INFO] [1785834885.131493426] [robot_1]: [Robot 1] → FLOCK (3 peers)
[robot_node-16] [INFO] [1785834885.260870270] [robot_1]: [Robot 1] Merged from Robot 4 dist=1.71m gate=0.500 z_norm=1.0000
[robot_node-18] [WARN] [1785834885.676046274] [robot_3]: [Robot 3] /nsk/merge timeout — skipping cycle
[robot_node-16] [WARN] [1785834885.706735831] [robot_1]: [Robot 1] /nsk/merge timeout — skipping cycle
[robot_node-19] [WARN] [1785834885.711102476] [robot_4]: [Robot 4] /nsk/merge timeout — skipping cycle
[convergence_monitor-20] [INFO] [1785834886.876068308] [convergence_monitor]: 
[convergence_monitor-20] ════════════════════════════════════════════════════
[convergence_monitor-20] [NSK Monitor  t=917s]  Mean pairwise sim: 0.8341
[convergence_monitor-20]   Δ from last:  +0.0288   Trend: ↑ converging
[convergence_monitor-20]   Active pairs: (0,1)×10  (0,2)×10  (0,3)×8  (0,4)×8  (1,0)×15  (1,2)×64  (1,3)×64  (1,4)×64  (2,0)×18  (2,1)×104  (2,3)×104  (2,4)×104  (3,0)×17  (3,1)×113  (3,2)×113  (3,4)×113  (4,0)×15  (4,1)×83  (4,2)×83  (4,3)×83
[convergence_monitor-20]   Baseline: 0.4811   Rise: +0.3531 (min 0.03)   Stable: 0/3
[convergence_monitor-20]   Status: NOT YET
[convergence_monitor-20] ════════════════════════════════════════════════════
[robot_node-18] [INFO] [1785834887.604690468] [robot_3]: [Robot 3] Broadcast to 3 peer(s) retention=0.40 (min_sim=0.568)
[robot_node-17] [INFO] [1785834887.663010921] [robot_2]: [Robot 2] Broadcast to 3 peer(s) retention=0.40 (min_sim=0.502)
[robot_node-19] [INFO] [1785834888.067623789] [robot_4]: [Robot 4] Broadcast to 3 peer(s) retention=0.40 (min_sim=0.502)
[robot_node-16] [INFO] [1785834888.068234053] [robot_1]: [Robot 1] Broadcast to 3 peer(s) retention=0.20 (min_sim=0.826)
[robot_node-17] [INFO] [1785834888.680555799] [robot_2]: [Robot 2] Merged from Robot 3 dist=1.06m gate=0.500 z_norm=1.0000
[robot_node-19] [INFO] [1785834889.024217601] [robot_4]: [Robot 4] Merged from Robot 3 dist=1.06m gate=0.500 z_norm=1.0000
[robot_node-16] [INFO] [1785834889.708311974] [robot_1]: [Robot 1] Merged from Robot 2 dist=1.06m gate=0.500 z_norm=1.0000
[robot_node-19] [INFO] [1785834890.405050569] [robot_4]: [Robot 4] Merged from Robot 2 dist=1.72m gate=0.500 z_norm=1.0000
[robot_node-18] [INFO] [1785834890.886434000] [robot_3]: [Robot 3] Merged from Robot 2 dist=1.06m gate=0.500 z_norm=1.0000
[robot_node-17] [INFO] [1785834891.213145421] [robot_2]: [Robot 2] Merged from Robot 4 dist=1.72m gate=0.500 z_norm=1.0000
[robot_node-18] [INFO] [1785834891.581418862] [robot_3]: [Robot 3] Merged from Robot 4 dist=1.06m gate=0.500 z_norm=1.0000
[robot_node-18] [INFO] [1785834892.164315095] [robot_3]: [Robot 3] Merged from Robot 1 dist=1.71m gate=0.500 z_norm=1.0000
[robot_node-19] [INFO] [1785834892.596583257] [robot_4]: [Robot 4] Merged from Robot 1 dist=1.71m gate=0.500 z_norm=1.0000
[robot_node-16] [WARN] [1785834892.636638645] [robot_1]: [Robot 1] /nsk/merge timeout — skipping cycle
[robot_node-17] [WARN] [1785834893.073521125] [robot_2]: [Robot 2] /nsk/merge timeout — skipping cycle
[robot_node-16] [WARN] [1785834893.084648038] [robot_1]: [Robot 1] /nsk/merge timeout — skipping cycle
[robot_node-18] [INFO] [1785834895.433233301] [robot_3]: [Robot 3] Broadcast to 3 peer(s) retention=0.20 (min_sim=0.712)
[convergence_monitor-20] [INFO] [1785834895.448088998] [convergence_monitor]: 
[convergence_monitor-20] ════════════════════════════════════════════════════
[convergence_monitor-20] [NSK Monitor  t=926s]  Mean pairwise sim: 0.8339
[convergence_monitor-20]   Δ from last:  -0.0003   Trend: → stable
[convergence_monitor-20]   Active pairs: (0,1)×10  (0,2)×10  (0,3)×8  (0,4)×8  (1,0)×15  (1,2)×65  (1,3)×65  (1,4)×65  (2,0)×18  (2,1)×105  (2,3)×105  (2,4)×105  (3,0)×17  (3,1)×115  (3,2)×115  (3,4)×115  (4,0)×15  (4,1)×84  (4,2)×84  (4,3)×84
[convergence_monitor-20]   Baseline: 0.4811   Rise: +0.3528 (min 0.03)   Stable: 1/3
[convergence_monitor-20]   Status: NOT YET
[convergence_monitor-20] ════════════════════════════════════════════════════
[robot_node-16] [INFO] [1785834895.474455340] [robot_1]: [Robot 1] Broadcast to 3 peer(s) retention=0.20 (min_sim=0.772)
[robot_node-17] [INFO] [1785834895.637698878] [robot_2]: [Robot 2] Broadcast to 3 peer(s) retention=0.40 (min_sim=0.585)
[robot_node-17] [INFO] [1785834897.162341719] [robot_2]: [Robot 2] Merged from Robot 3 dist=1.06m gate=0.500 z_norm=1.0000
[robot_node-16] [INFO] [1785834898.097575114] [robot_1]: [Robot 1] Merged from Robot 3 dist=1.71m gate=0.500 z_norm=1.0000
[robot_node-18] [INFO] [1785834898.183441619] [robot_3]: [Robot 3] Merged from Robot 1 dist=1.71m gate=0.500 z_norm=1.0000
[robot_node-17] [INFO] [1785834898.759708039] [robot_2]: [Robot 2] Merged from Robot 1 dist=1.06m gate=0.500 z_norm=1.0000
[robot_node-18] [INFO] [1785834899.918009436] [robot_3]: [Robot 3] Merged from Robot 2 dist=1.06m gate=0.500 z_norm=1.0000
[robot_node-19] [WARN] [1785834900.430355205] [robot_4]: [Robot 4] /nsk/compress timeout — skipping cycle
[robot_node-19] [INFO] [1785834900.439354423] [robot_4]: [Robot 4] → EXPLORE
[robot_node-19] [INFO] [1785834900.442000280] [robot_4]: [Robot 4] Merged from Robot 3 dist=1.06m gate=0.500 z_norm=1.0000
[robot_node-19] [INFO] [1785834900.464287367] [robot_4]: [Robot 4] Merged from Robot 1 dist=1.71m gate=0.500 z_norm=1.0000
[robot_node-19] [WARN] [1785834900.668399025] [robot_4]: [Robot 4] /nsk/merge timeout — skipping cycle
[robot_node-16] [WARN] [1785834900.674372161] [robot_1]: [Robot 1] /nsk/merge timeout — skipping cycle
[robot_node-19] [INFO] [1785834901.096507869] [robot_4]: [Robot 4] → FLOCK (3 peers)
[robot_node-18] [INFO] [1785834903.886483929] [robot_3]: [Robot 3] Broadcast to 3 peer(s) retention=0.40 (min_sim=0.683)
[robot_node-19] [INFO] [1785834904.131136061] [robot_4]: [Robot 4] Broadcast to 3 peer(s) retention=0.40 (min_sim=0.692)
[robot_node-17] [INFO] [1785834904.201154571] [robot_2]: [Robot 2] Broadcast to 3 peer(s) retention=0.40 (min_sim=0.683)
[robot_node-19] [INFO] [1785834904.950837315] [robot_4]: [Robot 4] Merged from Robot 3 dist=1.06m gate=0.500 z_norm=1.0000
[robot_node-17] [INFO] [1785834905.907306116] [robot_2]: [Robot 2] Merged from Robot 3 dist=1.06m gate=0.500 z_norm=1.0000
[convergence_monitor-20] [INFO] [1785834906.778477583] [convergence_monitor]: 
[convergence_monitor-20] ════════════════════════════════════════════════════
[convergence_monitor-20] [NSK Monitor  t=937s]  Mean pairwise sim: 0.8285
[convergence_monitor-20]   Δ from last:  -0.0054   Trend: ↓ diverging
[convergence_monitor-20]   Active pairs: (0,1)×10  (0,2)×10  (0,3)×8  (0,4)×8  (1,0)×15  (1,2)×66  (1,3)×66  (1,4)×66  (2,0)×18  (2,1)×107  (2,3)×107  (2,4)×107  (3,0)×17  (3,1)×116  (3,2)×116  (3,4)×116  (4,0)×15  (4,1)×85  (4,2)×85  (4,3)×85
[convergence_monitor-20]   Baseline: 0.4811   Rise: +0.3474 (min 0.03)   Stable: 0/3
[convergence_monitor-20]   Status: NOT YET
[convergence_monitor-20] ════════════════════════════════════════════════════
[robot_node-18] [INFO] [1785834907.857709458] [robot_3]: [Robot 3] Merged from Robot 4 dist=1.06m gate=0.500 z_norm=1.0000
[robot_node-17] [INFO] [1785834908.335834419] [robot_2]: [Robot 2] Merged from Robot 4 dist=1.72m gate=0.500 z_norm=1.0000
[robot_node-16] [WARN] [1785834908.874623426] [robot_1]: [Robot 1] /nsk/compress timeout — skipping cycle
[robot_node-16] [INFO] [1785834908.905389794] [robot_1]: [Robot 1] → EXPLORE
[robot_node-16] [INFO] [1785834908.960438249] [robot_1]: [Robot 1] Merged from Robot 3 dist=1.71m gate=0.500 z_norm=1.0000
[robot_node-16] [INFO] [1785834909.129009571] [robot_1]: [Robot 1] → FLOCK (3 peers)
[robot_node-16] [INFO] [1785834909.149673526] [robot_1]: [Robot 1] Merged from Robot 4 dist=1.71m gate=0.500 z_norm=1.0000
[robot_node-19] [WARN] [1785834909.254021759] [robot_4]: [Robot 4] /nsk/merge timeout — skipping cycle
[robot_node-18] [WARN] [1785834909.256010917] [robot_3]: [Robot 3] /nsk/merge timeout — skipping cycle
[robot_node-16] [WARN] [1785834909.269231830] [robot_1]: [Robot 1] /nsk/merge timeout — skipping cycle
[robot_node-17] [INFO] [1785834911.991584007] [robot_2]: [Robot 2] Broadcast to 3 peer(s) retention=0.40 (min_sim=0.556)
[robot_node-19] [INFO] [1785834912.379096575] [robot_4]: [Robot 4] Broadcast to 3 peer(s) retention=0.40 (min_sim=0.556)
[robot_node-18] [INFO] [1785834912.774354480] [robot_3]: [Robot 3] Broadcast to 3 peer(s) retention=0.40 (min_sim=0.625)
[robot_node-18] [INFO] [1785834914.337820664] [robot_3]: [Robot 3] Merged from Robot 2 dist=1.06m gate=0.500 z_norm=1.0000
[robot_node-19] [INFO] [1785834915.055504405] [robot_4]: [Robot 4] Merged from Robot 2 dist=1.72m gate=0.500 z_norm=1.0000
[robot_node-18] [INFO] [1785834915.875359850] [robot_3]: [Robot 3] Merged from Robot 4 dist=1.06m gate=0.500 z_norm=1.0000
[convergence_monitor-20] [INFO] [1785834916.419150590] [convergence_monitor]: 
[convergence_monitor-20] ════════════════════════��═══════════════════════════
[convergence_monitor-20] [NSK Monitor  t=947s]  Mean pairwise sim: 0.8227
[convergence_monitor-20]   Δ from last:  -0.0058   Trend: ↓ diverging
[convergence_monitor-20]   Active pairs: (0,1)×10  (0,2)×10  (0,3)×8  (0,4)×8  (1,0)×15  (1,2)×66  (1,3)×66  (1,4)×66  (2,0)×18  (2,1)×108  (2,3)×108  (2,4)×108  (3,0)×17  (3,1)×117  (3,2)×117  (3,4)×117  (4,0)×15  (4,1)×86  (4,2)×86  (4,3)×86
[convergence_monitor-20]   Baseline: 0.4811   Rise: +0.3416 (min 0.03)   Stable: 0/3
[convergence_monitor-20]   Status: NOT YET
[convergence_monitor-20] ════════════════════════════════════════════════════
[robot_node-16] [WARN] [1785834916.825722930] [robot_1]: [Robot 1] /nsk/compress timeout — skipping cycle
[robot_node-16] [INFO] [1785834916.839823944] [robot_1]: [Robot 1] Merged from Robot 2 dist=1.06m gate=0.500 z_norm=1.0000
[robot_node-16] [INFO] [1785834916.881732536] [robot_1]: [Robot 1] Merged from Robot 4 dist=1.71m gate=0.500 z_norm=1.0000
[robot_node-17] [INFO] [1785834917.120085452] [robot_2]: [Robot 2] Merged from Robot 4 dist=1.72m gate=0.500 z_norm=1.0000
[robot_node-19] [WARN] [1785834917.783632957] [robot_4]: [Robot 4] /nsk/merge timeout — skipping cycle
[robot_node-17] [WARN] [1785834917.793079178] [robot_2]: [Robot 2] /nsk/merge timeout — skipping cycle
[robot_node-16] [WARN] [1785834917.849271498] [robot_1]: [Robot 1] /nsk/merge timeout — skipping cycle
[robot_node-18] [INFO] [1785834919.840462708] [robot_3]: [Robot 3] Broadcast to 3 peer(s) retention=0.40 (min_sim=0.643)
[robot_node-17] [INFO] [1785834920.052816858] [robot_2]: [Robot 2] Broadcast to 3 peer(s) retention=0.40 (min_sim=0.499)
[robot_node-16] [INFO] [1785834920.058504298] [robot_1]: [Robot 1] Broadcast to 3 peer(s) retention=0.20 (min_sim=0.786)
[robot_node-16] [INFO] [1785834920.569463278] [robot_1]: [Robot 1] Merged from Robot 3 dist=1.71m gate=0.500 z_norm=1.0000
[robot_node-17] [INFO] [1785834922.631050311] [robot_2]: [Robot 2] Merged from Robot 3 dist=1.06m gate=0.500 z_norm=1.0000
[robot_node-18] [INFO] [1785834923.459091964] [robot_3]: [Robot 3] Merged from Robot 2 dist=1.06m gate=0.500 z_norm=1.0000
[robot_node-16] [INFO] [1785834923.628877696] [robot_1]: [Robot 1] Merged from Robot 2 dist=1.06m gate=0.500 z_norm=1.0000
[robot_node-17] [INFO] [1785834923.731093101] [robot_2]: [Robot 2] Merged from Robot 1 dist=1.06m gate=0.500 z_norm=1.0000
[robot_node-18] [INFO] [1785834923.878828926] [robot_3]: [Robot 3] Merged from Robot 1 dist=1.71m gate=0.500 z_norm=1.0000
[robot_node-19] [WARN] [1785834924.457781213] [robot_4]: [Robot 4] /nsk/compress timeout — skipping cycle
[robot_node-19] [INFO] [1785834924.459101914] [robot_4]: [Robot 4] → EXPLORE
[robot_node-19] [INFO] [1785834924.475232596] [robot_4]: [Robot 4] Merged from Robot 3 dist=1.06m gate=0.500 z_norm=1.0000
[robot_node-19] [INFO] [1785834924.488726838] [robot_4]: [Robot 4] Merged from Robot 2 dist=1.72m gate=0.500 z_norm=1.0000
[robot_node-19] [INFO] [1785834924.512475343] [robot_4]: [Robot 4] Merged from Robot 1 dist=1.71m gate=0.500 z_norm=1.0000
[robot_node-19] [INFO] [1785834925.095671840] [robot_4]: [Robot 4] → FLOCK (3 peers)
[convergence_monitor-20] [INFO] [1785834925.225469250] [convergence_monitor]: 
[convergence_monitor-20] ════════════════════════════════════════════════════
[convergence_monitor-20] [NSK Monitor  t=956s]  Mean pairwise sim: 0.8214
[convergence_monitor-20]   Δ from last:  -0.0013   Trend: → stable
[convergence_monitor-20]   Active pairs: (0,1)×10  (0,2)×10  (0,3)×8  (0,4)×8  (1,0)×15  (1,2)×67  (1,3)×67  (1,4)×67  (2,0)×18  (2,1)×109  (2,3)×109  (2,4)×109  (3,0)×17  (3,1)×118  (3,2)×118  (3,4)×118  (4,0)×15  (4,1)×86  (4,2)×86  (4,3)×86
[convergence_monitor-20]   Baseline: 0.4811   Rise: +0.3403 (min 0.03)   Stable: 1/3
[convergence_monitor-20]   Status: NOT YET
[convergence_monitor-20] ════════════════════════════════════════════════════
[robot_node-18] [INFO] [1785834927.379059937] [robot_3]: [Robot 3] Broadcast to 3 peer(s) retention=0.40 (min_sim=0.619)
[robot_node-17] [INFO] [1785834927.583779641] [robot_2]: [Robot 2] Broadcast to 3 peer(s) retention=0.40 (min_sim=0.619)
[robot_node-19] [INFO] [1785834928.228983449] [robot_4]: [Robot 4] Broadcast to 3 peer(s) retention=0.40 (min_sim=0.623)
[robot_node-17] [INFO] [1785834928.825390087] [robot_2]: [Robot 2] Merged from Robot 3 dist=1.06m gate=0.500 z_norm=1.0000
[robot_node-19] [INFO] [1785834929.405930335] [robot_4]: [Robot 4] Merged from Robot 3 dist=1.06m gate=0.500 z_norm=1.0000
[robot_node-18] [INFO] [1785834929.853409583] [robot_3]: [Robot 3] Merged from Robot 2 dist=1.06m gate=0.500 z_norm=1.0000
[robot_node-19] [INFO] [1785834930.750570492] [robot_4]: [Robot 4] Merged from Robot 2 dist=1.72m gate=0.500 z_norm=1.0000
[robot_node-17] [INFO] [1785834931.826956997] [robot_2]: [Robot 2] Merged from Robot 4 dist=1.72m gate=0.500 z_norm=1.0000
[robot_node-18] [INFO] [1785834932.264964218] [robot_3]: [Robot 3] Merged from Robot 4 dist=1.06m gate=0.500 z_norm=1.0000
[robot_node-16] [WARN] [1785834932.377053238] [robot_1]: [Robot 1] /nsk/compress timeout — skipping cycle
[robot_node-16] [INFO] [1785834932.378513701] [robot_1]: [Robot 1] → EXPLORE
[robot_node-16] [INFO] [1785834932.392477528] [robot_1]: [Robot 1] Merged from Robot 3 dist=1.71m gate=0.500 z_norm=1.0000
[robot_node-16] [INFO] [1785834932.396193899] [robot_1]: [Robot 1] Merged from Robot 2 dist=1.06m gate=0.500 z_norm=1.0000
[robot_node-16] [INFO] [1785834932.404091903] [robot_1]: [Robot 1] Merged from Robot 4 dist=1.71m gate=0.500 z_norm=1.0000
[robot_node-16] [INFO] [1785834933.112867948] [robot_1]: [Robot 1] → FLOCK (3 peers)
[robot_node-18] [INFO] [1785834935.406918644] [robot_3]: [Robot 3] Broadcast to 3 peer(s) retention=0.40 (min_sim=0.639)
[convergence_monitor-20] [INFO] [1785834935.440699050] [convergence_monitor]: 
[convergence_monitor-20] ════════════════════════════════════════════════════
[convergence_monitor-20] [NSK Monitor  t=966s]  Mean pairwise sim: 0.8241
[convergence_monitor-20]   Δ from last:  +0.0026   Trend: → stable
[convergence_monitor-20]   Active pairs: (0,1)×10  (0,2)×10  (0,3)×8  (0,4)×8  (1,0)×15  (1,2)×67  (1,3)×67  (1,4)×67  (2,0)×18  (2,1)×110  (2,3)×110  (2,4)×110  (3,0)×17  (3,1)×120  (3,2)×120  (3,4)×120  (4,0)×15  (4,1)×87  (4,2)×87  (4,3)×87
[convergence_monitor-20]   Baseline: 0.4811   Rise: +0.3430 (min 0.03)   Stable: 2/3
[convergence_monitor-20]   Status: NOT YET
[convergence_monitor-20] ════════════════════════════════════════════════════
[robot_node-17] [INFO] [1785834935.582885790] [robot_2]: [Robot 2] Broadcast to 3 peer(s) retention=0.40 (min_sim=0.512)
[robot_node-19] [INFO] [1785834935.904466056] [robot_4]: [Robot 4] Broadcast to 3 peer(s) retention=0.40 (min_sim=0.512)
[robot_node-17] [INFO] [1785834936.755308724] [robot_2]: [Robot 2] Merged from Robot 3 dist=1.06m gate=0.500 z_norm=1.0000
[robot_node-19] [INFO] [1785834937.864428916] [robot_4]: [Robot 4] Merged from Robot 3 dist=1.06m gate=0.500 z_norm=1.0000
[robot_node-19] [INFO] [1785834938.194120439] [robot_4]: [Robot 4] Merged from Robot 2 dist=1.72m gate=0.500 z_norm=1.0000
[robot_node-18] [INFO] [1785834939.424971691] [robot_3]: [Robot 3] Merged from Robot 2 dist=1.06m gate=0.500 z_norm=1.0000
[robot_node-17] [INFO] [1785834940.339295753] [robot_2]: [Robot 2] Merged from Robot 4 dist=1.72m gate=0.500 z_norm=1.0000
[robot_node-16] [WARN] [1785834940.441175352] [robot_1]: [Robot 1] /nsk/compress timeout — skipping cycle
[robot_node-16] [WARN] [1785834940.455236701] [robot_1]: [Robot 1] /nsk/merge timeout — skipping cycle
[robot_node-16] [INFO] [1785834940.572970624] [robot_1]: [Robot 1] Merged from Robot 2 dist=1.06m gate=0.500 z_norm=1.0000
[robot_node-18] [INFO] [1785834940.661555718] [robot_3]: [Robot 3] Merged from Robot 4 dist=1.06m gate=0.500 z_norm=1.0000
[robot_node-16] [WARN] [1785834940.953466917] [robot_1]: [Robot 1] /nsk/merge timeout — skipping cycle
[robot_node-18] [INFO] [1785834943.551934693] [robot_3]: [Robot 3] Broadcast to 3 peer(s) retention=0.40 (min_sim=0.660)
[robot_node-17] [INFO] [1785834943.720847917] [robot_2]: [Robot 2] Broadcast to 3 peer(s) retention=0.40 (min_sim=0.440)
[robot_node-16] [INFO] [1785834943.768823661] [robot_1]: [Robot 1] Broadcast to 3 peer(s) retention=0.20 (min_sim=0.767)
[robot_node-17] [INFO] [1785834945.434795174] [robot_2]: [Robot 2] Merged from Robot 3 dist=1.06m gate=0.500 z_norm=1.0000
[robot_node-16] [INFO] [1785834945.925880483] [robot_1]: [Robot 1] Merged from Robot 3 dist=1.71m gate=0.500 z_norm=1.0000
[convergence_monitor-20] [INFO] [1785834945.992806783] [convergence_monitor]: 
[convergence_monitor-20] ════════════════════════════════════════════════════
[convergence_monitor-20] [NSK Monitor  t=976s]  Mean pairwise sim: 0.8411
[convergence_monitor-20]   Δ from last:  +0.0171   Trend: ↑ converging
[convergence_monitor-20]   Active pairs: (0,1)×10  (0,2)×10  (0,3)×8  (0,4)×8  (1,0)×15  (1,2)×68  (1,3)×68  (1,4)×68  (2,0)×18  (2,1)×112  (2,3)×112  (2,4)×112  (3,0)×17  (3,1)×121  (3,2)×121  (3,4)×121  (4,0)×15  (4,1)×88  (4,2)×88  (4,3)×88
[convergence_monitor-20]   Baseline: 0.4811   Rise: +0.3600 (min 0.03)   Stable: 0/3
[convergence_monitor-20]   Status: NOT YET
[convergence_monitor-20] ════════════════════════════════════════════════════
[robot_node-16] [INFO] [1785834947.811244901] [robot_1]: [Robot 1] Merged from Robot 2 dist=1.06m gate=0.500 z_norm=1.0000
[robot_node-19] [WARN] [1785834948.523708653] [robot_4]: [Robot 4] /nsk/compress timeout — skipping cycle
[robot_node-19] [INFO] [1785834948.533625704] [robot_4]: [Robot 4] → EXPLORE
[robot_node-19] [WARN] [1785834948.545417018] [robot_4]: [Robot 4] /nsk/merge timeout — skipping cycle
[robot_node-19] [INFO] [1785834948.570070109] [robot_4]: [Robot 4] Merged from Robot 2 dist=1.72m gate=0.500 z_norm=1.0000
[robot_node-18] [INFO] [1785834948.658893238] [robot_3]: [Robot 3] Merged from Robot 2 dist=1.06m gate=0.500 z_norm=1.0000
[robot_node-17] [WARN] [1785834948.776247378] [robot_2]: [Robot 2] /nsk/merge timeout — skipping cycle
[robot_node-19] [WARN] [1785834948.781105737] [robot_4]: [Robot 4] /nsk/merge timeout — skipping cycle
[robot_node-18] [WARN] [1785834948.787837435] [robot_3]: [Robot 3] /nsk/merge timeout — skipping cycle
[robot_node-19] [INFO] [1785834949.111860888] [robot_4]: [Robot 4] → FLOCK (3 peers)
[robot_node-18] [INFO] [1785834951.473584548] [robot_3]: [Robot 3] Broadcast to 3 peer(s) retention=0.40 (min_sim=0.622)
[robot_node-19] [INFO] [1785834951.764236027] [robot_4]: [Robot 4] Broadcast to 3 peer(s) retention=0.40 (min_sim=0.581)
[robot_node-17] [INFO] [1785834951.897800415] [robot_2]: [Robot 2] Broadcast to 3 peer(s) retention=0.40 (min_sim=0.581)
[robot_node-19] [INFO] [1785834952.099199485] [robot_4]: [Robot 4] Merged from Robot 3 dist=1.06m gate=0.500 z_norm=1.0000
[robot_node-17] [INFO] [1785834952.962305846] [robot_2]: [Robot 2] Merged from Robot 3 dist=1.06m gate=0.500 z_norm=1.0000
[robot_node-18] [INFO] [1785834953.927864972] [robot_3]: [Robot 3] Merged from Robot 4 dist=1.06m gate=0.500 z_norm=1.0000
[robot_node-17] [INFO] [1785834954.772015548] [robot_2]: [Robot 2] Merged from Robot 4 dist=1.72m gate=0.500 z_norm=1.0000
[robot_node-19] [INFO] [1785834955.059396683] [robot_4]: [Robot 4] Merged from Robot 2 dist=1.72m gate=0.500 z_norm=1.0000
[robot_node-18] [INFO] [1785834955.890443527] [robot_3]: [Robot 3] Merged from Robot 2 dist=1.06m gate=0.500 z_norm=1.0000
[robot_node-16] [WARN] [1785834956.469064308] [robot_1]: [Robot 1] /nsk/compress timeout — skipping cycle
[robot_node-16] [INFO] [1785834956.470531518] [robot_1]: [Robot 1] → EXPLORE
[convergence_monitor-20] [INFO] [1785834956.485476717] [convergence_monitor]: 
[convergence_monitor-20] ════════════════════════════════════════════════════
[convergence_monitor-20] [NSK Monitor  t=987s]  Mean pairwise sim: 0.8147
[convergence_monitor-20]   Δ from last:  -0.0264   Trend: ↓ diverging
[convergence_monitor-20]   Active pairs: (0,1)×10  (0,2)×10  (0,3)×8  (0,4)×8  (1,0)×15  (1,2)×68  (1,3)×68  (1,4)×68  (2,0)×18  (2,1)×113  (2,3)×113  (2,4)×113  (3,0)×17  (3,1)×122  (3,2)×122  (3,4)×122  (4,0)×15  (4,1)×89  (4,2)×89  (4,3)×89
[convergence_monitor-20]   Baseline: 0.4811   Rise: +0.3336 (min 0.03)   Stable: 0/3
[convergence_monitor-20]   Status: NOT YET
[convergence_monitor-20] ════════════════════════════════════════════════════
[robot_node-16] [WARN] [1785834956.511996496] [robot_1]: [Robot 1] /nsk/merge timeout — skipping cycle
[robot_node-16] [INFO] [1785834956.520539309] [robot_1]: [Robot 1] Merged from Robot 4 dist=1.71m gate=0.500 z_norm=1.0000
[robot_node-16] [INFO] [1785834956.539524417] [robot_1]: [Robot 1] Merged from Robot 2 dist=1.06m gate=0.500 z_norm=1.0000
[robot_node-16] [INFO] [1785834957.115212305] [robot_1]: [Robot 1] → FLOCK (3 peers)
[robot_node-18] [INFO] [1785834959.362726487] [robot_3]: [Robot 3] Broadcast to 3 peer(s) retention=0.40 (min_sim=0.590)
[robot_node-17] [INFO] [1785834959.505489420] [robot_2]: [Robot 2] Broadcast to 3 peer(s) retention=0.40 (min_sim=0.482)
[robot_node-19] [INFO] [1785834959.971621408] [robot_4]: [Robot 4] Broadcast to 3 peer(s) retention=0.40 (min_sim=0.482)
[robot_node-19] [INFO] [1785834960.546336960] [robot_4]: [Robot 4] Merged from Robot 3 dist=1.06m gate=0.500 z_norm=1.0000
[robot_node-17] [INFO] [1785834961.465756067] [robot_2]: [Robot 2] Merged from Robot 3 dist=1.06m gate=0.500 z_norm=1.0000
[robot_node-18] [INFO] [1785834963.611120683] [robot_3]: [Robot 3] Merged from Robot 2 dist=1.06m gate=0.500 z_norm=1.0000
[robot_node-16] [WARN] [1785834964.339334556] [robot_1]: [Robot 1] /nsk/compress timeout — skipping cycle
[robot_node-16] [INFO] [1785834964.368771923] [robot_1]: [Robot 1] Merged from Robot 3 dist=1.71m gate=0.500 z_norm=1.0000
[robot_node-16] [INFO] [1785834964.452265151] [robot_1]: [Robot 1] Merged from Robot 2 dist=1.06m gate=0.500 z_norm=1.0000
[robot_node-19] [WARN] [1785834964.573190417] [robot_4]: [Robot 4] /nsk/merge timeout — skipping cycle
[robot_node-18] [WARN] [1785834964.943474216] [robot_3]: [Robot 3] /nsk/merge timeout — skipping cycle
[robot_node-17] [WARN] [1785834964.958821898] [robot_2]: [Robot 2] /nsk/merge timeout — skipping cycle
[robot_node-16] [WARN] [1785834965.006708331] [robot_1]: [Robot 1] /nsk/merge timeout — skipping cycle
[convergence_monitor-20] [INFO] [1785834965.848483096] [convergence_monitor]: 
[convergence_monitor-20] ════════════════════════════════════════════════════
[convergence_monitor-20] [NSK Monitor  t=996s]  Mean pairwise sim: 0.8176
[convergence_monitor-20]   Δ from last:  +0.0029   Trend: → stable
[convergence_monitor-20]   Active pairs: (0,1)×10  (0,2)×10  (0,3)×8  (0,4)×8  (1,0)×15  (1,2)×68  (1,3)×68  (1,4)×68  (2,0)×18  (2,1)×114  (2,3)×114  (2,4)×114  (3,0)×17  (3,1)×123  (3,2)×123  (3,4)×123  (4,0)×15  (4,1)×90  (4,2)×90  (4,3)×90
[convergence_monitor-20]   Baseline: 0.4811   Rise: +0.3365 (min 0.03)   Stable: 1/3
[convergence_monitor-20]   Status: NOT YET
[convergence_monitor-20] ════════════════════════════════════════════════════
[robot_node-17] [INFO] [1785834968.154817157] [robot_2]: [Robot 2] Broadcast to 3 peer(s) retention=0.40 (min_sim=0.420)
[robot_node-18] [INFO] [1785834968.337294459] [robot_3]: [Robot 3] Broadcast to 3 peer(s) retention=0.40 (min_sim=0.629)
[robot_node-19] [INFO] [1785834968.702354788] [robot_4]: [Robot 4] Broadcast to 3 peer(s) retention=0.40 (min_sim=0.420)
[robot_node-19] [INFO] [1785834969.179203222] [robot_4]: [Robot 4] Merged from Robot 2 dist=1.72m gate=0.500 z_norm=1.0000
[robot_node-18] [INFO] [1785834969.596295670] [robot_3]: [Robot 3] Merged from Robot 2 dist=1.06m gate=0.500 z_norm=1.0000
[robot_node-17] [INFO] [1785834971.091047545] [robot_2]: [Robot 2] Merged from Robot 3 dist=1.06m gate=0.500 z_norm=1.0000
[robot_node-19] [INFO] [1785834971.586753885] [robot_4]: [Robot 4] Merged from Robot 3 dist=1.06m gate=0.500 z_norm=1.0000
[robot_node-16] [WARN] [1785834972.719307563] [robot_1]: [Robot 1] /nsk/compress timeout — skipping cycle
[robot_node-16] [INFO] [1785834972.752063566] [robot_1]: [Robot 1] Merged from Robot 2 dist=1.06m gate=0.500 z_norm=1.0000
[robot_node-16] [INFO] [1785834972.815591083] [robot_1]: [Robot 1] Merged from Robot 3 dist=1.71m gate=0.500 z_norm=1.0000
[robot_node-17] [INFO] [1785834972.952002654] [robot_2]: [Robot 2] Merged from Robot 4 dist=1.72m gate=0.500 z_norm=1.0000
[robot_node-18] [INFO] [1785834973.472916362] [robot_3]: [Robot 3] Merged from Robot 4 dist=1.06m gate=0.500 z_norm=1.0000
[robot_node-16] [WARN] [1785834973.740309797] [robot_1]: [Robot 1] /nsk/merge timeout — skipping cycle
[convergence_monitor-20] [INFO] [1785834975.439662214] [convergence_monitor]: 
[convergence_monitor-20] ════════════════════════════════════════════════════
[convergence_monitor-20] [NSK Monitor  t=1006s]  Mean pairwise sim: 0.8216
[convergence_monitor-20]   Δ from last:  +0.0040   Trend: → stable
[convergence_monitor-20]   Active pairs: (0,1)×10  (0,2)×10  (0,3)×8  (0,4)×8  (1,0)×15  (1,2)×68  (1,3)×68  (1,4)×68  (2,0)×18  (2,1)×115  (2,3)×115  (2,4)×115  (3,0)×17  (3,1)×124  (3,2)×124  (3,4)×124  (4,0)×15  (4,1)×91  (4,2)×91  (4,3)×91
[convergence_monitor-20]   Baseline: 0.4811   Rise: +0.3405 (min 0.03)   Stable: 2/3
[convergence_monitor-20]   Status: NOT YET
[convergence_monitor-20] ════════════════════════════════════════════════════
[robot_node-18] [INFO] [1785834975.452072430] [robot_3]: [Robot 3] Broadcast to 3 peer(s) retention=0.40 (min_sim=0.660)
[robot_node-19] [INFO] [1785834975.929860974] [robot_4]: [Robot 4] Broadcast to 3 peer(s) retention=0.40 (min_sim=0.421)
[robot_node-17] [INFO] [1785834975.982772302] [robot_2]: [Robot 2] Broadcast to 3 peer(s) retention=0.40 (min_sim=0.421)
[robot_node-17] [INFO] [1785834976.823245454] [robot_2]: [Robot 2] Merged from Robot 3 dist=1.06m gate=0.500 z_norm=1.0000
[robot_node-19] [INFO] [1785834977.869149032] [robot_4]: [Robot 4] Merged from Robot 3 dist=1.06m gate=0.500 z_norm=1.0000
[robot_node-18] [INFO] [1785834978.445507996] [robot_3]: [Robot 3] Merged from Robot 4 dist=1.06m gate=0.500 z_norm=1.0000
[robot_node-17] [INFO] [1785834979.298815013] [robot_2]: [Robot 2] Merged from Robot 4 dist=1.72m gate=0.500 z_norm=1.0000
[robot_node-18] [INFO] [1785834980.319047138] [robot_3]: [Robot 3] Merged from Robot 2 dist=1.06m gate=0.500 z_norm=1.0000
[robot_node-16] [WARN] [1785834980.437310240] [robot_1]: [Robot 1] /nsk/compress timeout — skipping cycle
[robot_node-16] [INFO] [1785834980.472579354] [robot_1]: [Robot 1] Merged from Robot 3 dist=1.71m gate=0.500 z_norm=1.0000
[robot_node-16] [INFO] [1785834980.486377690] [robot_1]: [Robot 1] Merged from Robot 4 dist=1.71m gate=0.500 z_norm=1.0000
[robot_node-16] [INFO] [1785834980.645156745] [robot_1]: [Robot 1] Merged from Robot 2 dist=1.06m gate=0.500 z_norm=1.0000
[robot_node-19] [INFO] [1785834980.955292028] [robot_4]: [Robot 4] Merged from Robot 2 dist=1.72m gate=0.500 z_norm=1.0000
[robot_node-18] [INFO] [1785834983.677849691] [robot_3]: [Robot 3] Broadcast to 3 peer(s) retention=0.40 (min_sim=0.630)
[robot_node-17] [INFO] [1785834983.873100304] [robot_2]: [Robot 2] Broadcast to 3 peer(s) retention=0.65 (min_sim=0.391)
[robot_node-16] [INFO] [1785834983.894281723] [robot_1]: [Robot 1] Broadcast to 3 peer(s) retention=0.20 (min_sim=0.813)
[robot_node-17] [INFO] [1785834985.308005120] [robot_2]: [Robot 2] Merged from Robot 3 dist=1.06m gate=0.500 z_norm=1.0000
[convergence_monitor-20] [INFO] [1785834986.270094495] [convergence_monitor]: 
[convergence_monitor-20] ════════════════════════════════════════════════════
[convergence_monitor-20] [NSK Monitor  t=1017s]  Mean pairwise sim: 0.8393
[convergence_monitor-20]   Δ from last:  +0.0176   Trend: ↑ converging
[convergence_monitor-20]   Active pairs: (0,1)×10  (0,2)×10  (0,3)×8  (0,4)×8  (1,0)×15  (1,2)×69  (1,3)×69  (1,4)×69  (2,0)×18  (2,1)×117  (2,3)×117  (2,4)×117  (3,0)×17  (3,1)×126  (3,2)×126  (3,4)×126  (4,0)×15  (4,1)×92  (4,2)×92  (4,3)×92
[convergence_monitor-20]   Baseline: 0.4811   Rise: +0.3582 (min 0.03)   Stable: 0/3
[convergence_monitor-20]   Status: NOT YET
[convergence_monitor-20] ════════════════════════════════════════════════════
[robot_node-16] [INFO] [1785834986.273593013] [robot_1]: [Robot 1] Merged from Robot 3 dist=1.71m gate=0.500 z_norm=1.0000
[robot_node-16] [INFO] [1785834988.677584573] [robot_1]: [Robot 1] Merged from Robot 2 dist=1.06m gate=0.500 z_norm=1.0000
[robot_node-19] [WARN] [1785834988.697769050] [robot_4]: [Robot 4] /nsk/compress timeout — skipping cycle
[robot_node-19] [WARN] [1785834988.714884296] [robot_4]: [Robot 4] /nsk/merge timeout — skipping cycle
[robot_node-19] [INFO] [1785834988.749736309] [robot_4]: [Robot 4] → EXPLORE
[robot_node-19] [INFO] [1785834988.764247503] [robot_4]: [Robot 4] Merged from Robot 2 dist=1.72m gate=0.500 z_norm=1.0000
[robot_node-18] [WARN] [1785834988.894173391] [robot_3]: [Robot 3] /nsk/merge timeout — skipping cycle
[robot_node-19] [WARN] [1785834988.895379453] [robot_4]: [Robot 4] /nsk/merge timeout — skipping cycle
[robot_node-18] [WARN] [1785834988.901605715] [robot_3]: [Robot 3] /nsk/merge timeout — skipping cycle
[robot_node-17] [WARN] [1785834988.911843484] [robot_2]: [Robot 2] /nsk/merge timeout — skipping cycle
[robot_node-19] [INFO] [1785834989.109123004] [robot_4]: [Robot 4] → FLOCK (3 peers)
[robot_node-18] [INFO] [1785834992.428456244] [robot_3]: [Robot 3] Broadcast to 3 peer(s) retention=0.40 (min_sim=0.584)
[robot_node-19] [INFO] [1785834992.747878903] [robot_4]: [Robot 4] Broadcast to 3 peer(s) retention=0.40 (min_sim=0.531)
[robot_node-17] [INFO] [1785834992.806373715] [robot_2]: [Robot 2] Broadcast to 3 peer(s) retention=0.40 (min_sim=0.531)
[robot_node-17] [INFO] [1785834993.912410315] [robot_2]: [Robot 2] Merged from Robot 3 dist=1.06m gate=0.500 z_norm=1.0000
[robot_node-19] [INFO] [1785834995.327020154] [robot_4]: [Robot 4] Merged from Robot 3 dist=1.06m gate=0.500 z_norm=1.0000
[convergence_monitor-20] [INFO] [1785834996.166957251] [convergence_monitor]: 
[convergence_monitor-20] ════════════════════════════════════════════════════
[convergence_monitor-20] [NSK Monitor  t=1027s]  Mean pairwise sim: 0.8292
[convergence_monitor-20]   Δ from last:  -0.0101   Trend: ↓ diverging
[convergence_monitor-20]   Active pairs: (0,1)×10  (0,2)×10  (0,3)×8  (0,4)×8  (1,0)×15  (1,2)×69  (1,3)×69  (1,4)×69  (2,0)×18  (2,1)×118  (2,3)×118  (2,4)×118  (3,0)×17  (3,1)×127  (3,2)×127  (3,4)×127  (4,0)×15  (4,1)×93  (4,2)×93  (4,3)×93
[convergence_monitor-20]   Baseline: 0.4811   Rise: +0.3481 (min 0.03)   Stable: 0/3
[convergence_monitor-20]   Status: NOT YET
[convergence_monitor-20] ════════════════════════════════════════════════════
[robot_node-16] [WARN] [1785834996.974205580] [robot_1]: [Robot 1] /nsk/compress timeout — skipping cycle
[robot_node-16] [INFO] [1785834996.975544007] [robot_1]: [Robot 1] → EXPLORE
[robot_node-16] [INFO] [1785834997.031779600] [robot_1]: [Robot 1] Merged from Robot 3 dist=1.71m gate=0.500 z_norm=1.0000
[robot_node-16] [INFO] [1785834997.114882224] [robot_1]: [Robot 1] → FLOCK (3 peers)
[robot_node-17] [INFO] [1785834997.255715009] [robot_2]: [Robot 2] Merged from Robot 4 dist=1.72m gate=0.500 z_norm=1.0000
[robot_node-18] [WARN] [1785834997.783568898] [robot_3]: [Robot 3] /nsk/merge timeout — skipping cycle
[robot_node-18] [WARN] [1785834997.823406383] [robot_3]: [Robot 3] /nsk/merge timeout — skipping cycle
[robot_node-16] [WARN] [1785834997.827821390] [robot_1]: [Robot 1] /nsk/merge timeout — skipping cycle
[robot_node-16] [WARN] [1785834997.834093244] [robot_1]: [Robot 1] /nsk/merge timeout — skipping cycle
[robot_node-19] [WARN] [1785834997.849621859] [robot_4]: [Robot 4] /nsk/merge timeout — skipping cycle
[robot_node-18] [INFO] [1785835000.277458837] [robot_3]: [Robot 3] Broadcast to 3 peer(s) retention=0.40 (min_sim=0.568)
[robot_node-17] [INFO] [1785835001.244574676] [robot_2]: [Robot 2] Broadcast to 3 peer(s) retention=0.40 (min_sim=0.568)
[robot_node-19] [INFO] [1785835001.630065704] [robot_4]: [Robot 4] Merged from Robot 3 dist=1.06m gate=0.500 z_norm=1.0000
[robot_node-19] [INFO] [1785835002.038492674] [robot_4]: [Robot 4] Broadcast to 3 peer(s) retention=0.40 (min_sim=0.453)
[robot_node-17] [INFO] [1785835002.874386099] [robot_2]: [Robot 2] Merged from Robot 3 dist=1.06m gate=0.500 z_norm=1.0000
[robot_node-18] [INFO] [1785835004.101116965] [robot_3]: [Robot 3] Merged from Robot 2 dist=1.06m gate=0.500 z_norm=1.0000
[robot_node-19] [INFO] [1785835004.315950379] [robot_4]: [Robot 4] Merged from Robot 2 dist=1.72m gate=0.500 z_norm=1.0000
[robot_node-17] [INFO] [1785835005.214323532] [robot_2]: [Robot 2] Merged from Robot 4 dist=1.72m gate=0.500 z_norm=1.0000
[robot_node-16] [WARN] [1785835005.347074859] [robot_1]: [Robot 1] /nsk/merge timeout — skipping cycle
[robot_node-16] [INFO] [1785835005.383913308] [robot_1]: [Robot 1] Broadcast to 3 peer(s) retention=0.20 (min_sim=0.854)
[robot_node-16] [INFO] [1785835005.430043398] [robot_1]: [Robot 1] Merged from Robot 2 dist=1.06m gate=0.500 z_norm=1.0000
[robot_node-16] [INFO] [1785835005.989222040] [robot_1]: [Robot 1] Merged from Robot 4 dist=1.71m gate=0.500 z_norm=1.0000
[robot_node-18] [INFO] [1785835006.235288603] [robot_3]: [Robot 3] Merged from Robot 4 dist=1.06m gate=0.500 z_norm=1.0000
[convergence_monitor-20] [INFO] [1785835006.241713699] [convergence_monitor]: 
[convergence_monitor-20] ════════════════════════════════════════════════════
[convergence_monitor-20] [NSK Monitor  t=1037s]  Mean pairwise sim: 0.8135
[convergence_monitor-20]   Δ from last:  -0.0157   Trend: ↓ diverging
[convergence_monitor-20]   Active pairs: (0,1)×10  (0,2)×10  (0,3)×8  (0,4)×8  (1,0)×15  (1,2)×70  (1,3)×70  (1,4)×70  (2,0)×18  (2,1)×119  (2,3)×119  (2,4)×119  (3,0)×17  (3,1)×128  (3,2)×128  (3,4)×128  (4,0)×15  (4,1)×94  (4,2)×94  (4,3)×94
[convergence_monitor-20]   Baseline: 0.4811   Rise: +0.3325 (min 0.03)   Stable: 0/3
[convergence_monitor-20]   Status: NOT YET
[convergence_monitor-20] ════════════════════════════════════════════════════
[robot_node-18] [INFO] [1785835006.423553302] [robot_3]: [Robot 3] Merged from Robot 1 dist=1.71m gate=0.500 z_norm=1.0000
[robot_node-19] [INFO] [1785835006.527079462] [robot_4]: [Robot 4] Merged from Robot 1 dist=1.71m gate=0.500 z_norm=1.0000
[robot_node-17] [INFO] [1785835006.711387792] [robot_2]: [Robot 2] Merged from Robot 1 dist=1.06m gate=0.500 z_norm=1.0000
[robot_node-18] [INFO] [1785835007.335406981] [robot_3]: [Robot 3] Broadcast to 3 peer(s) retention=0.20 (min_sim=0.709)
[robot_node-17] [INFO] [1785835007.508472183] [robot_2]: [Robot 2] Broadcast to 3 peer(s) retention=0.40 (min_sim=0.556)
[robot_node-16] [INFO] [1785835007.534550625] [robot_1]: [Robot 1] Broadcast to 3 peer(s) retention=0.20 (min_sim=0.730)
[robot_node-17] [INFO] [1785835008.099086867] [robot_2]: [Robot 2] Merged from Robot 3 dist=1.06m gate=0.500 z_norm=1.0000
[robot_node-16] [INFO] [1785835009.389078087] [robot_1]: [Robot 1] Merged from Robot 3 dist=1.71m gate=0.500 z_norm=1.0000
[robot_node-18] [INFO] [1785835010.193286911] [robot_3]: [Robot 3] Merged from Robot 2 dist=1.06m gate=0.500 z_norm=1.0000
[robot_node-16] [INFO] [1785835010.531214105] [robot_1]: [Robot 1] Merged from Robot 2 dist=1.06m gate=0.500 z_norm=1.0000
[robot_node-18] [INFO] [1785835010.812756548] [robot_3]: [Robot 3] Merged from Robot 1 dist=1.71m gate=0.500 z_norm=1.0000
[robot_node-17] [INFO] [1785835011.239844811] [robot_2]: [Robot 2] Merged from Robot 1 dist=1.06m gate=0.500 z_norm=1.0000
[robot_node-19] [WARN] [1785835012.352788499] [robot_4]: [Robot 4] /nsk/compress timeout — skipping cycle
[robot_node-19] [WARN] [1785835012.355633876] [robot_4]: [Robot 4] /nsk/merge timeout — skipping cycle
[robot_node-19] [INFO] [1785835012.360237566] [robot_4]: [Robot 4] → EXPLORE
[robot_node-19] [INFO] [1785835012.384440607] [robot_4]: [Robot 4] Merged from Robot 2 dist=1.72m gate=0.500 z_norm=1.0000
[robot_node-19] [INFO] [1785835012.392530260] [robot_4]: [Robot 4] Merged from Robot 1 dist=1.71m gate=0.500 z_norm=1.0000
[robot_node-19] [INFO] [1785835013.092547822] [robot_4]: [Robot 4] → FLOCK (3 peers)
[convergence_monitor-20] [INFO] [1785835015.387331692] [convergence_monitor]: 
[convergence_monitor-20] ════════════════════════════════════════════════════
[convergence_monitor-20] [NSK Monitor  t=1046s]  Mean pairwise sim: 0.8232
[convergence_monitor-20]   Δ from last:  +0.0097   Trend: ↑ converging
[convergence_monitor-20]   Active pairs: (0,1)×10  (0,2)×10  (0,3)×8  (0,4)×8  (1,0)×15  (1,2)×71  (1,3)×71  (1,4)×71  (2,0)×18  (2,1)×120  (2,3)×120  (2,4)×120  (3,0)×17  (3,1)×129  (3,2)×129  (3,4)×129  (4,0)×15  (4,1)×94  (4,2)×94  (4,3)×94
[convergence_monitor-20]   Baseline: 0.4811   Rise: +0.3421 (min 0.03)   Stable: 0/3
[convergence_monitor-20]   Status: NOT YET
[convergence_monitor-20] ════════════════════════════════════════════════════
[robot_node-18] [INFO] [1785835015.405808450] [robot_3]: [Robot 3] Broadcast to 3 peer(s) retention=0.40 (min_sim=0.679)
[robot_node-19] [INFO] [1785835015.686488939] [robot_4]: [Robot 4] Broadcast to 3 peer(s) retention=0.40 (min_sim=0.674)
[robot_node-16] [INFO] [1785835015.704553627] [robot_1]: [Robot 1] Broadcast to 3 peer(s) retention=0.20 (min_sim=0.782)
[robot_node-19] [INFO] [1785835016.360865696] [robot_4]: [Robot 4] Merged from Robot 3 dist=1.06m gate=0.500 z_norm=1.0000
[robot_node-16] [INFO] [1785835017.406789829] [robot_1]: [Robot 1] Merged from Robot 3 dist=1.71m gate=0.500 z_norm=1.0000
[robot_node-16] [INFO] [1785835018.706202952] [robot_1]: [Robot 1] Merged from Robot 4 dist=1.71m gate=0.500 z_norm=1.0000
[robot_node-18] [INFO] [1785835019.210388362] [robot_3]: [Robot 3] Merged from Robot 4 dist=1.06m gate=0.500 z_norm=1.0000
[robot_node-18] [INFO] [1785835019.313204720] [robot_3]: [Robot 3] Merged from Robot 1 dist=1.71m gate=0.500 z_norm=1.0000
[robot_node-19] [INFO] [1785835019.605151967] [robot_4]: [Robot 4] Merged from Robot 1 dist=1.71m gate=0.500 z_norm=1.0000
[robot_node-17] [WARN] [1785835020.392009287] [robot_2]: [Robot 2] /nsk/compress timeout — skipping cycle
[robot_node-17] [INFO] [1785835020.393422908] [robot_2]: [Robot 2] → EXPLORE
[robot_node-17] [INFO] [1785835020.399870594] [robot_2]: [Robot 2] Merged from Robot 3 dist=1.06m gate=0.500 z_norm=1.0000
[robot_node-17] [INFO] [1785835020.402053832] [robot_2]: [Robot 2] Merged from Robot 4 dist=1.72m gate=0.500 z_norm=1.0000
[robot_node-17] [INFO] [1785835020.406771998] [robot_2]: [Robot 2] Merged from Robot 1 dist=1.06m gate=0.500 z_norm=1.0000
[robot_node-17] [INFO] [1785835021.053569790] [robot_2]: [Robot 2] → FLOCK (3 peers)
[robot_node-18] [INFO] [1785835023.288186937] [robot_3]: [Robot 3] Broadcast to 3 peer(s) retention=0.20 (min_sim=0.708)
[robot_node-17] [INFO] [1785835023.401904415] [robot_2]: [Robot 2] Broadcast to 3 peer(s) retention=0.20 (min_sim=0.751)
[robot_node-19] [INFO] [1785835023.782203188] [robot_4]: [Robot 4] Broadcast to 3 peer(s) retention=0.40 (min_sim=0.632)
[robot_node-19] [INFO] [1785835024.512275844] [robot_4]: [Robot 4] Merged from Robot 3 dist=1.06m gate=0.500 z_norm=1.0000
[robot_node-17] [INFO] [1785835025.726767175] [robot_2]: [Robot 2] Merged from Robot 3 dist=1.06m gate=0.500 z_norm=1.0000
[convergence_monitor-20] [INFO] [1785835026.013603846] [convergence_monitor]: 
[convergence_monitor-20] ════════════════════════════════════════════════════
[convergence_monitor-20] [NSK Monitor  t=1056s]  Mean pairwise sim: 0.8176
[convergence_monitor-20]   Δ from last:  -0.0056   Trend: ↓ diverging
[convergence_monitor-20]   Active pairs: (0,1)×10  (0,2)×10  (0,3)×8  (0,4)×8  (1,0)×15  (1,2)×72  (1,3)×72  (1,4)×72  (2,0)×18  (2,1)×121  (2,3)×121  (2,4)×121  (3,0)×17  (3,1)×131  (3,2)×131  (3,4)×131  (4,0)×15  (4,1)×96  (4,2)×96  (4,3)×96
[convergence_monitor-20]   Baseline: 0.4811   Rise: +0.3366 (min 0.03)   Stable: 0/3
[convergence_monitor-20]   Status: NOT YET
[convergence_monitor-20] ════════════════════════════════════════════════════
[robot_node-19] [INFO] [1785835026.041443550] [robot_4]: [Robot 4] Merged from Robot 2 dist=1.72m gate=0.500 z_norm=1.0000
[robot_node-18] [INFO] [1785835026.445050630] [robot_3]: [Robot 3] Merged from Robot 2 dist=1.06m gate=0.500 z_norm=1.0000
[robot_node-17] [INFO] [1785835027.041996356] [robot_2]: [Robot 2] Merged from Robot 4 dist=1.72m gate=0.500 z_norm=1.0000
[robot_node-18] [INFO] [1785835027.532494617] [robot_3]: [Robot 3] Merged from Robot 4 dist=1.06m gate=0.500 z_norm=1.0000
[robot_node-16] [WARN] [1785835028.314506938] [robot_1]: [Robot 1] /nsk/merge timeout — skipping cycle
[robot_node-16] [WARN] [1785835028.317322490] [robot_1]: [Robot 1] /nsk/compress timeout — skipping cycle
[robot_node-16] [INFO] [1785835028.322322864] [robot_1]: [Robot 1] → EXPLORE
[robot_node-16] [INFO] [1785835028.338100983] [robot_1]: [Robot 1] Merged from Robot 2 dist=1.06m gate=0.500 z_norm=1.0000
[robot_node-16] [INFO] [1785835028.347815945] [robot_1]: [Robot 1] Merged from Robot 4 dist=1.71m gate=0.500 z_norm=1.0000
[robot_node-16] [INFO] [1785835029.119462600] [robot_1]: [Robot 1] → FLOCK (3 peers)
[robot_node-18] [INFO] [1785835031.651054345] [robot_3]: [Robot 3] Broadcast to 3 peer(s) retention=0.20 (min_sim=0.770)
[robot_node-17] [INFO] [1785835031.850101267] [robot_2]: [Robot 2] Broadcast to 3 peer(s) retention=0.40 (min_sim=0.608)
[robot_node-19] [INFO] [1785835032.213794062] [robot_4]: [Robot 4] Broadcast to 3 peer(s) retention=0.40 (min_sim=0.608)
[robot_node-17] [INFO] [1785835033.364088749] [robot_2]: [Robot 2] Merged from Robot 3 dist=1.06m gate=0.500 z_norm=1.0000
[robot_node-19] [INFO] [1785835034.134655139] [robot_4]: [Robot 4] Merged from Robot 3 dist=1.06m gate=0.500 z_norm=1.0000
[robot_node-19] [INFO] [1785835034.646448973] [robot_4]: [Robot 4] Merged from Robot 2 dist=1.72m gate=0.500 z_norm=1.0000
[robot_node-18] [INFO] [1785835034.951710651] [robot_3]: [Robot 3] Merged from Robot 2 dist=1.06m gate=0.500 z_norm=1.0000
[robot_node-18] [INFO] [1785835035.397320091] [robot_3]: [Robot 3] Merged from Robot 4 dist=1.06m gate=0.500 z_norm=1.0000
[convergence_monitor-20] [INFO] [1785835036.095207192] [convergence_monitor]: 
[convergence_monitor-20] ════════════════════════════════════════════════════
[convergence_monitor-20] [NSK Monitor  t=1066s]  Mean pairwise sim: 0.8514
[convergence_monitor-20]   Δ from last:  +0.0338   Trend: ↑ converging
[convergence_monitor-20]   Active pairs: (0,1)×10  (0,2)×10  (0,3)×8  (0,4)×8  (1,0)×15  (1,2)×72  (1,3)×72  (1,4)×72  (2,0)×18  (2,1)×122  (2,3)×122  (2,4)×122  (3,0)×17  (3,1)×132  (3,2)×132  (3,4)×132  (4,0)×15  (4,1)×97  (4,2)×97  (4,3)×97
[convergence_monitor-20]   Baseline: 0.4811   Rise: +0.3703 (min 0.03)   Stable: 0/3
[convergence_monitor-20]   Status: NOT YET
[convergence_monitor-20] ════════════════════════════════════════════════════
[robot_node-17] [INFO] [1785835036.455442917] [robot_2]: [Robot 2] Merged from Robot 4 dist=1.72m gate=0.500 z_norm=1.0000
[robot_node-16] [WARN] [1785835036.645487855] [robot_1]: [Robot 1] /nsk/compress timeout — skipping cycle
[robot_node-16] [INFO] [1785835036.650393808] [robot_1]: [Robot 1] Merged from Robot 3 dist=1.71m gate=0.500 z_norm=1.0000
[robot_node-16] [INFO] [1785835036.656810996] [robot_1]: [Robot 1] Merged from Robot 2 dist=1.06m gate=0.500 z_norm=1.0000
[robot_node-16] [INFO] [1785835036.676265462] [robot_1]: [Robot 1] Merged from Robot 4 dist=1.71m gate=0.500 z_norm=1.0000
[robot_node-18] [INFO] [1785835039.596097166] [robot_3]: [Robot 3] Broadcast to 3 peer(s) retention=0.20 (min_sim=0.747)
[robot_node-19] [INFO] [1785835039.969943395] [robot_4]: [Robot 4] Broadcast to 3 peer(s) retention=0.40 (min_sim=0.506)
[robot_node-17] [INFO] [1785835040.109597560] [robot_2]: [Robot 2] Broadcast to 3 peer(s) retention=0.40 (min_sim=0.506)
[robot_node-19] [INFO] [1785835040.789048642] [robot_4]: [Robot 4] Merged from Robot 3 dist=1.06m gate=0.500 z_norm=1.0000
[robot_node-17] [INFO] [1785835041.978724731] [robot_2]: [Robot 2] Merged from Robot 3 dist=1.06m gate=0.500 z_norm=1.0000
[robot_node-17] [INFO] [1785835042.961382439] [robot_2]: [Robot 2] Merged from Robot 4 dist=1.72m gate=0.500 z_norm=1.0000
[robot_node-18] [INFO] [1785835043.587363747] [robot_3]: [Robot 3] Merged from Robot 4 dist=1.06m gate=0.500 z_norm=1.0000
[robot_node-19] [INFO] [1785835043.918920564] [robot_4]: [Robot 4] Merged from Robot 2 dist=1.72m gate=0.500 z_norm=1.0000
[robot_node-18] [INFO] [1785835044.335328258] [robot_3]: [Robot 3] Merged from Robot 2 dist=1.06m gate=0.500 z_norm=1.0000
[robot_node-16] [WARN] [1785835044.619526188] [robot_1]: [Robot 1] /nsk/merge timeout — skipping cycle
[robot_node-16] [WARN] [1785835044.622937837] [robot_1]: [Robot 1] /nsk/compress timeout — skipping cycle
[robot_node-16] [INFO] [1785835044.634490275] [robot_1]: [Robot 1] Merged from Robot 4 dist=1.71m gate=0.500 z_norm=1.0000
[robot_node-16] [INFO] [1785835044.638494058] [robot_1]: [Robot 1] Merged from Robot 2 dist=1.06m gate=0.500 z_norm=1.0000
[convergence_monitor-20] [INFO] [1785835045.221283462] [convergence_monitor]: 
[convergence_monitor-20] ════════════════════════════════════════════════════
[convergence_monitor-20] [NSK Monitor  t=1076s]  Mean pairwise sim: 0.8271
[convergence_monitor-20]   Δ from last:  -0.0243   Trend: ↓ diverging
[convergence_monitor-20]   Active pairs: (0,1)×10  (0,2)×10  (0,3)×8  (0,4)×8  (1,0)×15  (1,2)×72  (1,3)×72  (1,4)×72  (2,0)×18  (2,1)×123  (2,3)×123  (2,4)×123  (3,0)×17  (3,1)×133  (3,2)×133  (3,4)×133  (4,0)×15  (4,1)×98  (4,2)×98  (4,3)×98
[convergence_monitor-20]   Baseline: 0.4811   Rise: +0.3460 (min 0.03)   Stable: 0/3
[convergence_monitor-20]   Status: NOT YET
[convergence_monitor-20] ════════════════════════════════════════════════════
[robot_node-18] [INFO] [1785835047.569166978] [robot_3]: [Robot 3] Broadcast to 3 peer(s) retention=0.40 (min_sim=0.688)
[robot_node-17] [INFO] [1785835047.746973476] [robot_2]: [Robot 2] Broadcast to 3 peer(s) retention=0.40 (min_sim=0.441)
[robot_node-19] [INFO] [1785835048.076878002] [robot_4]: [Robot 4] Broadcast to 3 peer(s) retention=0.40 (min_sim=0.441)
[robot_node-17] [INFO] [1785835048.767848946] [robot_2]: [Robot 2] Merged from Robot 3 dist=1.06m gate=0.500 z_norm=1.0000
[robot_node-19] [INFO] [1785835049.894411845] [robot_4]: [Robot 4] Merged from Robot 3 dist=1.06m gate=0.500 z_norm=1.0000
[robot_node-18] [INFO] [1785835050.425756410] [robot_3]: [Robot 3] Merged from Robot 2 dist=1.06m gate=0.500 z_norm=1.0000
[robot_node-19] [INFO] [1785835051.431751810] [robot_4]: [Robot 4] Merged from Robot 2 dist=1.72m gate=0.500 z_norm=1.0000
[robot_node-17] [INFO] [1785835052.265626680] [robot_2]: [Robot 2] Merged from Robot 4 dist=1.72m gate=0.500 z_norm=1.0000
[robot_node-16] [WARN] [1785835052.557572967] [robot_1]: [Robot 1] /nsk/compress timeout — skipping cycle
[robot_node-16] [INFO] [1785835052.582347123] [robot_1]: [Robot 1] Merged from Robot 3 dist=1.71m gate=0.500 z_norm=1.0000
[robot_node-16] [INFO] [1785835052.614442738] [robot_1]: [Robot 1] Merged from Robot 2 dist=1.06m gate=0.500 z_norm=1.0000
[robot_node-16] [INFO] [1785835052.624868466] [robot_1]: [Robot 1] Merged from Robot 4 dist=1.71m gate=0.500 z_norm=1.0000
[robot_node-18] [INFO] [1785835052.737995437] [robot_3]: [Robot 3] Merged from Robot 4 dist=1.06m gate=0.500 z_norm=1.0000
[convergence_monitor-20] [INFO] [1785835055.272013199] [convergence_monitor]: 
[convergence_monitor-20] ════════════════════════════════════════════════════
[convergence_monitor-20] [NSK Monitor  t=1086s]  Mean pairwise sim: 0.8220
[convergence_monitor-20]   Δ from last:  -0.0051   Trend: ↓ diverging
[convergence_monitor-20]   Active pairs: (0,1)×10  (0,2)×10  (0,3)×8  (0,4)×8  (1,0)×15  (1,2)×72  (1,3)×72  (1,4)×72  (2,0)×18  (2,1)×124  (2,3)×124  (2,4)×124  (3,0)×17  (3,1)×134  (3,2)×134  (3,4)×134  (4,0)×15  (4,1)×99  (4,2)×99  (4,3)×99
[convergence_monitor-20]   Baseline: 0.4811   Rise: +0.3409 (min 0.03)   Stable: 0/3
[convergence_monitor-20]   Status: NOT YET
[convergence_monitor-20] ════════════════════════════════════════════════════
[robot_node-18] [INFO] [1785835055.283127686] [robot_3]: [Robot 3] Broadcast to 3 peer(s) retention=0.40 (min_sim=0.699)
[robot_node-17] [INFO] [1785835055.753652750] [robot_2]: [Robot 2] Broadcast to 3 peer(s) retention=0.40 (min_sim=0.400)
[robot_node-16] [INFO] [1785835055.804467088] [robot_1]: [Robot 1] Broadcast to 3 peer(s) retention=0.20 (min_sim=0.764)
[robot_node-16] [INFO] [1785835056.164725390] [robot_1]: [Robot 1] Merged from Robot 3 dist=1.71m gate=0.500 z_norm=1.0000
[robot_node-17] [INFO] [1785835057.761709527] [robot_2]: [Robot 2] Merged from Robot 3 dist=1.06m gate=0.500 z_norm=1.0000
[robot_node-18] [INFO] [1785835058.323238244] [robot_3]: [Robot 3] Merged from Robot 2 dist=1.06m gate=0.500 z_norm=1.0000
[robot_node-16] [INFO] [1785835058.866792081] [robot_1]: [Robot 1] Merged from Robot 2 dist=1.06m gate=0.500 z_norm=1.0000
[robot_node-18] [INFO] [1785835059.143198359] [robot_3]: [Robot 3] Merged from Robot 1 dist=1.71m gate=0.500 z_norm=1.0000
[robot_node-17] [INFO] [1785835059.271956801] [robot_2]: [Robot 2] Merged from Robot 1 dist=1.06m gate=0.500 z_norm=1.0000
[robot_node-19] [WARN] [1785835060.283990770] [robot_4]: [Robot 4] /nsk/compress timeout — skipping cycle
[robot_node-19] [INFO] [1785835060.287628648] [robot_4]: [Robot 4] → EXPLORE
[robot_node-19] [INFO] [1785835060.294493086] [robot_4]: [Robot 4] Merged from Robot 3 dist=1.06m gate=0.500 z_norm=1.0000
[robot_node-19] [INFO] [1785835060.307547346] [robot_4]: [Robot 4] Merged from Robot 2 dist=1.72m gate=0.500 z_norm=1.0000
[robot_node-19] [INFO] [1785835060.322408630] [robot_4]: [Robot 4] Merged from Robot 1 dist=1.71m gate=0.500 z_norm=1.0000
[robot_node-19] [INFO] [1785835061.094527354] [robot_4]: [Robot 4] → FLOCK (3 peers)
[robot_node-18] [INFO] [1785835063.344458436] [robot_3]: [Robot 3] Broadcast to 3 peer(s) retention=0.40 (min_sim=0.637)
[robot_node-17] [INFO] [1785835063.548873700] [robot_2]: [Robot 2] Broadcast to 3 peer(s) retention=0.40 (min_sim=0.544)
[robot_node-19] [INFO] [1785835064.128560835] [robot_4]: [Robot 4] Broadcast to 3 peer(s) retention=0.40 (min_sim=0.544)
[robot_node-19] [INFO] [1785835064.682371343] [robot_4]: [Robot 4] Merged from Robot 3 dist=1.06m gate=0.500 z_norm=1.0000
[robot_node-17] [INFO] [1785835064.955015816] [robot_2]: [Robot 2] Merged from Robot 3 dist=1.06m gate=0.500 z_norm=1.0000
[robot_node-19] [INFO] [1785835065.240356274] [robot_4]: [Robot 4] Merged from Robot 2 dist=1.72m gate=0.500 z_norm=1.0000
[robot_node-18] [INFO] [1785835065.379491861] [robot_3]: [Robot 3] Merged from Robot 2 dist=1.06m gate=0.500 z_norm=1.0000
[convergence_monitor-20] [INFO] [1785835065.395008221] [convergence_monitor]: 
[convergence_monitor-20] ════════════════════════════════════════════════════
[convergence_monitor-20] [NSK Monitor  t=1096s]  Mean pairwise sim: 0.7855
[convergence_monitor-20]   Δ from last:  -0.0365   Trend: ↓ diverging
[convergence_monitor-20]   Active pairs: (0,1)×10  (0,2)×10  (0,3)×8  (0,4)×8  (1,0)×15  (1,2)×73  (1,3)×73  (1,4)×73  (2,0)×18  (2,1)×126  (2,3)×126  (2,4)×126  (3,0)×17  (3,1)×136  (3,2)×136  (3,4)×136  (4,0)×15  (4,1)×100  (4,2)×100  (4,3)×100
[convergence_monitor-20]   Baseline: 0.4811   Rise: +0.3044 (min 0.03)   Stable: 0/3
[convergence_monitor-20]   Status: NOT YET
[convergence_monitor-20] ════════════════════════════════════════════════════
[robot_node-17] [INFO] [1785835066.013632276] [robot_2]: [Robot 2] Merged from Robot 4 dist=1.72m gate=0.500 z_norm=1.0000
[robot_node-18] [INFO] [1785835066.293680641] [robot_3]: [Robot 3] Merged from Robot 4 dist=1.06m gate=0.500 z_norm=1.0000
[robot_node-16] [WARN] [1785835068.362820789] [robot_1]: [Robot 1] /nsk/merge timeout — skipping cycle
[robot_node-16] [INFO] [1785835068.368479652] [robot_1]: [Robot 1] → EXPLORE
[robot_node-16] [INFO] [1785835068.413863742] [robot_1]: [Robot 1] Broadcast to 3 peer(s) retention=0.20 (min_sim=0.795)
[robot_node-16] [INFO] [1785835068.458516880] [robot_1]: [Robot 1] Merged from Robot 2 dist=1.06m gate=0.500 z_norm=1.0000
[robot_node-16] [INFO] [1785835068.484997180] [robot_1]: [Robot 1] Merged from Robot 4 dist=1.71m gate=0.500 z_norm=1.0000
[robot_node-19] [INFO] [1785835068.692933874] [robot_4]: [Robot 4] Merged from Robot 1 dist=1.71m gate=0.500 z_norm=1.0000
[robot_node-17] [INFO] [1785835068.838862539] [robot_2]: [Robot 2] Merged from Robot 1 dist=1.06m gate=0.500 z_norm=1.0000
[robot_node-18] [INFO] [1785835069.058506533] [robot_3]: [Robot 3] Merged from Robot 1 dist=1.71m gate=0.500 z_norm=1.0000
[robot_node-18] [INFO] [1785835071.387906598] [robot_3]: [Robot 3] Broadcast to 3 peer(s) retention=0.20 (min_sim=0.747)
[robot_node-17] [INFO] [1785835071.587231819] [robot_2]: [Robot 2] Broadcast to 3 peer(s) retention=0.40 (min_sim=0.609)
[robot_node-19] [INFO] [1785835072.154165280] [robot_4]: [Robot 4] Broadcast to 3 peer(s) retention=0.40 (min_sim=0.609)
[robot_node-17] [INFO] [1785835072.647763960] [robot_2]: [Robot 2] Merged from Robot 3 dist=1.06m gate=0.500 z_norm=1.0000
[robot_node-19] [INFO] [1785835073.458394772] [robot_4]: [Robot 4] Merged from Robot 3 dist=1.06m gate=0.500 z_norm=1.0000
[robot_node-19] [INFO] [1785835073.654526992] [robot_4]: [Robot 4] Merged from Robot 2 dist=1.72m gate=0.500 z_norm=1.0000
[robot_node-18] [INFO] [1785835074.131943521] [robot_3]: [Robot 3] Merged from Robot 2 dist=1.06m gate=0.500 z_norm=1.0000
[robot_node-18] [INFO] [1785835074.617761974] [robot_3]: [Robot 3] Merged from Robot 4 dist=1.06m gate=0.500 z_norm=1.0000
[robot_node-17] [INFO] [1785835075.330258531] [robot_2]: [Robot 2] Merged from Robot 4 dist=1.72m gate=0.500 z_norm=1.0000
[convergence_monitor-20] [INFO] [1785835075.343442312] [convergence_monitor]: 
[convergence_monitor-20] ════════════════════════════════════════════════════
[convergence_monitor-20] [NSK Monitor  t=1106s]  Mean pairwise sim: 0.8292
[convergence_monitor-20]   Δ from last:  +0.0437   Trend: ↑ converging
[convergence_monitor-20]   Active pairs: (0,1)×10  (0,2)×10  (0,3)×8  (0,4)×8  (1,0)×15  (1,2)×74  (1,3)×74  (1,4)×74  (2,0)×18  (2,1)×127  (2,3)×127  (2,4)×127  (3,0)×17  (3,1)×137  (3,2)×137  (3,4)×137  (4,0)×15  (4,1)×101  (4,2)×101  (4,3)×101
[convergence_monitor-20]   Baseline: 0.4811   Rise: +0.3481 (min 0.03)   Stable: 0/3
[convergence_monitor-20]   Status: NOT YET
[convergence_monitor-20] ════════════════════════════════════════════════════
[robot_node-16] [WARN] [1785835076.375742334] [robot_1]: [Robot 1] /nsk/compress timeout — skipping cycle
[robot_node-16] [INFO] [1785835076.406069959] [robot_1]: [Robot 1] Merged from Robot 2 dist=1.06m gate=0.500 z_norm=1.0000
[robot_node-16] [INFO] [1785835076.407120175] [robot_1]: [Robot 1] Merged from Robot 3 dist=1.71m gate=0.500 z_norm=1.0000
[robot_node-16] [INFO] [1785835076.417634853] [robot_1]: [Robot 1] Merged from Robot 4 dist=1.71m gate=0.500 z_norm=1.0000
[robot_node-16] [INFO] [1785835079.114625576] [robot_1]: [Robot 1] → EXPLORE
[robot_node-18] [INFO] [1785835079.344709056] [robot_3]: [Robot 3] Broadcast to 3 peer(s) retention=0.20 (min_sim=0.728)
[robot_node-19] [INFO] [1785835079.702429501] [robot_4]: [Robot 4] Broadcast to 3 peer(s) retention=0.40 (min_sim=0.498)
[robot_node-17] [INFO] [1785835079.882309746] [robot_2]: [Robot 2] Broadcast to 3 peer(s) retention=0.40 (min_sim=0.498)
[robot_node-19] [INFO] [1785835080.991764066] [robot_4]: [Robot 4] Merged from Robot 3 dist=1.06m gate=0.500 z_norm=1.0000
[robot_node-17] [INFO] [1785835081.715984466] [robot_2]: [Robot 2] Merged from Robot 3 dist=1.06m gate=0.500 z_norm=1.0000
[robot_node-18] [INFO] [1785835081.975569099] [robot_3]: [Robot 3] Merged from Robot 4 dist=1.06m gate=0.500 z_norm=1.0000
[robot_node-17] [INFO] [1785835082.582277433] [robot_2]: [Robot 2] Merged from Robot 4 dist=1.72m gate=0.500 z_norm=1.0000
[robot_node-18] [INFO] [1785835082.872596860] [robot_3]: [Robot 3] Merged from Robot 2 dist=1.06m gate=0.500 z_norm=1.0000
[robot_node-19] [INFO] [1785835083.890419874] [robot_4]: [Robot 4] Merged from Robot 2 dist=1.72m gate=0.500 z_norm=1.0000
[robot_node-16] [WARN] [1785835084.341074563] [robot_1]: [Robot 1] /nsk/compress timeout — skipping cycle
[robot_node-16] [INFO] [1785835084.368009515] [robot_1]: [Robot 1] → FLOCK (3 peers)
[robot_node-16] [WARN] [1785835084.372876484] [robot_1]: [Robot 1] /nsk/merge timeout — skipping cycle
[robot_node-16] [INFO] [1785835084.437274944] [robot_1]: [Robot 1] Merged from Robot 4 dist=1.71m gate=0.500 z_norm=1.0000
[robot_node-16] [INFO] [1785835084.466661153] [robot_1]: [Robot 1] Merged from Robot 2 dist=1.06m gate=0.500 z_norm=1.0000
[convergence_monitor-20] [INFO] [1785835085.214008974] [convergence_monitor]: 
[convergence_monitor-20] ════════════════════════════════════════════════════
[convergence_monitor-20] [NSK Monitor  t=1116s]  Mean pairwise sim: 0.8202
[convergence_monitor-20]   Δ from last:  -0.0090   Trend: ↓ diverging
[convergence_monitor-20]   Active pairs: (0,1)×10  (0,2)×10  (0,3)×8  (0,4)×8  (1,0)×15  (1,2)×74  (1,3)×74  (1,4)×74  (2,0)×18  (2,1)×128  (2,3)×128  (2,4)×128  (3,0)×17  (3,1)×138  (3,2)×138  (3,4)×138  (4,0)×15  (4,1)×102  (4,2)×102  (4,3)×102
[convergence_monitor-20]   Baseline: 0.4811   Rise: +0.3391 (min 0.03)   Stable: 0/3
[convergence_monitor-20]   Status: NOT YET
[convergence_monitor-20] ════════════════════════════════════════════════════
[robot_node-18] [INFO] [1785835087.643791695] [robot_3]: [Robot 3] Broadcast to 3 peer(s) retention=0.40 (min_sim=0.671)
[robot_node-17] [INFO] [1785835087.797234653] [robot_2]: [Robot 2] Broadcast to 3 peer(s) retention=0.40 (min_sim=0.428)
[robot_node-19] [INFO] [1785835088.081804434] [robot_4]: [Robot 4] Broadcast to 3 peer(s) retention=0.40 (min_sim=0.428)
[robot_node-17] [INFO] [1785835088.797424538] [robot_2]: [Robot 2] Merged from Robot 3 dist=1.06m gate=0.500 z_norm=1.0000
[robot_node-19] [INFO] [1785835090.884092982] [robot_4]: [Robot 4] Merged from Robot 3 dist=1.06m gate=0.500 z_norm=1.0000
[robot_node-19] [INFO] [1785835091.843658784] [robot_4]: [Robot 4] Merged from Robot 2 dist=1.72m gate=0.500 z_norm=1.0000
[robot_node-18] [INFO] [1785835092.345350575] [robot_3]: [Robot 3] Merged from Robot 2 dist=1.06m gate=0.500 z_norm=1.0000
[robot_node-16] [WARN] [1785835092.670001330] [robot_1]: [Robot 1] /nsk/merge timeout — skipping cycle
[robot_node-16] [INFO] [1785835092.695157743] [robot_1]: [Robot 1] Broadcast to 3 peer(s) retention=0.20 (min_sim=0.765)
[robot_node-16] [WARN] [1785835092.824174253] [robot_1]: [Robot 1] /nsk/merge timeout — skipping cycle
[robot_node-17] [WARN] [1785835093.090436577] [robot_2]: [Robot 2] /nsk/merge timeout — skipping cycle
[robot_node-18] [WARN] [1785835093.111468491] [robot_3]: [Robot 3] /nsk/merge timeout — skipping cycle
[robot_node-16] [WARN] [1785835093.117181325] [robot_1]: [Robot 1] /nsk/merge timeout — skipping cycle
[robot_node-17] [INFO] [1785835095.222519378] [robot_2]: [Robot 2] Merged from Robot 1 dist=1.06m gate=0.500 z_norm=1.0000
[robot_node-18] [INFO] [1785835095.347730017] [robot_3]: [Robot 3] Merged from Robot 1 dist=1.71m gate=0.500 z_norm=1.0000
[robot_node-19] [INFO] [1785835095.502061626] [robot_4]: [Robot 4] Merged from Robot 1 dist=1.71m gate=0.500 z_norm=1.0000
[robot_node-18] [INFO] [1785835096.045887978] [robot_3]: [Robot 3] Broadcast to 3 peer(s) retention=0.20 (min_sim=0.758)
[robot_node-17] [INFO] [1785835096.181161228] [robot_2]: [Robot 2] Broadcast to 3 peer(s) retention=0.40 (min_sim=0.543)
[robot_node-19] [INFO] [1785835096.431928314] [robot_4]: [Robot 4] Broadcast to 3 peer(s) retention=0.40 (min_sim=0.543)
[robot_node-17] [INFO] [1785835097.088216433] [robot_2]: [Robot 2] Merged from Robot 3 dist=1.06m gate=0.500 z_norm=1.0000
[convergence_monitor-20] [INFO] [1785835097.103364046] [convergence_monitor]: 
[convergence_monitor-20] ════════════════════════════════════════════════════
[convergence_monitor-20] [NSK Monitor  t=1127s]  Mean pairwise sim: 0.8179
[convergence_monitor-20]   Δ from last:  -0.0023   Trend: → stable
[convergence_monitor-20]   Active pairs: (0,1)×10  (0,2)×10  (0,3)×8  (0,4)×8  (1,0)×15  (1,2)×75  (1,3)×75  (1,4)×75  (2,0)×18  (2,1)×130  (2,3)×130  (2,4)×130  (3,0)×17  (3,1)×140  (3,2)×140  (3,4)×140  (4,0)×15  (4,1)×104  (4,2)×104  (4,3)×104
[convergence_monitor-20]   Baseline: 0.4811   Rise: +0.3368 (min 0.03)   Stable: 1/3
[convergence_monitor-20]   Status: NOT YET
[convergence_monitor-20] ════════════════════════════════════════════════════
[robot_node-19] [INFO] [1785835098.691829969] [robot_4]: [Robot 4] Merged from Robot 3 dist=1.06m gate=0.500 z_norm=1.0000
[robot_node-18] [INFO] [1785835099.169920635] [robot_3]: [Robot 3] Merged from Robot 2 dist=1.06m gate=0.500 z_norm=1.0000
[robot_node-19] [INFO] [1785835100.619881338] [robot_4]: [Robot 4] Merged from Robot 2 dist=1.72m gate=0.500 z_norm=1.0000
[robot_node-16] [WARN] [1785835101.071183899] [robot_1]: [Robot 1] /nsk/merge timeout — skipping cycle
[robot_node-16] [INFO] [1785835101.088808534] [robot_1]: [Robot 1] Broadcast to 3 peer(s) retention=0.40 (min_sim=0.681)
[robot_node-16] [INFO] [1785835101.108061897] [robot_1]: [Robot 1] Merged from Robot 2 dist=1.06m gate=0.500 z_norm=1.0000
[robot_node-18] [INFO] [1785835101.223077167] [robot_3]: [Robot 3] Merged from Robot 4 dist=1.06m gate=0.500 z_norm=1.0000
[robot_node-17] [INFO] [1785835101.438038831] [robot_2]: [Robot 2] Merged from Robot 4 dist=1.72m gate=0.500 z_norm=1.0000
[robot_node-16] [WARN] [1785835101.470190287] [robot_1]: [Robot 1] /nsk/merge timeout — skipping cycle
[robot_node-17] [INFO] [1785835102.408223783] [robot_2]: [Robot 2] Merged from Robot 1 dist=1.06m gate=0.500 z_norm=1.0000
[robot_node-19] [INFO] [1785835102.623681108] [robot_4]: [Robot 4] Merged from Robot 1 dist=1.71m gate=0.500 z_norm=1.0000
[robot_node-18] [INFO] [1785835102.892121612] [robot_3]: [Robot 3] Merged from Robot 1 dist=1.71m gate=0.500 z_norm=1.0000
[robot_node-18] [INFO] [1785835103.468729939] [robot_3]: [Robot 3] Broadcast to 3 peer(s) retention=0.20 (min_sim=0.807)
[robot_node-17] [INFO] [1785835104.008732777] [robot_2]: [Robot 2] Broadcast to 3 peer(s) retention=0.40 (min_sim=0.608)
[robot_node-19] [INFO] [1785835104.386314931] [robot_4]: [Robot 4] Broadcast to 3 peer(s) retention=0.40 (min_sim=0.608)
[robot_node-19] [INFO] [1785835105.039560678] [robot_4]: [Robot 4] Merged from Robot 3 dist=1.06m gate=0.500 z_norm=1.0000
[robot_node-17] [INFO] [1785835106.197558763] [robot_2]: [Robot 2] Merged from Robot 3 dist=1.06m gate=0.500 z_norm=1.0000
[convergence_monitor-20] [INFO] [1785835106.205272593] [convergence_monitor]: 
[convergence_monitor-20] ════════════════════════════════════════════════════
[convergence_monitor-20] [NSK Monitor  t=1137s]  Mean pairwise sim: 0.8462
[convergence_monitor-20]   Δ from last:  +0.0283   Trend: ↑ converging
[convergence_monitor-20]   Active pairs: (0,1)×10  (0,2)×10  (0,3)×8  (0,4)×8  (1,0)×15  (1,2)×76  (1,3)×76  (1,4)×76  (2,0)×18  (2,1)×131  (2,3)×131  (2,4)×131  (3,0)×17  (3,1)×141  (3,2)×141  (3,4)×141  (4,0)×15  (4,1)×105  (4,2)×105  (4,3)×105
[convergence_monitor-20]   Baseline: 0.4811   Rise: +0.3651 (min 0.03)   Stable: 0/3
[convergence_monitor-20]   Status: NOT YET
[convergence_monitor-20] ════════════════════════════════════════════════════
[robot_node-18] [INFO] [1785835107.191493246] [robot_3]: [Robot 3] Merged from Robot 2 dist=1.06m gate=0.500 z_norm=1.0000
[robot_node-19] [INFO] [1785835107.744015412] [robot_4]: [Robot 4] Merged from Robot 2 dist=1.72m gate=0.500 z_norm=1.0000
[robot_node-17] [INFO] [1785835108.349574336] [robot_2]: [Robot 2] Merged from Robot 4 dist=1.72m gate=0.500 z_norm=1.0000
[robot_node-16] [WARN] [1785835108.484514956] [robot_1]: [Robot 1] /nsk/compress timeout — skipping cycle
[robot_node-16] [WARN] [1785835108.486891719] [robot_1]: [Robot 1] /nsk/merge timeout — skipping cycle
[robot_node-16] [INFO] [1785835108.550901834] [robot_1]: [Robot 1] Merged from Robot 2 dist=1.06m gate=0.500 z_norm=1.0000
[robot_node-16] [INFO] [1785835108.866156826] [robot_1]: [Robot 1] Merged from Robot 4 dist=1.71m gate=0.500 z_norm=1.0000
[robot_node-18] [INFO] [1785835109.215941690] [robot_3]: [Robot 3] Merged from Robot 4 dist=1.06m gate=0.500 z_norm=1.0000
[robot_node-16] [INFO] [1785835111.119661695] [robot_1]: [Robot 1] → EXPLORE
[robot_node-18] [INFO] [1785835111.487551637] [robot_3]: [Robot 3] Broadcast to 3 peer(s) retention=0.20 (min_sim=0.771)
[robot_node-17] [INFO] [1785835111.716470357] [robot_2]: [Robot 2] Broadcast to 3 peer(s) retention=0.40 (min_sim=0.495)
[robot_node-19] [INFO] [1785835112.331922169] [robot_4]: [Robot 4] Broadcast to 3 peer(s) retention=0.40 (min_sim=0.495)
[robot_node-19] [INFO] [1785835113.134409638] [robot_4]: [Robot 4] Merged from Robot 3 dist=1.06m gate=0.500 z_norm=1.0000
[robot_node-17] [INFO] [1785835114.251238981] [robot_2]: [Robot 2] Merged from Robot 3 dist=1.06m gate=0.500 z_norm=1.0000
[convergence_monitor-20] [INFO] [1785835116.513739597] [convergence_monitor]: 
[convergence_monitor-20] ════════════════════════════════════════════════════
[convergence_monitor-20] [NSK Monitor  t=1147s]  Mean pairwise sim: 0.8213
[convergence_monitor-20]   Δ from last:  -0.0249   Trend: ↓ diverging
[convergence_monitor-20]   Active pairs: (0,1)×10  (0,2)×10  (0,3)×8  (0,4)×8  (1,0)×15  (1,2)×76  (1,3)×76  (1,4)×76  (2,0)×18  (2,1)×132  (2,3)×132  (2,4)×132  (3,0)×17  (3,1)×142  (3,2)×142  (3,4)×142  (4,0)×15  (4,1)×106  (4,2)×106  (4,3)×106
[convergence_monitor-20]   Baseline: 0.4811   Rise: +0.3402 (min 0.03)   Stable: 0/3
[convergence_monitor-20]   Status: NOT YET
[convergence_monitor-20] ════════════════════════════════════════════════════
[robot_node-16] [WARN] [1785835116.528815004] [robot_1]: [Robot 1] /nsk/merge timeout — skipping cycle
[robot_node-16] [INFO] [1785835116.530309404] [robot_1]: [Robot 1] → FLOCK (3 peers)
[robot_node-18] [INFO] [1785835116.569500570] [robot_3]: [Robot 3] Merged from Robot 2 dist=1.06m gate=0.500 z_norm=1.0000
[robot_node-16] [INFO] [1785835116.569739483] [robot_1]: [Robot 1] Broadcast to 3 peer(s) retention=0.40 (min_sim=0.662)
[robot_node-19] [WARN] [1785835116.736913710] [robot_4]: [Robot 4] /nsk/merge timeout — skipping cycle
[robot_node-16] [WARN] [1785835116.743703844] [robot_1]: [Robot 1] /nsk/merge timeout — skipping cycle
[robot_node-16] [WARN] [1785835117.345805261] [robot_1]: [Robot 1] /nsk/merge timeout — skipping cycle
[robot_node-18] [WARN] [1785835117.347230284] [robot_3]: [Robot 3] /nsk/merge timeout — skipping cycle
[robot_node-17] [WARN] [1785835117.385317248] [robot_2]: [Robot 2] /nsk/merge timeout — skipping cycle
