[INFO] [launch]: All log files can be found below /home/lawlite/.ros/log/2026-08-06-01-11-25-506448-lawlite-Lenovo-Y520-15IKBN-230855
[INFO] [launch]: Default logging verbosity is set to INFO
[INFO] [async_slam_toolbox_node-1]: process started with pid [230875]
[INFO] [controller_server-2]: process started with pid [230876]
[INFO] [smoother_server-3]: process started with pid [230877]
[INFO] [planner_server-4]: process started with pid [230878]
[INFO] [route_server-5]: process started with pid [230879]
[INFO] [behavior_server-6]: process started with pid [230880]
[INFO] [bt_navigator-7]: process started with pid [230881]
[INFO] [waypoint_follower-8]: process started with pid [230882]
[INFO] [velocity_smoother-9]: process started with pid [230883]
[INFO] [collision_monitor-10]: process started with pid [230884]
[INFO] [opennav_docking-11]: process started with pid [230885]
[INFO] [lifecycle_manager-12]: process started with pid [230886]
[INFO] [frontier_explorer-13]: process started with pid [230887]
[controller_server-2] [INFO] [1785967886.582226540] [robot_0.controller_server]: 
[controller_server-2] 	controller_server lifecycle node launched. 
[controller_server-2] 	Waiting on external lifecycle transitions to activate
[controller_server-2] 	See https://design.ros2.org/articles/node_lifecycle.html for more information.
[controller_server-2] [INFO] [1785967886.655904249] [robot_0.controller_server]: Creating controller server
[controller_server-2] [INFO] [1785967887.109561503] [robot_0.local_costmap.local_costmap]: 
[controller_server-2] 	local_costmap lifecycle node launched. 
[controller_server-2] 	Waiting on external lifecycle transitions to activate
[controller_server-2] 	See https://design.ros2.org/articles/node_lifecycle.html for more information.
[controller_server-2] [INFO] [1785967887.134655699] [robot_0.local_costmap.local_costmap]: Creating Costmap
[planner_server-4] [INFO] [1785967887.156664667] [robot_0.planner_server]: 
[planner_server-4] 	planner_server lifecycle node launched. 
[planner_server-4] 	Waiting on external lifecycle transitions to activate
[planner_server-4] 	See https://design.ros2.org/articles/node_lifecycle.html for more information.
[planner_server-4] [INFO] [1785967887.181237999] [robot_0.planner_server]: Creating
[async_slam_toolbox_node-1] [INFO] [1785967887.233547355] [robot_0.slam_toolbox]: Node using stack size 40000000
[collision_monitor-10] [INFO] [1785967887.492948240] [robot_0.collision_monitor]: 
[collision_monitor-10] 	collision_monitor lifecycle node launched. 
[collision_monitor-10] 	Waiting on external lifecycle transitions to activate
[collision_monitor-10] 	See https://design.ros2.org/articles/node_lifecycle.html for more information.
[opennav_docking-11] [INFO] [1785967887.571716212] [robot_0.docking_server]: 
[opennav_docking-11] 	docking_server lifecycle node launched. 
[opennav_docking-11] 	Waiting on external lifecycle transitions to activate
[opennav_docking-11] 	See https://design.ros2.org/articles/node_lifecycle.html for more information.
[opennav_docking-11] [INFO] [1785967887.571823504] [robot_0.docking_server]: Creating docking_server
[velocity_smoother-9] [INFO] [1785967887.704475120] [robot_0.velocity_smoother]: 
[velocity_smoother-9] 	velocity_smoother lifecycle node launched. 
[velocity_smoother-9] 	Waiting on external lifecycle transitions to activate
[velocity_smoother-9] 	See https://design.ros2.org/articles/node_lifecycle.html for more information.
[route_server-5] [INFO] [1785967887.728813719] [robot_0.route_server]: 
[route_server-5] 	route_server lifecycle node launched. 
[route_server-5] 	Waiting on external lifecycle transitions to activate
[route_server-5] 	See https://design.ros2.org/articles/node_lifecycle.html for more information.
[waypoint_follower-8] [INFO] [1785967887.735706405] [robot_0.waypoint_follower]: 
[waypoint_follower-8] 	waypoint_follower lifecycle node launched. 
[waypoint_follower-8] 	Waiting on external lifecycle transitions to activate
[waypoint_follower-8] 	See https://design.ros2.org/articles/node_lifecycle.html for more information.
[waypoint_follower-8] [INFO] [1785967887.736242271] [robot_0.waypoint_follower]: Creating
[lifecycle_manager-12] [INFO] [1785967887.827901552] [robot_0.lifecycle_manager_navigation]: Creating
[planner_server-4] [INFO] [1785967887.927404049] [robot_0.global_costmap.global_costmap]: 
[planner_server-4] 	global_costmap lifecycle node launched. 
[planner_server-4] 	Waiting on external lifecycle transitions to activate
[planner_server-4] 	See https://design.ros2.org/articles/node_lifecycle.html for more information.
[planner_server-4] [INFO] [1785967887.959525084] [robot_0.global_costmap.global_costmap]: Creating Costmap
[lifecycle_manager-12] [INFO] [1785967887.970699952] [robot_0.lifecycle_manager_navigation]: [34m[1mCreating and initializing lifecycle service clients[0m[0m
[smoother_server-3] [INFO] [1785967887.974321892] [robot_0.smoother_server]: 
[smoother_server-3] 	smoother_server lifecycle node launched. 
[smoother_server-3] 	Waiting on external lifecycle transitions to activate
[smoother_server-3] 	See https://design.ros2.org/articles/node_lifecycle.html for more information.
[bt_navigator-7] [INFO] [1785967887.992155089] [robot_0.bt_navigator]: 
[bt_navigator-7] 	bt_navigator lifecycle node launched. 
[bt_navigator-7] 	Waiting on external lifecycle transitions to activate
[bt_navigator-7] 	See https://design.ros2.org/articles/node_lifecycle.html for more information.
[bt_navigator-7] [INFO] [1785967887.993760601] [robot_0.bt_navigator]: Creating
[behavior_server-6] [INFO] [1785967888.009058688] [robot_0.behavior_server]: 
[behavior_server-6] 	behavior_server lifecycle node launched. 
[behavior_server-6] 	Waiting on external lifecycle transitions to activate
[behavior_server-6] 	See https://design.ros2.org/articles/node_lifecycle.html for more information.
[smoother_server-3] [INFO] [1785967888.012794900] [robot_0.smoother_server]: Creating smoother server
[async_slam_toolbox_node-1] [INFO] [1785967888.225024442] [robot_0.slam_toolbox]: Configuring
[async_slam_toolbox_node-1] [INFO] [1785967888.362886806] [robot_0.slam_toolbox]: Using solver plugin solver_plugins::CeresSolver
[async_slam_toolbox_node-1] [INFO] [1785967888.368464343] [robot_0.slam_toolbox]: CeresSolver: Using SCHUR_JACOBI preconditioner.
[async_slam_toolbox_node-1] [INFO] [1785967888.634597282] [robot_0.slam_toolbox]: Activating
[async_slam_toolbox_node-1] Info: clipped range threshold to be within minimum and maximum range!
[async_slam_toolbox_node-1] Registering sensor: [Custom Described Lidar]
[lifecycle_manager-12] [INFO] [1785967889.365625342] [robot_0.lifecycle_manager_navigation]: [34m[1mStarting managed nodes bringup...[0m[0m
[lifecycle_manager-12] [INFO] [1785967889.365674960] [robot_0.lifecycle_manager_navigation]: [34m[1mConfiguring controller_server[0m[0m
[controller_server-2] [INFO] [1785967889.545515772] [robot_0.controller_server]: Configuring controller interface
[controller_server-2] [INFO] [1785967889.545547554] [robot_0.controller_server]: getting progress checker plugins..
[controller_server-2] [INFO] [1785967889.547733416] [robot_0.controller_server]: getting goal checker plugins..
[controller_server-2] [INFO] [1785967889.567996359] [robot_0.controller_server]: Controller frequency set to 20.0000Hz
[controller_server-2] [INFO] [1785967889.568118471] [robot_0.local_costmap.local_costmap]: Configuring
[controller_server-2] [INFO] [1785967889.702603015] [robot_0.local_costmap.local_costmap]: Using plugin "voxel_layer"
[controller_server-2] [INFO] [1785967889.722109421] [robot_0.local_costmap.local_costmap]: Subscribed to Topics: scan
[controller_server-2] [INFO] [1785967889.877814611] [robot_0.local_costmap.local_costmap]: Initialized plugin "voxel_layer"
[controller_server-2] [INFO] [1785967889.877850771] [robot_0.local_costmap.local_costmap]: Using plugin "inflation_layer"
[controller_server-2] [INFO] [1785967889.878216216] [robot_0.local_costmap.local_costmap]: Initialized plugin "inflation_layer"
[controller_server-2] [INFO] [1785967890.299236177] [robot_0.controller_server]: Created progress_checker : progress_checker of type nav2_controller::SimpleProgressChecker
[controller_server-2] [INFO] [1785967890.299561142] [robot_0.controller_server]: Controller Server has progress_checker  progress checkers available.
[controller_server-2] [INFO] [1785967890.300038553] [robot_0.controller_server]: Created goal checker : goal_checker of type nav2_controller::SimpleGoalChecker
[controller_server-2] [INFO] [1785967890.300288008] [robot_0.controller_server]: Controller Server has goal_checker  goal checkers available.
[controller_server-2] [INFO] [1785967890.305326053] [robot_0.controller_server]: Created controller : FollowPath of type dwb_core::DWBLocalPlanner
[controller_server-2] [INFO] [1785967890.309850961] [robot_0.controller_server]: Setting transform_tolerance to 0.500000
[controller_server-2] [INFO] [1785967890.332434946] [robot_0.controller_server]: Using critic "RotateToGoal" (dwb_critics::RotateToGoalCritic)
[controller_server-2] [INFO] [1785967890.333030337] [robot_0.controller_server]: Critic plugin initialized
[controller_server-2] [INFO] [1785967890.334017587] [robot_0.controller_server]: Using critic "Oscillation" (dwb_critics::OscillationCritic)
[controller_server-2] [INFO] [1785967890.334428112] [robot_0.controller_server]: Critic plugin initialized
[controller_server-2] [INFO] [1785967890.335000950] [robot_0.controller_server]: Using critic "BaseObstacle" (dwb_critics::BaseObstacleCritic)
[controller_server-2] [INFO] [1785967890.335208283] [robot_0.controller_server]: Critic plugin initialized
[controller_server-2] [INFO] [1785967890.335270351] [robot_0.controller_server]: Using critic "GoalAlign" (dwb_critics::GoalAlignCritic)
[controller_server-2] [INFO] [1785967890.335470434] [robot_0.controller_server]: Critic plugin initialized
[controller_server-2] [INFO] [1785967890.335526939] [robot_0.controller_server]: Using critic "PathAlign" (dwb_critics::PathAlignCritic)
[controller_server-2] [INFO] [1785967890.335701080] [robot_0.controller_server]: Critic plugin initialized
[controller_server-2] [INFO] [1785967890.335780747] [robot_0.controller_server]: Using critic "PathDist" (dwb_critics::PathDistCritic)
[controller_server-2] [INFO] [1785967890.335891460] [robot_0.controller_server]: Critic plugin initialized
[controller_server-2] [INFO] [1785967890.335973920] [robot_0.controller_server]: Using critic "GoalDist" (dwb_critics::GoalDistCritic)
[controller_server-2] [INFO] [1785967890.336097576] [robot_0.controller_server]: Critic plugin initialized
[controller_server-2] [INFO] [1785967890.336112301] [robot_0.controller_server]: Controller Server has FollowPath  controllers available.
[lifecycle_manager-12] [INFO] [1785967890.358344764] [robot_0.lifecycle_manager_navigation]: [34m[1mConfiguring smoother_server[0m[0m
[smoother_server-3] [INFO] [1785967890.362358408] [robot_0.smoother_server]: Configuring smoother server
[smoother_server-3] [INFO] [1785967890.640276008] [robot_0.smoother_server]: Created smoother : simple_smoother of type nav2_smoother::SimpleSmoother
[smoother_server-3] [INFO] [1785967890.646032857] [robot_0.smoother_server]: Smoother Server has simple_smoother  smoothers available.
[lifecycle_manager-12] [INFO] [1785967890.676835332] [robot_0.lifecycle_manager_navigation]: [34m[1mConfiguring planner_server[0m[0m
[planner_server-4] [INFO] [1785967890.677920362] [robot_0.planner_server]: Configuring
[planner_server-4] [INFO] [1785967890.677961157] [robot_0.global_costmap.global_costmap]: Configuring
[planner_server-4] [INFO] [1785967890.788055061] [robot_0.global_costmap.global_costmap]: Using plugin "static_layer"
[planner_server-4] [INFO] [1785967890.799782466] [robot_0.global_costmap.global_costmap]: Subscribing to the map topic (/robot_0/map) with transient local durability
[planner_server-4] [INFO] [1785967890.806965056] [robot_0.global_costmap.global_costmap]: Initialized plugin "static_layer"
[planner_server-4] [INFO] [1785967890.807007897] [robot_0.global_costmap.global_costmap]: Using plugin "obstacle_layer"
[planner_server-4] [INFO] [1785967890.808605037] [robot_0.global_costmap.global_costmap]: Subscribed to Topics: scan
[planner_server-4] [INFO] [1785967890.819383545] [robot_0.global_costmap.global_costmap]: Initialized plugin "obstacle_layer"
[planner_server-4] [INFO] [1785967890.819437035] [robot_0.global_costmap.global_costmap]: Using plugin "inflation_layer"
[planner_server-4] [INFO] [1785967890.819821829] [robot_0.global_costmap.global_costmap]: Initialized plugin "inflation_layer"
[planner_server-4] [INFO] [1785967890.939616983] [robot_0.planner_server]: Created global planner plugin GridBased of type nav2_navfn_planner::NavfnPlanner
[planner_server-4] [INFO] [1785967890.939660404] [robot_0.planner_server]: Configuring plugin GridBased of type NavfnPlanner
[planner_server-4] [INFO] [1785967890.981669515] [robot_0.planner_server]: Planner Server has GridBased  planners available.
[planner_server-4] [INFO] [1785967891.046587345] [robot_0.global_costmap.global_costmap]: StaticLayer: Resizing costmap to 12 X 130 at 0.050000 m/pix
[lifecycle_manager-12] [INFO] [1785967891.183664858] [robot_0.lifecycle_manager_navigation]: [34m[1mConfiguring route_server[0m[0m
[route_server-5] [INFO] [1785967891.184645511] [robot_0.route_server]: Configuring
[frontier_explorer-13] [INFO] [1785967891.387060981] [robot_0.frontier_explorer]: [robot_0] waiting for Nav2 to activate...
[route_server-5] [INFO] [1785967891.390614646] [robot_0.route_server]: Created GraphFileLoader GeoJsonGraphFileLoader of type nav2_route::GeoJsonGraphFileLoader
[route_server-5] [INFO] [1785967891.390661865] [robot_0.route_server]: Configuring geojson graph file loader
[route_server-5] [INFO] [1785967891.390670838] [robot_0.route_server]: No graph file provided to load yet.
[route_server-5] [INFO] [1785967891.396101178] [robot_0.route_server]: Created edge cost function plugin DistanceScorer of type nav2_route::DistanceScorer
[route_server-5] [INFO] [1785967891.396146806] [robot_0.route_server]: Configuring distance scorer.
[route_server-5] [INFO] [1785967891.398140543] [robot_0.route_server]: Created edge cost function plugin CostmapScorer of type nav2_route::CostmapScorer
[route_server-5] [INFO] [1785967891.398183317] [robot_0.route_server]: Configuring costmap scorer.
[route_server-5] [INFO] [1785967891.408369877] [robot_0.route_server]: Created route operation AdjustSpeedLimit of type nav2_route::AdjustSpeedLimit
[route_server-5] [INFO] [1785967891.408468320] [robot_0.route_server]: Configuring Adjust speed limit operation.
[route_server-5] [INFO] [1785967891.418616578] [robot_0.route_server]: Created route operation ReroutingService of type nav2_route::ReroutingService
[route_server-5] [INFO] [1785967891.418660607] [robot_0.route_server]: Configuring Rerouting service operation.
[route_server-5] [INFO] [1785967891.428096923] [robot_0.route_server]: Created route operation CollisionMonitor of type nav2_route::CollisionMonitor
[route_server-5] [INFO] [1785967891.428874321] [robot_0.route_server]: Using costmap topic: local_costmap/costmap_raw instead of server costmap topic: global_costmap/costmap_raw for CollisionMonitor.
[lifecycle_manager-12] [INFO] [1785967891.456444275] [robot_0.lifecycle_manager_navigation]: [34m[1mConfiguring behavior_server[0m[0m
[behavior_server-6] [INFO] [1785967891.461267594] [robot_0.behavior_server]: Configuring
[behavior_server-6] [INFO] [1785967891.514841453] [robot_0.behavior_server]: Creating behavior plugin spin of type nav2_behaviors::Spin
[behavior_server-6] [INFO] [1785967891.526354362] [robot_0.behavior_server]: Creating behavior plugin backup of type nav2_behaviors::BackUp
[behavior_server-6] [INFO] [1785967891.532902524] [robot_0.behavior_server]: Creating behavior plugin drive_on_heading of type nav2_behaviors::DriveOnHeading
[behavior_server-6] [INFO] [1785967891.540152582] [robot_0.behavior_server]: Creating behavior plugin assisted_teleop of type nav2_behaviors::AssistedTeleop
[behavior_server-6] [INFO] [1785967891.550075747] [robot_0.behavior_server]: Creating behavior plugin wait of type nav2_behaviors::Wait
[behavior_server-6] [INFO] [1785967891.594613195] [robot_0.behavior_server]: Configuring spin
[behavior_server-6] [INFO] [1785967891.654948759] [robot_0.behavior_server]: Configuring backup
[behavior_server-6] [INFO] [1785967891.663974983] [robot_0.behavior_server]: Configuring drive_on_heading
[behavior_server-6] [INFO] [1785967891.673376836] [robot_0.behavior_server]: Configuring assisted_teleop
[behavior_server-6] [INFO] [1785967891.719328483] [robot_0.behavior_server]: Configuring wait
[lifecycle_manager-12] [INFO] [1785967891.763645940] [robot_0.lifecycle_manager_navigation]: [34m[1mConfiguring velocity_smoother[0m[0m
[velocity_smoother-9] [INFO] [1785967891.768912460] [robot_0.velocity_smoother]: Configuring velocity smoother
[lifecycle_manager-12] [INFO] [1785967891.810989580] [robot_0.lifecycle_manager_navigation]: [34m[1mConfiguring collision_monitor[0m[0m
[collision_monitor-10] [INFO] [1785967891.812829819] [robot_0.collision_monitor]: Configuring
[collision_monitor-10] [INFO] [1785967891.884768181] [collision_monitor]: [scan]: Creating Scan
[collision_monitor-10] [INFO] [1785967891.907840387] [collision_monitor]: [FootprintApproach]: Creating Polygon
[collision_monitor-10] [INFO] [1785967891.911010524] [collision_monitor]: [FootprintApproach]: Polygon points are not defined. Using dynamic subscription instead.
[collision_monitor-10] [INFO] [1785967891.919216971] [collision_monitor]: [FootprintApproach]: Making footprint subscriber on local_costmap/published_footprint topic
[lifecycle_manager-12] [INFO] [1785967891.999038601] [robot_0.lifecycle_manager_navigation]: [34m[1mConfiguring bt_navigator[0m[0m
[bt_navigator-7] [INFO] [1785967891.999464682] [robot_0.bt_navigator]: Configuring
[bt_navigator-7] [INFO] [1785967892.081303873] [robot_0.bt_navigator]: Creating navigator id navigate_to_pose of type nav2_bt_navigator::NavigateToPoseNavigator
[bt_navigator-7] [INFO] [1785967892.557120596] [robot_0.bt_navigator]: Creating navigator id navigate_through_poses of type nav2_bt_navigator::NavigateThroughPosesNavigator
[lifecycle_manager-12] [INFO] [1785967892.625912130] [robot_0.lifecycle_manager_navigation]: [34m[1mConfiguring waypoint_follower[0m[0m
[waypoint_follower-8] [INFO] [1785967892.634226319] [robot_0.waypoint_follower]: Configuring
[waypoint_follower-8] [INFO] [1785967892.784701890] [robot_0.waypoint_follower]: Created waypoint_task_executor : wait_at_waypoint of type nav2_waypoint_follower::WaitAtWaypoint
[lifecycle_manager-12] [INFO] [1785967892.797695081] [robot_0.lifecycle_manager_navigation]: [34m[1mConfiguring docking_server[0m[0m
[opennav_docking-11] [INFO] [1785967892.799250760] [robot_0.docking_server]: Configuring docking_server
[opennav_docking-11] [INFO] [1785967892.799292327] [robot_0.docking_server]: Controller frequency set to 50.0000Hz
[opennav_docking-11] [INFO] [1785967892.998707626] [robot_0.docking_server]: Created charging dock plugin simple_charging_dock of type opennav_docking::SimpleChargingDock
[opennav_docking-11] [INFO] [1785967893.051852853] [robot_0.docking_server]: Loading docks from parameter file.
[opennav_docking-11] [INFO] [1785967893.054975463] [robot_0.docking_server]: Docking Server has 1 dock types and 1 dock instances available.
[lifecycle_manager-12] [INFO] [1785967893.077821590] [robot_0.lifecycle_manager_navigation]: [34m[1mActivating controller_server[0m[0m
[controller_server-2] [INFO] [1785967893.078679833] [robot_0.controller_server]: Activating
[controller_server-2] [INFO] [1785967893.078714541] [robot_0.local_costmap.local_costmap]: Activating
[controller_server-2] [INFO] [1785967893.078722624] [robot_0.local_costmap.local_costmap]: Checking transform
[controller_server-2] [INFO] [1785967893.078831237] [robot_0.local_costmap.local_costmap]: start
[controller_server-2] [INFO] [1785967893.300700057] [robot_0.controller_server]: Creating bond (controller_server) to lifecycle manager.
[lifecycle_manager-12] [INFO] [1785967893.446217885] [robot_0.lifecycle_manager_navigation]: Server controller_server connected with bond.
[lifecycle_manager-12] [INFO] [1785967893.446261001] [robot_0.lifecycle_manager_navigation]: [34m[1mActivating smoother_server[0m[0m
[smoother_server-3] [INFO] [1785967893.447505421] [robot_0.smoother_server]: Activating
[smoother_server-3] [INFO] [1785967893.447538650] [robot_0.smoother_server]: Creating bond (smoother_server) to lifecycle manager.
[lifecycle_manager-12] [INFO] [1785967893.584273369] [robot_0.lifecycle_manager_navigation]: Server smoother_server connected with bond.
[lifecycle_manager-12] [INFO] [1785967893.584321504] [robot_0.lifecycle_manager_navigation]: [34m[1mActivating planner_server[0m[0m
[planner_server-4] [INFO] [1785967893.584764574] [robot_0.planner_server]: Activating
[planner_server-4] [INFO] [1785967893.584797349] [robot_0.global_costmap.global_costmap]: Activating
[planner_server-4] [INFO] [1785967893.584806272] [robot_0.global_costmap.global_costmap]: Checking transform
[planner_server-4] [INFO] [1785967893.584918614] [robot_0.global_costmap.global_costmap]: start
[planner_server-4] [INFO] [1785967894.597017298] [robot_0.planner_server]: Activating plugin GridBased of type NavfnPlanner
[planner_server-4] [INFO] [1785967894.619540458] [robot_0.planner_server]: Creating bond (planner_server) to lifecycle manager.
[lifecycle_manager-12] [INFO] [1785967894.756346782] [robot_0.lifecycle_manager_navigation]: Server planner_server connected with bond.
[lifecycle_manager-12] [INFO] [1785967894.756390678] [robot_0.lifecycle_manager_navigation]: [34m[1mActivating route_server[0m[0m
[route_server-5] [INFO] [1785967894.759231235] [robot_0.route_server]: Activating
[route_server-5] [INFO] [1785967894.759418845] [robot_0.route_server]: Creating bond (route_server) to lifecycle manager.
[lifecycle_manager-12] [INFO] [1785967894.892587495] [robot_0.lifecycle_manager_navigation]: Server route_server connected with bond.
[lifecycle_manager-12] [INFO] [1785967894.892631362] [robot_0.lifecycle_manager_navigation]: [34m[1mActivating behavior_server[0m[0m
[behavior_server-6] [INFO] [1785967894.895441518] [robot_0.behavior_server]: Activating
[behavior_server-6] [INFO] [1785967894.895470666] [robot_0.behavior_server]: Activating spin
[behavior_server-6] [INFO] [1785967894.895481177] [robot_0.behavior_server]: Activating backup
[behavior_server-6] [INFO] [1785967894.895489136] [robot_0.behavior_server]: Activating drive_on_heading
[behavior_server-6] [INFO] [1785967894.895496454] [robot_0.behavior_server]: Activating assisted_teleop
[behavior_server-6] [INFO] [1785967894.895503548] [robot_0.behavior_server]: Activating wait
[behavior_server-6] [INFO] [1785967894.895514410] [robot_0.behavior_server]: Creating bond (behavior_server) to lifecycle manager.
[lifecycle_manager-12] [INFO] [1785967895.054755093] [robot_0.lifecycle_manager_navigation]: Server behavior_server connected with bond.
[lifecycle_manager-12] [INFO] [1785967895.054810366] [robot_0.lifecycle_manager_navigation]: [34m[1mActivating velocity_smoother[0m[0m
[velocity_smoother-9] [INFO] [1785967895.055936776] [robot_0.velocity_smoother]: Activating
[velocity_smoother-9] [INFO] [1785967895.056004332] [robot_0.velocity_smoother]: Creating bond (velocity_smoother) to lifecycle manager.
[lifecycle_manager-12] [INFO] [1785967895.174772637] [robot_0.lifecycle_manager_navigation]: Server velocity_smoother connected with bond.
[lifecycle_manager-12] [INFO] [1785967895.174813637] [robot_0.lifecycle_manager_navigation]: [34m[1mActivating collision_monitor[0m[0m
[collision_monitor-10] [INFO] [1785967895.175439487] [robot_0.collision_monitor]: Activating
[collision_monitor-10] [INFO] [1785967895.175472153] [robot_0.collision_monitor]: Creating bond (collision_monitor) to lifecycle manager.
[lifecycle_manager-12] [INFO] [1785967895.315173742] [robot_0.lifecycle_manager_navigation]: Server collision_monitor connected with bond.
[lifecycle_manager-12] [INFO] [1785967895.315216326] [robot_0.lifecycle_manager_navigation]: [34m[1mActivating bt_navigator[0m[0m
[bt_navigator-7] [INFO] [1785967895.315720649] [robot_0.bt_navigator]: Activating
[bt_navigator-7] [INFO] [1785967896.242644250] [robot_0.bt_navigator]: Creating bond (bt_navigator) to lifecycle manager.
[lifecycle_manager-12] [INFO] [1785967896.359879705] [robot_0.lifecycle_manager_navigation]: Server bt_navigator connected with bond.
[lifecycle_manager-12] [INFO] [1785967896.359925852] [robot_0.lifecycle_manager_navigation]: [34m[1mActivating waypoint_follower[0m[0m
[waypoint_follower-8] [INFO] [1785967896.361017624] [robot_0.waypoint_follower]: Activating
[waypoint_follower-8] [INFO] [1785967896.361051387] [robot_0.waypoint_follower]: Creating bond (waypoint_follower) to lifecycle manager.
[lifecycle_manager-12] [INFO] [1785967896.516305224] [robot_0.lifecycle_manager_navigation]: Server waypoint_follower connected with bond.
[lifecycle_manager-12] [INFO] [1785967896.516361654] [robot_0.lifecycle_manager_navigation]: [34m[1mActivating docking_server[0m[0m
[opennav_docking-11] [INFO] [1785967896.519224803] [robot_0.docking_server]: Activating docking_server
[opennav_docking-11] [INFO] [1785967896.633223096] [robot_0.docking_server]: Creating bond (docking_server) to lifecycle manager.
[lifecycle_manager-12] [INFO] [1785967896.771181498] [robot_0.lifecycle_manager_navigation]: Server docking_server connected with bond.
[lifecycle_manager-12] [INFO] [1785967896.771230710] [robot_0.lifecycle_manager_navigation]: [34m[1mManaged nodes are active[0m[0m
[lifecycle_manager-12] [INFO] [1785967896.771240292] [robot_0.lifecycle_manager_navigation]: [34m[1mCreating bond timer...[0m[0m
[frontier_explorer-13] [INFO] [1785967900.527520943] [robot_0.frontier_explorer]: Nav2 is ready for use!
[frontier_explorer-13] [INFO] [1785967900.593953010] [robot_0.frontier_explorer]: [robot_0] controller_server is active (0.1s wall)
[frontier_explorer-13] [INFO] [1785967900.643263551] [robot_0.frontier_explorer]: [robot_0] planner_server is active (0.1s wall)
[frontier_explorer-13] [INFO] [1785967900.643662150] [robot_0.frontier_explorer]: [robot_0] Nav2 readiness gate passed: controller_server, planner_server all active — sending goals.
[frontier_explorer-13] [INFO] [1785967900.644026546] [robot_0.frontier_explorer]: [robot_0] waiting for first /robot_0/map...
[frontier_explorer-13] [INFO] [1785967900.644392120] [robot_0.frontier_explorer]: [robot_0] map received — exploring.
[planner_server-4] [WARN] [1785967900.704093302] [robot_0.planner_server]: No planners specified in action call. Server will use only plugin GridBased  in server. This warning will appear once.
[frontier_explorer-13] [INFO] [1785967900.754775309] [robot_0.frontier_explorer]: [robot_0] precheck cand#0 (0.21, -1.19) -> REACHABLE error_code=0 planning_time=0.000s poses=50 costmap=71 COST raw=183 COST
[frontier_explorer-13] [INFO] [1785967900.763348501] [robot_0.frontier_explorer]: [robot_0] goal #1 -> (0.21, -1.19) [4 cells, frontier (0.21, -1.19), 1.20 m away]
[frontier_explorer-13] [INFO] [1785967900.767045035] [robot_0.frontier_explorer]: Navigating to goal: 0.2083665662472129 -1.1868240294420667...
[bt_navigator-7] [INFO] [1785967900.769614730] [robot_0.bt_navigator]: Begin navigating from current location (0.00, -0.00) to (0.21, -1.19)
[controller_server-2] [INFO] [1785967900.792546824] [robot_0.controller_server]: Received a goal, begin computing control effort.
[controller_server-2] [WARN] [1785967900.792590940] [robot_0.controller_server]: No goal checker was specified in parameter 'current_goal_checker'. Server will use only plugin loaded goal_checker . This warning will appear once.
[controller_server-2] [WARN] [1785967900.792603782] [robot_0.controller_server]: No progress checker was specified in parameter 'current_progress_checker'. Server will use only plugin loaded progress_checker . This warning will appear once.
[frontier_explorer-13] [INFO] [1785967900.884335618] [robot_0.frontier_explorer]: [robot_0] goal #1 navigating (sim 0s, wall 0s)
[controller_server-2] [INFO] [1785967901.843844489] [robot_0.controller_server]: Passing new path to controller.
[planner_server-4] [ERROR] [1785967902.830841370] [robot_0.planner_server]: worldToMap failed: mx,my: 12,31, size_x,size_y: 12,130
[planner_server-4] [ERROR] [1785967902.830907140] [robot_0.planner_server]: worldToMap failed: mx,my: 13,31, size_x,size_y: 12,130
[planner_server-4] [ERROR] [1785967902.830917261] [robot_0.planner_server]: worldToMap failed: mx,my: 14,31, size_x,size_y: 12,130
[planner_server-4] [ERROR] [1785967902.830924213] [robot_0.planner_server]: worldToMap failed: mx,my: 15,31, size_x,size_y: 12,130
[planner_server-4] [ERROR] [1785967902.830930917] [robot_0.planner_server]: worldToMap failed: mx,my: 12,32, size_x,size_y: 12,130
[planner_server-4] [ERROR] [1785967902.830944714] [robot_0.planner_server]: worldToMap failed: mx,my: 13,32, size_x,size_y: 12,130
[planner_server-4] [ERROR] [1785967902.830954050] [robot_0.planner_server]: worldToMap failed: mx,my: 14,32, size_x,size_y: 12,130
[planner_server-4] [ERROR] [1785967902.830960635] [robot_0.planner_server]: worldToMap failed: mx,my: 15,32, size_x,size_y: 12,130
[planner_server-4] [ERROR] [1785967902.830967361] [robot_0.planner_server]: worldToMap failed: mx,my: 12,33, size_x,size_y: 12,130
[planner_server-4] [ERROR] [1785967902.830973513] [robot_0.planner_server]: worldToMap failed: mx,my: 13,33, size_x,size_y: 12,130
[planner_server-4] [ERROR] [1785967902.830979855] [robot_0.planner_server]: worldToMap failed: mx,my: 14,33, size_x,size_y: 12,130
[planner_server-4] [ERROR] [1785967902.830986059] [robot_0.planner_server]: worldToMap failed: mx,my: 15,33, size_x,size_y: 12,130
[planner_server-4] [ERROR] [1785967902.831003695] [robot_0.planner_server]: worldToMap failed: mx,my: 12,34, size_x,size_y: 12,130
[planner_server-4] [ERROR] [1785967902.831012140] [robot_0.planner_server]: worldToMap failed: mx,my: 13,34, size_x,size_y: 12,130
[planner_server-4] [ERROR] [1785967902.831018786] [robot_0.planner_server]: worldToMap failed: mx,my: 14,34, size_x,size_y: 12,130
[planner_server-4] [ERROR] [1785967902.831024978] [robot_0.planner_server]: worldToMap failed: mx,my: 15,34, size_x,size_y: 12,130
[planner_server-4] [ERROR] [1785967902.831031786] [robot_0.planner_server]: worldToMap failed: mx,my: 12,35, size_x,size_y: 12,130
[planner_server-4] [ERROR] [1785967902.831037878] [robot_0.planner_server]: worldToMap failed: mx,my: 13,35, size_x,size_y: 12,130
[planner_server-4] [ERROR] [1785967902.831044193] [robot_0.planner_server]: worldToMap failed: mx,my: 14,35, size_x,size_y: 12,130
[planner_server-4] [ERROR] [1785967902.831054513] [robot_0.planner_server]: worldToMap failed: mx,my: 15,35, size_x,size_y: 12,130
[planner_server-4] [ERROR] [1785967902.831061505] [robot_0.planner_server]: worldToMap failed: mx,my: 12,36, size_x,size_y: 12,130
[planner_server-4] [ERROR] [1785967902.831067966] [robot_0.planner_server]: worldToMap failed: mx,my: 13,36, size_x,size_y: 12,130
[planner_server-4] [ERROR] [1785967902.831074257] [robot_0.planner_server]: worldToMap failed: mx,my: 14,36, size_x,size_y: 12,130
[planner_server-4] [ERROR] [1785967902.831080441] [robot_0.planner_server]: worldToMap failed: mx,my: 15,36, size_x,size_y: 12,130
[planner_server-4] [ERROR] [1785967902.831087175] [robot_0.planner_server]: worldToMap failed: mx,my: 12,37, size_x,size_y: 12,130
[planner_server-4] [ERROR] [1785967902.831093519] [robot_0.planner_server]: worldToMap failed: mx,my: 13,37, size_x,size_y: 12,130
[planner_server-4] [ERROR] [1785967902.831100062] [robot_0.planner_server]: worldToMap failed: mx,my: 14,37, size_x,size_y: 12,130
[planner_server-4] [ERROR] [1785967902.831106495] [robot_0.planner_server]: worldToMap failed: mx,my: 15,37, size_x,size_y: 12,130
[planner_server-4] [ERROR] [1785967902.831113159] [robot_0.planner_server]: worldToMap failed: mx,my: 12,38, size_x,size_y: 12,130
[planner_server-4] [ERROR] [1785967902.831119449] [robot_0.planner_server]: worldToMap failed: mx,my: 13,38, size_x,size_y: 12,130
[planner_server-4] [ERROR] [1785967902.831125712] [robot_0.planner_server]: worldToMap failed: mx,my: 14,38, size_x,size_y: 12,130
[planner_server-4] [ERROR] [1785967902.831131885] [robot_0.planner_server]: worldToMap failed: mx,my: 15,38, size_x,size_y: 12,130
[planner_server-4] [ERROR] [1785967902.831138661] [robot_0.planner_server]: worldToMap failed: mx,my: 12,39, size_x,size_y: 12,130
[planner_server-4] [ERROR] [1785967902.831144864] [robot_0.planner_server]: worldToMap failed: mx,my: 13,39, size_x,size_y: 12,130
[planner_server-4] [ERROR] [1785967902.831151100] [robot_0.planner_server]: worldToMap failed: mx,my: 14,39, size_x,size_y: 12,130
[planner_server-4] [ERROR] [1785967902.831157374] [robot_0.planner_server]: worldToMap failed: mx,my: 15,39, size_x,size_y: 12,130
[planner_server-4] [ERROR] [1785967902.831163900] [robot_0.planner_server]: worldToMap failed: mx,my: 12,40, size_x,size_y: 12,130
[planner_server-4] [ERROR] [1785967902.831171219] [robot_0.planner_server]: worldToMap failed: mx,my: 13,40, size_x,size_y: 12,130
[planner_server-4] [ERROR] [1785967902.831177584] [robot_0.planner_server]: worldToMap failed: mx,my: 14,40, size_x,size_y: 12,130
[planner_server-4] [ERROR] [1785967902.831183830] [robot_0.planner_server]: worldToMap failed: mx,my: 15,40, size_x,size_y: 12,130
[planner_server-4] [ERROR] [1785967902.831190469] [robot_0.planner_server]: worldToMap failed: mx,my: 12,41, size_x,size_y: 12,130
[planner_server-4] [ERROR] [1785967902.831196636] [robot_0.planner_server]: worldToMap failed: mx,my: 13,41, size_x,size_y: 12,130
[planner_server-4] [ERROR] [1785967902.831205534] [robot_0.planner_server]: worldToMap failed: mx,my: 14,41, size_x,size_y: 12,130
[planner_server-4] [ERROR] [1785967902.831212113] [robot_0.planner_server]: worldToMap failed: mx,my: 15,41, size_x,size_y: 12,130
[planner_server-4] [ERROR] [1785967902.831218713] [robot_0.planner_server]: worldToMap failed: mx,my: 12,42, size_x,size_y: 12,130
[planner_server-4] [ERROR] [1785967902.831225022] [robot_0.planner_server]: worldToMap failed: mx,my: 13,42, size_x,size_y: 12,130
[planner_server-4] [ERROR] [1785967902.831231634] [robot_0.planner_server]: worldToMap failed: mx,my: 14,42, size_x,size_y: 12,130
[planner_server-4] [ERROR] [1785967902.831237894] [robot_0.planner_server]: worldToMap failed: mx,my: 15,42, size_x,size_y: 12,130
[planner_server-4] [ERROR] [1785967902.831247960] [robot_0.planner_server]: worldToMap failed: mx,my: 12,43, size_x,size_y: 12,130
[planner_server-4] [ERROR] [1785967902.831254869] [robot_0.planner_server]: worldToMap failed: mx,my: 13,43, size_x,size_y: 12,130
[planner_server-4] [ERROR] [1785967902.831261242] [robot_0.planner_server]: worldToMap failed: mx,my: 14,43, size_x,size_y: 12,130
[planner_server-4] [ERROR] [1785967902.831267658] [robot_0.planner_server]: worldToMap failed: mx,my: 15,43, size_x,size_y: 12,130
[planner_server-4] [ERROR] [1785967902.831274367] [robot_0.planner_server]: worldToMap failed: mx,my: 12,44, size_x,size_y: 12,130
[planner_server-4] [ERROR] [1785967902.831280662] [robot_0.planner_server]: worldToMap failed: mx,my: 13,44, size_x,size_y: 12,130
[planner_server-4] [ERROR] [1785967902.831286896] [robot_0.planner_server]: worldToMap failed: mx,my: 14,44, size_x,size_y: 12,130
[planner_server-4] [ERROR] [1785967902.831293206] [robot_0.planner_server]: worldToMap failed: mx,my: 15,44, size_x,size_y: 12,130
[planner_server-4] [ERROR] [1785967902.831300206] [robot_0.planner_server]: worldToMap failed: mx,my: 12,45, size_x,size_y: 12,130
[planner_server-4] [ERROR] [1785967902.831306645] [robot_0.planner_server]: worldToMap failed: mx,my: 13,45, size_x,size_y: 12,130
[planner_server-4] [ERROR] [1785967902.831312928] [robot_0.planner_server]: worldToMap failed: mx,my: 14,45, size_x,size_y: 12,130
[planner_server-4] [ERROR] [1785967902.831319174] [robot_0.planner_server]: worldToMap failed: mx,my: 15,45, size_x,size_y: 12,130
[planner_server-4] [ERROR] [1785967902.831325877] [robot_0.planner_server]: worldToMap failed: mx,my: 12,46, size_x,size_y: 12,130
[planner_server-4] [ERROR] [1785967902.831332092] [robot_0.planner_server]: worldToMap failed: mx,my: 13,46, size_x,size_y: 12,130
[planner_server-4] [ERROR] [1785967902.831338446] [robot_0.planner_server]: worldToMap failed: mx,my: 14,46, size_x,size_y: 12,130
[planner_server-4] [ERROR] [1785967902.831344725] [robot_0.planner_server]: worldToMap failed: mx,my: 15,46, size_x,size_y: 12,130
[planner_server-4] [ERROR] [1785967902.831351518] [robot_0.planner_server]: worldToMap failed: mx,my: 12,47, size_x,size_y: 12,130
[planner_server-4] [ERROR] [1785967902.831357824] [robot_0.planner_server]: worldToMap failed: mx,my: 13,47, size_x,size_y: 12,130
[planner_server-4] [ERROR] [1785967902.831367343] [robot_0.planner_server]: worldToMap failed: mx,my: 14,47, size_x,size_y: 12,130
[planner_server-4] [ERROR] [1785967902.831373678] [robot_0.planner_server]: worldToMap failed: mx,my: 15,47, size_x,size_y: 12,130
[planner_server-4] [ERROR] [1785967902.831380249] [robot_0.planner_server]: worldToMap failed: mx,my: 12,48, size_x,size_y: 12,130
[planner_server-4] [ERROR] [1785967902.831386757] [robot_0.planner_server]: worldToMap failed: mx,my: 13,48, size_x,size_y: 12,130
[planner_server-4] [ERROR] [1785967902.831392887] [robot_0.planner_server]: worldToMap failed: mx,my: 14,48, size_x,size_y: 12,130
[planner_server-4] [ERROR] [1785967902.831399166] [robot_0.planner_server]: worldToMap failed: mx,my: 15,48, size_x,size_y: 12,130
[planner_server-4] [ERROR] [1785967902.831405934] [robot_0.planner_server]: worldToMap failed: mx,my: 12,49, size_x,size_y: 12,130
[planner_server-4] [ERROR] [1785967902.831413170] [robot_0.planner_server]: worldToMap failed: mx,my: 13,49, size_x,size_y: 12,130
[planner_server-4] [ERROR] [1785967902.831419588] [robot_0.planner_server]: worldToMap failed: mx,my: 14,49, size_x,size_y: 12,130
[planner_server-4] [ERROR] [1785967902.831425773] [robot_0.planner_server]: worldToMap failed: mx,my: 15,49, size_x,size_y: 12,130
[planner_server-4] [ERROR] [1785967902.831432548] [robot_0.planner_server]: worldToMap failed: mx,my: 12,50, size_x,size_y: 12,130
[planner_server-4] [ERROR] [1785967902.831438691] [robot_0.planner_server]: worldToMap failed: mx,my: 13,50, size_x,size_y: 12,130
[planner_server-4] [ERROR] [1785967902.831444772] [robot_0.planner_server]: worldToMap failed: mx,my: 14,50, size_x,size_y: 12,130
[planner_server-4] [ERROR] [1785967902.831451115] [robot_0.planner_server]: worldToMap failed: mx,my: 15,50, size_x,size_y: 12,130
[planner_server-4] [WARN] [1785967902.831502348] [robot_0.planner_server]: GridBased plugin failed to plan from (0.15, -0.18) to (0.21, -1.19): "Failed to create plan with tolerance of: 0.500000"
[planner_server-4] [WARN] [1785967902.831515784] [robot_0.planner_server]: [compute_path_to_pose] [ActionServer] Aborting handle.
[planner_server-4] [INFO] [1785967902.856962463] [robot_0.global_costmap.global_costmap]: Received request to clear entirely the global_costmap
[planner_server-4] [INFO] [1785967903.594589606] [robot_0.global_costmap.global_costmap]: StaticLayer: Resizing costmap to 86 X 130 at 0.050000 m/pix
[planner_server-4] [WARN] [1785967903.604425412] [robot_0.planner_server]: Planner loop missed its desired rate of 20.0000 Hz. Current loop rate is 1.9231 Hz
[controller_server-2] [INFO] [1785967903.642948546] [robot_0.controller_server]: Passing new path to controller.
[controller_server-2] [INFO] [1785967904.643264701] [robot_0.controller_server]: Passing new path to controller.
[planner_server-4] [INFO] [1785967905.589200036] [robot_0.global_costmap.global_costmap]: StaticLayer: Resizing costmap to 117 X 150 at 0.050000 m/pix
[controller_server-2] [INFO] [1785967905.642848428] [robot_0.controller_server]: Passing new path to controller.
[frontier_explorer-13] [INFO] [1785967905.904088481] [robot_0.frontier_explorer]: [robot_0] goal #1 navigating (sim 4s, wall 5s)
[controller_server-2] [INFO] [1785967906.646773572] [robot_0.controller_server]: Passing new path to controller.
[controller_server-2] [INFO] [1785967907.694171516] [robot_0.controller_server]: Passing new path to controller.
[controller_server-2] [INFO] [1785967908.054079329] [robot_0.controller_server]: Reached the goal!
[bt_navigator-7] [INFO] [1785967908.086522455] [robot_0.bt_navigator]: Goal succeeded
[frontier_explorer-13] [INFO] [1785967908.108739651] [robot_0.frontier_explorer]: [robot_0] goal #1 END frontier=(0.21, -1.19) outcome=SUCCEEDED sim=6.8s wall=7.3s net=1.01m blacklisted=False
[planner_server-4] [WARN] [1785967908.128166590] [robot_0.planner_server]:  plugin failed to plan from (0.05, -1.01) to (0.92, -1.50): "Failed to create plan with tolerance of: 0.500000"
[planner_server-4] [WARN] [1785967908.128213550] [robot_0.planner_server]: [compute_path_to_pose] [ActionServer] Aborting handle.
[frontier_explorer-13] [INFO] [1785967908.185182476] [robot_0.frontier_explorer]: [robot_0] precheck cand#0 (0.92, -1.50) -> UNREACHABLE error_code=208 planning_time=0.000s poses=0 costmap=99 COST raw=253 INSCRIBED_INFLATED
[frontier_explorer-13] [INFO] [1785967908.186137758] [robot_0.frontier_explorer]: [robot_0] start probe: no free cell 0.35-0.65 m from (0.05, -1.01) with 0.25 m clearance — INCONCLUSIVE
[planner_server-4] [WARN] [1785967908.199299119] [robot_0.planner_server]:  plugin failed to plan from (0.05, -1.01) to (1.03, 0.05): "Failed to create plan with tolerance of: 0.500000"
[planner_server-4] [WARN] [1785967908.199344309] [robot_0.planner_server]: [compute_path_to_pose] [ActionServer] Aborting handle.
[frontier_explorer-13] [INFO] [1785967908.248967669] [robot_0.frontier_explorer]: [robot_0] precheck cand#1 (1.03, 0.05) -> UNREACHABLE error_code=208 planning_time=0.000s poses=0 costmap=99 COST raw=253 INSCRIBED_INFLATED
[planner_server-4] [WARN] [1785967908.269036523] [robot_0.planner_server]:  plugin failed to plan from (0.05, -1.01) to (-0.62, 0.53): "Failed to create plan with tolerance of: 0.500000"
[planner_server-4] [WARN] [1785967908.269086130] [robot_0.planner_server]: [compute_path_to_pose] [ActionServer] Aborting handle.
[frontier_explorer-13] [INFO] [1785967908.324864903] [robot_0.frontier_explorer]: [robot_0] precheck cand#2 (-0.62, 0.53) -> UNREACHABLE error_code=208 planning_time=0.000s poses=0 costmap=0 FREE raw=0 FREE
[planner_server-4] [WARN] [1785967908.331827299] [robot_0.planner_server]:  plugin failed to plan from (0.05, -1.01) to (0.34, -2.86): "Failed to create plan with tolerance of: 0.500000"
[planner_server-4] [WARN] [1785967908.331880441] [robot_0.planner_server]: [compute_path_to_pose] [ActionServer] Aborting handle.
[frontier_explorer-13] [INFO] [1785967908.372850368] [robot_0.frontier_explorer]: [robot_0] precheck cand#3 (0.34, -2.86) -> UNREACHABLE error_code=208 planning_time=0.000s poses=0 costmap=255 NO_INFORMATION int8=-1 raw=255 NO_INFORMATION
[planner_server-4] [WARN] [1785967908.374299484] [robot_0.planner_server]:  plugin failed to plan from (0.05, -1.01) to (1.03, 0.78): "Failed to create plan with tolerance of: 0.500000"
[planner_server-4] [WARN] [1785967908.374340546] [robot_0.planner_server]: [compute_path_to_pose] [ActionServer] Aborting handle.
[frontier_explorer-13] [INFO] [1785967908.426749035] [robot_0.frontier_explorer]: [robot_0] precheck cand#4 (1.03, 0.78) -> UNREACHABLE error_code=208 planning_time=0.000s poses=0 costmap=255 NO_INFORMATION int8=-1 raw=255 NO_INFORMATION
[planner_server-4] [WARN] [1785967908.431113841] [robot_0.planner_server]:  plugin failed to plan from (0.05, -1.01) to (0.54, 1.19): "Failed to create plan with tolerance of: 0.500000"
[planner_server-4] [WARN] [1785967908.431170010] [robot_0.planner_server]: [compute_path_to_pose] [ActionServer] Aborting handle.
[frontier_explorer-13] [INFO] [1785967908.478398425] [robot_0.frontier_explorer]: [robot_0] precheck cand#5 (0.54, 1.19) -> UNREACHABLE error_code=208 planning_time=0.000s poses=0 costmap=99 COST raw=253 INSCRIBED_INFLATED
[planner_server-4] [WARN] [1785967908.488904080] [robot_0.planner_server]:  plugin failed to plan from (0.05, -1.01) to (-0.09, 1.25): "Failed to create plan with tolerance of: 0.500000"
[planner_server-4] [WARN] [1785967908.488962254] [robot_0.planner_server]: [compute_path_to_pose] [ActionServer] Aborting handle.
[frontier_explorer-13] [INFO] [1785967908.532905989] [robot_0.frontier_explorer]: [robot_0] precheck cand#6 (-0.09, 1.25) -> UNREACHABLE error_code=208 planning_time=0.000s poses=0 costmap=0 FREE raw=0 FREE
[planner_server-4] [WARN] [1785967908.541998017] [robot_0.planner_server]:  plugin failed to plan from (0.05, -1.01) to (2.20, -1.91): "Failed to create plan with tolerance of: 0.500000"
[planner_server-4] [WARN] [1785967908.542044397] [robot_0.planner_server]: [compute_path_to_pose] [ActionServer] Aborting handle.
[frontier_explorer-13] [INFO] [1785967908.581786502] [robot_0.frontier_explorer]: [robot_0] precheck cand#7 (2.20, -1.91) -> UNREACHABLE error_code=208 planning_time=0.000s poses=0 costmap=255 NO_INFORMATION int8=-1 raw=255 NO_INFORMATION
[planner_server-4] [WARN] [1785967908.591262324] [robot_0.planner_server]:  plugin failed to plan from (0.05, -1.01) to (-1.31, 1.36): "Failed to create plan with tolerance of: 0.500000"
[planner_server-4] [WARN] [1785967908.591316418] [robot_0.planner_server]: [compute_path_to_pose] [ActionServer] Aborting handle.
[frontier_explorer-13] [INFO] [1785967908.633763822] [robot_0.frontier_explorer]: [robot_0] precheck cand#8 (-1.31, 1.36) -> UNREACHABLE error_code=208 planning_time=0.000s poses=0 costmap=255 NO_INFORMATION int8=-1 raw=255 NO_INFORMATION
[planner_server-4] [WARN] [1785967908.636806796] [robot_0.planner_server]:  plugin failed to plan from (0.05, -1.01) to (2.86, -1.48): "Failed to create plan with tolerance of: 0.500000"
[planner_server-4] [WARN] [1785967908.636867810] [robot_0.planner_server]: [compute_path_to_pose] [ActionServer] Aborting handle.
[frontier_explorer-13] [INFO] [1785967908.696045367] [robot_0.frontier_explorer]: [robot_0] precheck cand#9 (2.86, -1.48) -> UNREACHABLE error_code=208 planning_time=0.000s poses=0 costmap=88 COST raw=228 COST
[planner_server-4] [WARN] [1785967908.705413289] [robot_0.planner_server]:  plugin failed to plan from (0.05, -1.01) to (-1.37, 1.67): "Failed to create plan with tolerance of: 0.500000"
[planner_server-4] [WARN] [1785967908.705466222] [robot_0.planner_server]: [compute_path_to_pose] [ActionServer] Aborting handle.
[frontier_explorer-13] [INFO] [1785967908.745209107] [robot_0.frontier_explorer]: [robot_0] precheck cand#10 (-1.37, 1.67) -> UNREACHABLE error_code=208 planning_time=0.000s poses=0 costmap=255 NO_INFORMATION int8=-1 raw=255 NO_INFORMATION
[frontier_explorer-13] [INFO] [1785967908.745718174] [robot_0.frontier_explorer]: [robot_0] no reachable frontier: probed 11 of 11 candidates (11 inconclusive, whole list examined) — deferring to a fresher map
[frontier_explorer-13] [WARN] [1785967908.757487292] [robot_0.frontier_explorer]: [robot_0] escape #1/3 from inflation pocket (0.05, -1.01) -> (0.05, -1.61): heading 270.0 deg, 0.60 m, cheapest of 7/16 drivable directions (ray cost 1053, samples 253,234,208,189,169,0,0,0,0,0,0,0); at the pose raw=253 INSCRIBED_INFLATED, at the target raw=0 FREE. Displacement only: no frontier is judged by this.
[frontier_explorer-13] [INFO] [1785967908.758507878] [robot_0.frontier_explorer]: Navigating to goal: 0.05228784794251806 -1.6089805086429574...
[bt_navigator-7] [INFO] [1785967908.759195631] [robot_0.bt_navigator]: Begin navigating from current location (0.05, -1.01) to (0.05, -1.61)
[planner_server-4] [WARN] [1785967908.760313908] [robot_0.planner_server]: GridBased plugin failed to plan from (0.05, -1.01) to (0.05, -1.61): "Failed to create plan with tolerance of: 0.500000"
[planner_server-4] [WARN] [1785967908.760354375] [robot_0.planner_server]: [compute_path_to_pose] [ActionServer] Aborting handle.
[planner_server-4] [INFO] [1785967908.781653616] [robot_0.global_costmap.global_costmap]: Received request to clear entirely the global_costmap
[planner_server-4] [WARN] [1785967909.595797827] [robot_0.planner_server]: GridBased plugin failed to plan from (0.05, -1.01) to (0.05, -1.61): "Failed to create plan with tolerance of: 0.500000"
[planner_server-4] [WARN] [1785967909.595852516] [robot_0.planner_server]: [compute_path_to_pose] [ActionServer] Aborting handle.
[controller_server-2] [INFO] [1785967909.612228825] [robot_0.local_costmap.local_costmap]: Received request to clear entirely the local_costmap
[planner_server-4] [INFO] [1785967909.615231610] [robot_0.global_costmap.global_costmap]: Received request to clear entirely the global_costmap
[planner_server-4] [WARN] [1785967910.592897908] [robot_0.planner_server]: GridBased plugin failed to plan from (0.05, -1.01) to (0.05, -1.61): "Failed to create plan with tolerance of: 0.500000"
[planner_server-4] [WARN] [1785967910.593023333] [robot_0.planner_server]: [compute_path_to_pose] [ActionServer] Aborting handle.
[planner_server-4] [INFO] [1785967910.613507632] [robot_0.global_costmap.global_costmap]: Received request to clear entirely the global_costmap
[frontier_explorer-13] [INFO] [1785967910.996517875] [robot_0.frontier_explorer]: [robot_0] escape #1 navigating (sim 2s, wall 2s)
[planner_server-4] [WARN] [1785967911.597552550] [robot_0.planner_server]: GridBased plugin failed to plan from (0.05, -1.01) to (0.05, -1.61): "Failed to create plan with tolerance of: 0.500000"
[planner_server-4] [WARN] [1785967911.597614009] [robot_0.planner_server]: [compute_path_to_pose] [ActionServer] Aborting handle.
[behavior_server-6] [INFO] [1785967911.613206598] [robot_0.behavior_server]: Running spin
[behavior_server-6] [INFO] [1785967911.613374280] [robot_0.behavior_server]: Turning 1.57 for spin behavior.
[behavior_server-6] [INFO] [1785967913.719102097] [robot_0.behavior_server]: spin completed successfully
[planner_server-4] [WARN] [1785967913.743729042] [robot_0.planner_server]: GridBased plugin failed to plan from (0.05, -1.01) to (0.05, -1.61): "Failed to create plan with tolerance of: 0.500000"
[planner_server-4] [WARN] [1785967913.743777375] [robot_0.planner_server]: [compute_path_to_pose] [ActionServer] Aborting handle.
[planner_server-4] [INFO] [1785967913.764965862] [robot_0.global_costmap.global_costmap]: Received request to clear entirely the global_costmap
[planner_server-4] [WARN] [1785967914.601852531] [robot_0.planner_server]: GridBased plugin failed to plan from (0.05, -1.01) to (0.05, -1.61): "Failed to create plan with tolerance of: 0.500000"
[planner_server-4] [WARN] [1785967914.601904285] [robot_0.planner_server]: [compute_path_to_pose] [ActionServer] Aborting handle.
[behavior_server-6] [INFO] [1785967914.621843176] [robot_0.behavior_server]: Running wait
[frontier_explorer-13] [INFO] [1785967916.070772273] [robot_0.frontier_explorer]: [robot_0] escape #1 navigating (sim 7s, wall 7s)
[behavior_server-6] [INFO] [1785967919.827142873] [robot_0.behavior_server]: wait completed successfully
[planner_server-4] [WARN] [1785967919.845395922] [robot_0.planner_server]: GridBased plugin failed to plan from (0.05, -1.01) to (0.05, -1.61): "Failed to create plan with tolerance of: 0.500000"
[planner_server-4] [WARN] [1785967919.845611011] [robot_0.planner_server]: [compute_path_to_pose] [ActionServer] Aborting handle.
[planner_server-4] [INFO] [1785967919.874764376] [robot_0.global_costmap.global_costmap]: Received request to clear entirely the global_costmap
[planner_server-4] [WARN] [1785967920.600913255] [robot_0.planner_server]: GridBased plugin failed to plan from (0.05, -1.01) to (0.05, -1.61): "Failed to create plan with tolerance of: 0.500000"
[planner_server-4] [WARN] [1785967920.600969892] [robot_0.planner_server]: [compute_path_to_pose] [ActionServer] Aborting handle.
[behavior_server-6] [INFO] [1785967920.621029876] [robot_0.behavior_server]: Running backup
[frontier_explorer-13] [INFO] [1785967921.202236177] [robot_0.frontier_explorer]: [robot_0] escape #1 navigating (sim 11s, wall 12s)
[behavior_server-6] [INFO] [1785967923.025216522] [robot_0.behavior_server]: backup completed successfully
[controller_server-2] [INFO] [1785967923.061993621] [robot_0.controller_server]: Received a goal, begin computing control effort.
[planner_server-4] [INFO] [1785967923.590396661] [robot_0.global_costmap.global_costmap]: StaticLayer: Resizing costmap to 131 X 154 at 0.050000 m/pix
[controller_server-2] [INFO] [1785967924.112237364] [robot_0.controller_server]: Passing new path to controller.
[controller_server-2] [INFO] [1785967925.116657348] [robot_0.controller_server]: Passing new path to controller.
[controller_server-2] [INFO] [1785967926.113246644] [robot_0.controller_server]: Passing new path to controller.
[frontier_explorer-13] [INFO] [1785967926.229913116] [robot_0.frontier_explorer]: [robot_0] escape #1 navigating (sim 16s, wall 17s)
[controller_server-2] [INFO] [1785967927.163106999] [robot_0.controller_server]: Passing new path to controller.
[planner_server-4] [INFO] [1785967927.590818133] [robot_0.global_costmap.global_costmap]: StaticLayer: Resizing costmap to 132 X 155 at 0.050000 m/pix
[controller_server-2] [INFO] [1785967928.164196853] [robot_0.controller_server]: Passing new path to controller.
[controller_server-2] [INFO] [1785967929.162769618] [robot_0.controller_server]: Passing new path to controller.
[controller_server-2] [INFO] [1785967930.214975043] [robot_0.controller_server]: Passing new path to controller.
[controller_server-2] [INFO] [1785967930.279528399] [robot_0.controller_server]: Reached the goal!
[bt_navigator-7] [INFO] [1785967930.301847863] [robot_0.bt_navigator]: Goal succeeded
[frontier_explorer-13] [WARN] [1785967930.326977518] [robot_0.frontier_explorer]: [robot_0] escape #1 END outcome=ESCAPE nav2=SUCCEEDED pose=(0.14, -1.39) moved=0.39m now raw=0 FREE (was raw=253 INSCRIBED_INFLATED). Not counted as a goal.
[frontier_explorer-13] [INFO] [1785967932.408131652] [robot_0.frontier_explorer]: [robot_0] precheck cand#0 (-0.06, -0.81) -> REACHABLE error_code=0 planning_time=0.010s poses=58 costmap=255 NO_INFORMATION int8=-1 raw=255 NO_INFORMATION
[frontier_explorer-13] [INFO] [1785967932.408611504] [robot_0.frontier_explorer]: [robot_0] goal #2 -> (-0.06, -0.81) [4 cells, frontier (-0.06, -0.81), 0.61 m away]
[frontier_explorer-13] [INFO] [1785967932.409498823] [robot_0.frontier_explorer]: Navigating to goal: -0.05532614996271601 -0.8097648842594598...
[bt_navigator-7] [INFO] [1785967932.414493068] [robot_0.bt_navigator]: Begin navigating from current location (0.14, -1.39) to (-0.06, -0.81)
[controller_server-2] [INFO] [1785967932.429790583] [robot_0.controller_server]: Received a goal, begin computing control effort.
[frontier_explorer-13] [INFO] [1785967932.533848380] [robot_0.frontier_explorer]: [robot_0] goal #2 navigating (sim 0s, wall 0s)
[controller_server-2] [INFO] [1785967933.480649570] [robot_0.controller_server]: Passing new path to controller.
[controller_server-2] [INFO] [1785967934.529967262] [robot_0.controller_server]: Passing new path to controller.
[controller_server-2] [INFO] [1785967935.530319356] [robot_0.controller_server]: Passing new path to controller.
[controller_server-2] [INFO] [1785967936.582658983] [robot_0.controller_server]: Passing new path to controller.
[controller_server-2] [INFO] [1785967937.579971269] [robot_0.controller_server]: Passing new path to controller.
[frontier_explorer-13] [INFO] [1785967937.609403154] [robot_0.frontier_explorer]: [robot_0] goal #2 navigating (sim 5s, wall 5s)
[controller_server-2] [INFO] [1785967938.633828431] [robot_0.controller_server]: Passing new path to controller.
[controller_server-2] [WARN] [1785967939.587685433] [robot_0.controller_server]: Control loop missed its desired rate of 20.0000 Hz. Current loop rate is 20.0000 Hz.
[planner_server-4] [INFO] [1785967939.591718578] [robot_0.global_costmap.global_costmap]: StaticLayer: Resizing costmap to 133 X 155 at 0.050000 m/pix
[controller_server-2] [INFO] [1785967939.637889055] [robot_0.controller_server]: Passing new path to controller.
[controller_server-2] [INFO] [1785967940.640437398] [robot_0.controller_server]: Passing new path to controller.
[controller_server-2] [INFO] [1785967941.687798058] [robot_0.controller_server]: Passing new path to controller.
[frontier_explorer-13] [INFO] [1785967942.614283665] [robot_0.frontier_explorer]: [robot_0] goal #2 navigating (sim 10s, wall 10s)
[controller_server-2] [INFO] [1785967942.687896031] [robot_0.controller_server]: Passing new path to controller.
[controller_server-2] [ERROR] [1785967942.938875311] [robot_0.controller_server]: Failed to make progress
[controller_server-2] [WARN] [1785967942.941964038] [robot_0.controller_server]: [follow_path] [ActionServer] Aborting handle.
[controller_server-2] [INFO] [1785967942.956072202] [robot_0.local_costmap.local_costmap]: Received request to clear entirely the local_costmap
[controller_server-2] [INFO] [1785967942.958454664] [robot_0.controller_server]: Received a goal, begin computing control effort.
[controller_server-2] [WARN] [1785967943.104825362] [robot_0.controller_server]: Control loop missed its desired rate of 20.0000 Hz. Current loop rate is 7.1429 Hz.
[controller_server-2] [INFO] [1785967943.564503963] [robot_0.controller_server]: Reached the goal!
[bt_navigator-7] [INFO] [1785967943.574753271] [robot_0.bt_navigator]: Goal succeeded
[frontier_explorer-13] [INFO] [1785967943.646441740] [robot_0.frontier_explorer]: [robot_0] goal #2 END frontier=(-0.06, -0.81) outcome=SUCCEEDED sim=10.7s wall=11.2s net=0.40m blacklisted=False
[planner_server-4] [WARN] [1785967943.674436474] [robot_0.planner_server]:  plugin failed to plan from (-0.06, -1.04) to (0.43, -1.53): "Failed to create plan with tolerance of: 0.500000"
[planner_server-4] [WARN] [1785967943.674487099] [robot_0.planner_server]: [compute_path_to_pose] [ActionServer] Aborting handle.
[frontier_explorer-13] [INFO] [1785967943.716717840] [robot_0.frontier_explorer]: [robot_0] precheck cand#0 (0.43, -1.53) -> UNREACHABLE error_code=208 planning_time=0.000s poses=0 costmap=99 COST raw=253 INSCRIBED_INFLATED
[frontier_explorer-13] [INFO] [1785967943.764250379] [robot_0.frontier_explorer]: [robot_0] start probe 1/3 (-0.54, -1.16) -> START_OK error_code=0 planning_time=0.000s poses=2 costmap=0 FREE raw=0 FREE
[frontier_explorer-13] [WARN] [1785967943.764721715] [robot_0.frontier_explorer]: [robot_0] frontier (0.43, -1.53) unplannable — retiring until map #37 (now #27, TTL 10 maps); start probe cleared the robot pose, so the GOAL is at fault
[planner_server-4] [WARN] [1785967943.766778946] [robot_0.planner_server]:  plugin failed to plan from (-0.06, -1.04) to (-0.53, 0.14): "Failed to create plan with tolerance of: 0.500000"
[planner_server-4] [WARN] [1785967943.766826580] [robot_0.planner_server]: [compute_path_to_pose] [ActionServer] Aborting handle.
[frontier_explorer-13] [INFO] [1785967943.809519334] [robot_0.frontier_explorer]: [robot_0] precheck cand#1 (-0.53, 0.14) -> UNREACHABLE error_code=208 planning_time=0.000s poses=0 costmap=255 NO_INFORMATION int8=-1 raw=255 NO_INFORMATION
[frontier_explorer-13] [WARN] [1785967943.809994876] [robot_0.frontier_explorer]: [robot_0] frontier (-0.53, 0.14) unplannable — retiring until map #37 (now #27, TTL 10 maps); start probe cleared the robot pose, so the GOAL is at fault
[planner_server-4] [WARN] [1785967943.815129103] [robot_0.planner_server]:  plugin failed to plan from (-0.06, -1.04) to (0.94, 0.01): "Failed to create plan with tolerance of: 0.500000"
[planner_server-4] [WARN] [1785967943.816103757] [robot_0.planner_server]: [compute_path_to_pose] [ActionServer] Aborting handle.
[frontier_explorer-13] [INFO] [1785967943.862028406] [robot_0.frontier_explorer]: [robot_0] precheck cand#2 (0.94, 0.01) -> UNREACHABLE error_code=208 planning_time=0.000s poses=0 costmap=99 COST raw=253 INSCRIBED_INFLATED
[frontier_explorer-13] [WARN] [1785967943.862498452] [robot_0.frontier_explorer]: [robot_0] frontier (0.94, 0.01) unplannable — retiring until map #37 (now #27, TTL 10 maps); start probe cleared the robot pose, so the GOAL is at fault
[planner_server-4] [WARN] [1785967943.864574543] [robot_0.planner_server]:  plugin failed to plan from (-0.06, -1.04) to (-0.39, 0.49): "Failed to create plan with tolerance of: 0.500000"
[planner_server-4] [WARN] [1785967943.864620542] [robot_0.planner_server]: [compute_path_to_pose] [ActionServer] Aborting handle.
[frontier_explorer-13] [INFO] [1785967943.906989387] [robot_0.frontier_explorer]: [robot_0] precheck cand#3 (-0.39, 0.49) -> UNREACHABLE error_code=208 planning_time=0.000s poses=0 costmap=255 NO_INFORMATION int8=-1 raw=255 NO_INFORMATION
[frontier_explorer-13] [WARN] [1785967943.907461299] [robot_0.frontier_explorer]: [robot_0] frontier (-0.39, 0.49) unplannable — retiring until map #37 (now #27, TTL 10 maps); start probe cleared the robot pose, so the GOAL is at fault
[planner_server-4] [WARN] [1785967943.908731065] [robot_0.planner_server]:  plugin failed to plan from (-0.06, -1.04) to (-0.76, -2.57): "Failed to create plan with tolerance of: 0.500000"
[planner_server-4] [WARN] [1785967943.908773200] [robot_0.planner_server]: [compute_path_to_pose] [ActionServer] Aborting handle.
[frontier_explorer-13] [INFO] [1785967943.954234339] [robot_0.frontier_explorer]: [robot_0] precheck cand#4 (-0.76, -2.57) -> UNREACHABLE error_code=208 planning_time=0.000s poses=0 costmap=0 FREE raw=0 FREE
[frontier_explorer-13] [WARN] [1785967943.954800863] [robot_0.frontier_explorer]: [robot_0] frontier (-0.76, -2.57) unplannable — retiring until map #37 (now #27, TTL 10 maps); start probe cleared the robot pose, so the GOAL is at fault
[planner_server-4] [WARN] [1785967943.961104307] [robot_0.planner_server]:  plugin failed to plan from (-0.06, -1.04) to (1.13, 0.18): "Failed to create plan with tolerance of: 0.500000"
[planner_server-4] [WARN] [1785967943.961151624] [robot_0.planner_server]: [compute_path_to_pose] [ActionServer] Aborting handle.
[frontier_explorer-13] [INFO] [1785967944.006532689] [robot_0.frontier_explorer]: [robot_0] precheck cand#5 (1.13, 0.18) -> UNREACHABLE error_code=208 planning_time=0.000s poses=0 costmap=99 COST raw=253 INSCRIBED_INFLATED
[frontier_explorer-13] [WARN] [1785967944.007050422] [robot_0.frontier_explorer]: [robot_0] frontier (1.13, 0.18) unplannable — retiring until map #37 (now #27, TTL 10 maps); start probe cleared the robot pose, so the GOAL is at fault
[planner_server-4] [WARN] [1785967944.018344322] [robot_0.planner_server]:  plugin failed to plan from (-0.06, -1.04) to (-1.74, -0.46): "Failed to create plan with tolerance of: 0.500000"
[planner_server-4] [WARN] [1785967944.019427229] [robot_0.planner_server]: [compute_path_to_pose] [ActionServer] Aborting handle.
[frontier_explorer-13] [INFO] [1785967944.057654521] [robot_0.frontier_explorer]: [robot_0] precheck cand#6 (-1.74, -0.46) -> UNREACHABLE error_code=208 planning_time=0.000s poses=0 costmap=0 FREE raw=0 FREE
[frontier_explorer-13] [WARN] [1785967944.069989190] [robot_0.frontier_explorer]: [robot_0] frontier (-1.74, -0.46) unplannable — retiring until map #37 (now #27, TTL 10 maps); start probe cleared the robot pose, so the GOAL is at fault
[planner_server-4] [WARN] [1785967944.089156492] [robot_0.planner_server]:  plugin failed to plan from (-0.06, -1.04) to (0.96, 0.49): "Failed to create plan with tolerance of: 0.500000"
[planner_server-4] [WARN] [1785967944.089219586] [robot_0.planner_server]: [compute_path_to_pose] [ActionServer] Aborting handle.
[frontier_explorer-13] [INFO] [1785967944.134116665] [robot_0.frontier_explorer]: [robot_0] precheck cand#7 (0.96, 0.49) -> UNREACHABLE error_code=208 planning_time=0.000s poses=0 costmap=255 NO_INFORMATION int8=-1 raw=255 NO_INFORMATION
[frontier_explorer-13] [WARN] [1785967944.134640331] [robot_0.frontier_explorer]: [robot_0] frontier (0.96, 0.49) unplannable — retiring until map #37 (now #27, TTL 10 maps); start probe cleared the robot pose, so the GOAL is at fault
[planner_server-4] [WARN] [1785967944.141087612] [robot_0.planner_server]:  plugin failed to plan from (-0.06, -1.04) to (-1.13, 0.57): "Failed to create plan with tolerance of: 0.500000"
[planner_server-4] [WARN] [1785967944.141140827] [robot_0.planner_server]: [compute_path_to_pose] [ActionServer] Aborting handle.
[frontier_explorer-13] [INFO] [1785967944.192105734] [robot_0.frontier_explorer]: [robot_0] precheck cand#8 (-1.13, 0.57) -> UNREACHABLE error_code=208 planning_time=0.000s poses=0 costmap=255 NO_INFORMATION int8=-1 raw=255 NO_INFORMATION
[frontier_explorer-13] [WARN] [1785967944.198260260] [robot_0.frontier_explorer]: [robot_0] frontier (-1.13, 0.57) unplannable — retiring until map #37 (now #27, TTL 10 maps); start probe cleared the robot pose, so the GOAL is at fault
[planner_server-4] [WARN] [1785967944.201836093] [robot_0.planner_server]:  plugin failed to plan from (-0.06, -1.04) to (-1.84, -1.81): "Failed to create plan with tolerance of: 0.500000"
[planner_server-4] [WARN] [1785967944.201885180] [robot_0.planner_server]: [compute_path_to_pose] [ActionServer] Aborting handle.
[frontier_explorer-13] [INFO] [1785967944.252857501] [robot_0.frontier_explorer]: [robot_0] precheck cand#9 (-1.84, -1.81) -> UNREACHABLE error_code=208 planning_time=0.000s poses=0 costmap=0 FREE raw=0 FREE
[frontier_explorer-13] [WARN] [1785967944.253342511] [robot_0.frontier_explorer]: [robot_0] frontier (-1.84, -1.81) unplannable — retiring until map #37 (now #27, TTL 10 maps); start probe cleared the robot pose, so the GOAL is at fault
[planner_server-4] [WARN] [1785967944.260648547] [robot_0.planner_server]:  plugin failed to plan from (-0.06, -1.04) to (-0.32, 0.89): "Failed to create plan with tolerance of: 0.500000"
[planner_server-4] [WARN] [1785967944.260701027] [robot_0.planner_server]: [compute_path_to_pose] [ActionServer] Aborting handle.
[frontier_explorer-13] [INFO] [1785967944.303685020] [robot_0.frontier_explorer]: [robot_0] precheck cand#10 (-0.32, 0.89) -> UNREACHABLE error_code=208 planning_time=0.000s poses=0 costmap=99 COST raw=253 INSCRIBED_INFLATED
[frontier_explorer-13] [WARN] [1785967944.304173745] [robot_0.frontier_explorer]: [robot_0] frontier (-0.32, 0.89) unplannable — retiring until map #37 (now #27, TTL 10 maps); start probe cleared the robot pose, so the GOAL is at fault
[planner_server-4] [WARN] [1785967944.311613043] [robot_0.planner_server]:  plugin failed to plan from (-0.06, -1.04) to (-1.67, 0.09): "Failed to create plan with tolerance of: 0.500000"
[planner_server-4] [WARN] [1785967944.311666829] [robot_0.planner_server]: [compute_path_to_pose] [ActionServer] Aborting handle.
[frontier_explorer-13] [INFO] [1785967944.358694832] [robot_0.frontier_explorer]: [robot_0] precheck cand#11 (-1.67, 0.09) -> UNREACHABLE error_code=208 planning_time=0.000s poses=0 costmap=0 FREE raw=0 FREE
[frontier_explorer-13] [WARN] [1785967944.359189828] [robot_0.frontier_explorer]: [robot_0] frontier (-1.67, 0.09) unplannable — retiring until map #37 (now #27, TTL 10 maps); start probe cleared the robot pose, so the GOAL is at fault
[frontier_explorer-13] [INFO] [1785967944.359912371] [robot_0.frontier_explorer]: [robot_0] no reachable frontier: probed 12 of 25 candidates (0 inconclusive, stopped by probe cap 12, 13 unexamined) — deferring to a fresher map
[frontier_explorer-13] [WARN] [1785967944.362244284] [robot_0.frontier_explorer]: [robot_0] escape #1/3 from inflation pocket (-0.06, -1.04) -> (-0.06, -1.64): heading 270.0 deg, 0.60 m, cheapest of 12/16 drivable directions (ray cost 846, samples 253,228,196,169,0,0,0,0,0,0,0,0); at the pose raw=253 INSCRIBED_INFLATED, at the target raw=0 FREE. Displacement only: no frontier is judged by this.
[frontier_explorer-13] [INFO] [1785967944.363133401] [robot_0.frontier_explorer]: Navigating to goal: -0.059213610988897686 -1.6436409074593117...
[bt_navigator-7] [INFO] [1785967944.365457965] [robot_0.bt_navigator]: Begin navigating from current location (-0.06, -1.04) to (-0.06, -1.64)
[planner_server-4] [WARN] [1785967944.371927249] [robot_0.planner_server]: GridBased plugin failed to plan from (-0.06, -1.04) to (-0.06, -1.64): "Failed to create plan with tolerance of: 0.500000"
[planner_server-4] [WARN] [1785967944.371991192] [robot_0.planner_server]: [compute_path_to_pose] [ActionServer] Aborting handle.
[planner_server-4] [INFO] [1785967944.390081164] [robot_0.global_costmap.global_costmap]: Received request to clear entirely the global_costmap
[planner_server-4] [WARN] [1785967944.594535362] [robot_0.planner_server]: GridBased plugin failed to plan from (-0.06, -1.04) to (-0.06, -1.64): "Failed to create plan with tolerance of: 0.500000"
[planner_server-4] [WARN] [1785967944.594587939] [robot_0.planner_server]: [compute_path_to_pose] [ActionServer] Aborting handle.
[controller_server-2] [INFO] [1785967944.608266326] [robot_0.local_costmap.local_costmap]: Received request to clear entirely the local_costmap
[planner_server-4] [INFO] [1785967944.618071142] [robot_0.global_costmap.global_costmap]: Received request to clear entirely the global_costmap
[planner_server-4] [WARN] [1785967945.601531162] [robot_0.planner_server]: GridBased plugin failed to plan from (-0.06, -1.04) to (-0.06, -1.64): "Failed to create plan with tolerance of: 0.500000"
[planner_server-4] [WARN] [1785967945.601580873] [robot_0.planner_server]: [compute_path_to_pose] [ActionServer] Aborting handle.
[planner_server-4] [INFO] [1785967945.616802618] [robot_0.global_costmap.global_costmap]: Received request to clear entirely the global_costmap
[planner_server-4] [WARN] [1785967946.602814121] [robot_0.planner_server]: GridBased plugin failed to plan from (-0.06, -1.04) to (-0.06, -1.64): "Failed to create plan with tolerance of: 0.500000"
[planner_server-4] [WARN] [1785967946.602866513] [robot_0.planner_server]: [compute_path_to_pose] [ActionServer] Aborting handle.
[behavior_server-6] [INFO] [1785967946.619881582] [robot_0.behavior_server]: Running spin
[behavior_server-6] [INFO] [1785967946.619975771] [robot_0.behavior_server]: Turning 1.57 for spin behavior.
[frontier_explorer-13] [INFO] [1785967947.651582812] [robot_0.frontier_explorer]: [robot_0] escape #1 navigating (sim 3s, wall 3s)
[behavior_server-6] [INFO] [1785967948.521188283] [robot_0.behavior_server]: spin completed successfully
[planner_server-4] [WARN] [1785967948.541989887] [robot_0.planner_server]: GridBased plugin failed to plan from (-0.06, -1.04) to (-0.06, -1.64): "Failed to create plan with tolerance of: 0.500000"
[planner_server-4] [WARN] [1785967948.542039111] [robot_0.planner_server]: [compute_path_to_pose] [ActionServer] Aborting handle.
[planner_server-4] [INFO] [1785967948.558240313] [robot_0.global_costmap.global_costmap]: Received request to clear entirely the global_costmap
[planner_server-4] [WARN] [1785967948.594662544] [robot_0.planner_server]: GridBased plugin failed to plan from (-0.06, -1.04) to (-0.06, -1.64): "Failed to create plan with tolerance of: 0.500000"
[planner_server-4] [WARN] [1785967948.594719219] [robot_0.planner_server]: [compute_path_to_pose] [ActionServer] Aborting handle.
[behavior_server-6] [INFO] [1785967948.614924613] [robot_0.behavior_server]: Running wait
[frontier_explorer-13] [INFO] [1785967952.755428820] [robot_0.frontier_explorer]: [robot_0] escape #1 navigating (sim 8s, wall 8s)
[behavior_server-6] [INFO] [1785967953.817973197] [robot_0.behavior_server]: wait completed successfully
[planner_server-4] [WARN] [1785967953.838411875] [robot_0.planner_server]: GridBased plugin failed to plan from (-0.06, -1.04) to (-0.06, -1.64): "Failed to create plan with tolerance of: 0.500000"
[planner_server-4] [WARN] [1785967953.838462160] [robot_0.planner_server]: [compute_path_to_pose] [ActionServer] Aborting handle.
[planner_server-4] [INFO] [1785967953.847258734] [robot_0.global_costmap.global_costmap]: Received request to clear entirely the global_costmap
[planner_server-4] [WARN] [1785967954.593343170] [robot_0.planner_server]: GridBased plugin failed to plan from (-0.06, -1.04) to (-0.06, -1.64): "Failed to create plan with tolerance of: 0.500000"
[planner_server-4] [WARN] [1785967954.593397743] [robot_0.planner_server]: [compute_path_to_pose] [ActionServer] Aborting handle.
[behavior_server-6] [INFO] [1785967954.614243478] [robot_0.behavior_server]: Running backup
[behavior_server-6] [INFO] [1785967956.816695889] [robot_0.behavior_server]: backup completed successfully
[controller_server-2] [INFO] [1785967956.831963751] [robot_0.controller_server]: Received a goal, begin computing control effort.
[controller_server-2] [INFO] [1785967957.887587778] [robot_0.controller_server]: Passing new path to controller.
[frontier_explorer-13] [INFO] [1785967957.896094132] [robot_0.frontier_explorer]: [robot_0] escape #1 navigating (sim 13s, wall 13s)
[controller_server-2] [INFO] [1785967958.883049077] [robot_0.controller_server]: Passing new path to controller.
[controller_server-2] [INFO] [1785967959.932191453] [robot_0.controller_server]: Passing new path to controller.
[controller_server-2] [INFO] [1785967960.932181475] [robot_0.controller_server]: Passing new path to controller.
[controller_server-2] [INFO] [1785967961.982841299] [robot_0.controller_server]: Passing new path to controller.
[frontier_explorer-13] [INFO] [1785967962.907780254] [robot_0.frontier_explorer]: [robot_0] escape #1 navigating (sim 18s, wall 18s)
[controller_server-2] [INFO] [1785967962.982355151] [robot_0.controller_server]: Passing new path to controller.
[planner_server-4] [INFO] [1785967963.589994650] [robot_0.global_costmap.global_costmap]: StaticLayer: Resizing costmap to 133 X 155 at 0.050000 m/pix
[controller_server-2] [INFO] [1785967963.987042827] [robot_0.controller_server]: Passing new path to controller.
[controller_server-2] [INFO] [1785967965.036572861] [robot_0.controller_server]: Passing new path to controller.
[controller_server-2] [INFO] [1785967965.356305658] [robot_0.controller_server]: Reached the goal!
[bt_navigator-7] [INFO] [1785967965.384921707] [robot_0.bt_navigator]: Goal succeeded
[frontier_explorer-13] [WARN] [1785967965.413089375] [robot_0.frontier_explorer]: [robot_0] escape #1 END outcome=ESCAPE nav2=SUCCEEDED pose=(0.06, -1.46) moved=0.43m now raw=0 FREE (was raw=253 INSCRIBED_INFLATED). Not counted as a goal.
[frontier_explorer-13] [INFO] [1785967967.515421205] [robot_0.frontier_explorer]: [robot_0] precheck cand#0 (0.17, -0.97) -> REACHABLE error_code=0 planning_time=0.000s poses=20 costmap=76 COST raw=196 COST
[frontier_explorer-13] [INFO] [1785967967.515848706] [robot_0.frontier_explorer]: [robot_0] goal #3 -> (0.17, -0.97) [10 cells, frontier (0.17, -0.97), 0.50 m away]
[frontier_explorer-13] [INFO] [1785967967.516747102] [robot_0.frontier_explorer]: Navigating to goal: 0.16764790932140183 -0.9685089121219184...
[bt_navigator-7] [INFO] [1785967967.523980974] [robot_0.bt_navigator]: Begin navigating from current location (0.06, -1.46) to (0.17, -0.97)
[controller_server-2] [INFO] [1785967967.550868403] [robot_0.controller_server]: Received a goal, begin computing control effort.
[frontier_explorer-13] [INFO] [1785967967.952608719] [robot_0.frontier_explorer]: [robot_0] goal #3 navigating (sim 0s, wall 0s)
[controller_server-2] [INFO] [1785967968.601250432] [robot_0.controller_server]: Passing new path to controller.
[controller_server-2] [INFO] [1785967969.603689941] [robot_0.controller_server]: Passing new path to controller.
[controller_server-2] [INFO] [1785967970.602292069] [robot_0.controller_server]: Passing new path to controller.
[controller_server-2] [INFO] [1785967971.653501992] [robot_0.controller_server]: Passing new path to controller.
[controller_server-2] [INFO] [1785967972.651176609] [robot_0.controller_server]: Passing new path to controller.
[frontier_explorer-13] [INFO] [1785967973.093396223] [robot_0.frontier_explorer]: [robot_0] goal #3 navigating (sim 5s, wall 5s)
[planner_server-4] [INFO] [1785967973.591197686] [robot_0.global_costmap.global_costmap]: StaticLayer: Resizing costmap to 139 X 158 at 0.050000 m/pix
[controller_server-2] [INFO] [1785967973.701613241] [robot_0.controller_server]: Passing new path to controller.
[controller_server-2] [INFO] [1785967974.703126602] [robot_0.controller_server]: Passing new path to controller.
[controller_server-2] [INFO] [1785967975.562241854] [robot_0.controller_server]: Reached the goal!
[bt_navigator-7] [INFO] [1785967975.585680503] [robot_0.bt_navigator]: Goal succeeded
[frontier_explorer-13] [INFO] [1785967975.595534516] [robot_0.frontier_explorer]: [robot_0] goal #3 END frontier=(0.17, -0.97) outcome=SUCCEEDED sim=7.8s wall=8.1s net=0.50m blacklisted=False
[planner_server-4] [WARN] [1785967975.633052780] [robot_0.planner_server]:  plugin failed to plan from (-0.07, -0.97) to (-0.14, -0.10): "Failed to create plan with tolerance of: 0.500000"
[planner_server-4] [WARN] [1785967975.633130479] [robot_0.planner_server]: [compute_path_to_pose] [ActionServer] Aborting handle.
[frontier_explorer-13] [INFO] [1785967975.700996539] [robot_0.frontier_explorer]: [robot_0] precheck cand#0 (-0.14, -0.10) -> UNREACHABLE error_code=208 planning_time=0.000s poses=0 costmap=0 FREE raw=0 FREE
[frontier_explorer-13] [INFO] [1785967975.751926819] [robot_0.frontier_explorer]: [robot_0] start probe 1/3 (0.06, -1.45) -> START_OK error_code=0 planning_time=0.000s poses=2 costmap=0 FREE raw=0 FREE
[frontier_explorer-13] [WARN] [1785967975.752448402] [robot_0.frontier_explorer]: [robot_0] frontier (-0.14, -0.10) unplannable — retiring until map #53 (now #43, TTL 10 maps); start probe cleared the robot pose, so the GOAL is at fault
[planner_server-4] [WARN] [1785967975.762298669] [robot_0.planner_server]:  plugin failed to plan from (-0.07, -0.97) to (-0.84, -2.57): "Failed to create plan with tolerance of: 0.500000"
[planner_server-4] [WARN] [1785967975.762353525] [robot_0.planner_server]: [compute_path_to_pose] [ActionServer] Aborting handle.
[frontier_explorer-13] [INFO] [1785967975.811560405] [robot_0.frontier_explorer]: [robot_0] precheck cand#1 (-0.84, -2.57) -> UNREACHABLE error_code=208 planning_time=0.000s poses=0 costmap=0 FREE raw=0 FREE
[frontier_explorer-13] [WARN] [1785967975.812076203] [robot_0.frontier_explorer]: [robot_0] frontier (-0.84, -2.57) unplannable — retiring until map #53 (now #43, TTL 10 maps); start probe cleared the robot pose, so the GOAL is at fault
[planner_server-4] [WARN] [1785967975.813553255] [robot_0.planner_server]:  plugin failed to plan from (-0.07, -0.97) to (-1.16, 0.58): "Failed to create plan with tolerance of: 0.500000"
[planner_server-4] [WARN] [1785967975.813602816] [robot_0.planner_server]: [compute_path_to_pose] [ActionServer] Aborting handle.
[frontier_explorer-13] [INFO] [1785967975.899056172] [robot_0.frontier_explorer]: [robot_0] precheck cand#2 (-1.16, 0.58) -> UNREACHABLE error_code=208 planning_time=0.000s poses=0 costmap=255 NO_INFORMATION int8=-1 raw=255 NO_INFORMATION
[frontier_explorer-13] [WARN] [1785967975.899618046] [robot_0.frontier_explorer]: [robot_0] frontier (-1.16, 0.58) unplannable — retiring until map #53 (now #43, TTL 10 maps); start probe cleared the robot pose, so the GOAL is at fault
[planner_server-4] [WARN] [1785967975.910574126] [robot_0.planner_server]:  plugin failed to plan from (-0.07, -0.97) to (1.11, 0.60): "Failed to create plan with tolerance of: 0.500000"
[planner_server-4] [WARN] [1785967975.910623824] [robot_0.planner_server]: [compute_path_to_pose] [ActionServer] Aborting handle.
[frontier_explorer-13] [INFO] [1785967975.961623111] [robot_0.frontier_explorer]: [robot_0] precheck cand#3 (1.11, 0.60) -> UNREACHABLE error_code=208 planning_time=0.000s poses=0 costmap=91 COST raw=234 COST
[frontier_explorer-13] [WARN] [1785967975.962137729] [robot_0.frontier_explorer]: [robot_0] frontier (1.11, 0.60) unplannable — retiring until map #53 (now #43, TTL 10 maps); start probe cleared the robot pose, so the GOAL is at fault
[planner_server-4] [WARN] [1785967975.972189990] [robot_0.planner_server]:  plugin failed to plan from (-0.07, -0.97) to (-1.75, -2.15): "Failed to create plan with tolerance of: 0.500000"
[planner_server-4] [WARN] [1785967975.972239369] [robot_0.planner_server]: [compute_path_to_pose] [ActionServer] Aborting handle.
[frontier_explorer-13] [INFO] [1785967976.022828632] [robot_0.frontier_explorer]: [robot_0] precheck cand#4 (-1.75, -2.15) -> UNREACHABLE error_code=208 planning_time=0.000s poses=0 costmap=0 FREE raw=0 FREE
[frontier_explorer-13] [WARN] [1785967976.023376903] [robot_0.frontier_explorer]: [robot_0] frontier (-1.75, -2.15) unplannable — retiring until map #53 (now #43, TTL 10 maps); start probe cleared the robot pose, so the GOAL is at fault
[planner_server-4] [WARN] [1785967976.030926628] [robot_0.planner_server]:  plugin failed to plan from (-0.07, -0.97) to (-0.14, 1.17): "Failed to create plan with tolerance of: 0.500000"
[planner_server-4] [WARN] [1785967976.030989199] [robot_0.planner_server]: [compute_path_to_pose] [ActionServer] Aborting handle.
[frontier_explorer-13] [INFO] [1785967976.090577145] [robot_0.frontier_explorer]: [robot_0] precheck cand#5 (-0.14, 1.17) -> UNREACHABLE error_code=208 planning_time=0.000s poses=0 costmap=73 COST raw=189 COST
[frontier_explorer-13] [WARN] [1785967976.091079133] [robot_0.frontier_explorer]: [robot_0] frontier (-0.14, 1.17) unplannable — retiring until map #53 (now #43, TTL 10 maps); start probe cleared the robot pose, so the GOAL is at fault
[planner_server-4] [WARN] [1785967976.106268394] [robot_0.planner_server]:  plugin failed to plan from (-0.07, -0.97) to (0.98, 0.95): "Failed to create plan with tolerance of: 0.500000"
[planner_server-4] [WARN] [1785967976.106320568] [robot_0.planner_server]: [compute_path_to_pose] [ActionServer] Aborting handle.
[frontier_explorer-13] [INFO] [1785967976.155589739] [robot_0.frontier_explorer]: [robot_0] precheck cand#6 (0.98, 0.95) -> UNREACHABLE error_code=208 planning_time=0.000s poses=0 costmap=0 FREE raw=0 FREE
[frontier_explorer-13] [WARN] [1785967976.156658827] [robot_0.frontier_explorer]: [robot_0] frontier (0.98, 0.95) unplannable — retiring until map #53 (now #43, TTL 10 maps); start probe cleared the robot pose, so the GOAL is at fault
[planner_server-4] [WARN] [1785967976.197764201] [robot_0.planner_server]:  plugin failed to plan from (-0.07, -0.97) to (-1.89, 0.25): "Failed to create plan with tolerance of: 0.500000"
[planner_server-4] [WARN] [1785967976.197813046] [robot_0.planner_server]: [compute_path_to_pose] [ActionServer] Aborting handle.
[frontier_explorer-13] [INFO] [1785967976.287744773] [robot_0.frontier_explorer]: [robot_0] precheck cand#7 (-1.89, 0.25) -> UNREACHABLE error_code=208 planning_time=0.000s poses=0 costmap=255 NO_INFORMATION int8=-1 raw=255 NO_INFORMATION
[frontier_explorer-13] [WARN] [1785967976.288278984] [robot_0.frontier_explorer]: [robot_0] frontier (-1.89, 0.25) unplannable — retiring until map #53 (now #43, TTL 10 maps); start probe cleared the robot pose, so the GOAL is at fault
[planner_server-4] [WARN] [1785967976.290545679] [robot_0.planner_server]:  plugin failed to plan from (-0.07, -0.97) to (2.06, -0.27): "Failed to create plan with tolerance of: 0.500000"
[planner_server-4] [WARN] [1785967976.290589787] [robot_0.planner_server]: [compute_path_to_pose] [ActionServer] Aborting handle.
[frontier_explorer-13] [INFO] [1785967976.347920242] [robot_0.frontier_explorer]: [robot_0] precheck cand#8 (2.06, -0.27) -> UNREACHABLE error_code=208 planning_time=0.000s poses=0 costmap=255 NO_INFORMATION int8=-1 raw=255 NO_INFORMATION
[frontier_explorer-13] [WARN] [1785967976.348390931] [robot_0.frontier_explorer]: [robot_0] frontier (2.06, -0.27) unplannable — retiring until map #53 (now #43, TTL 10 maps); start probe cleared the robot pose, so the GOAL is at fault
[planner_server-4] [WARN] [1785967976.364509355] [robot_0.planner_server]:  plugin failed to plan from (-0.07, -0.97) to (1.57, -2.59): "Failed to create plan with tolerance of: 0.500000"
[planner_server-4] [WARN] [1785967976.364562903] [robot_0.planner_server]: [compute_path_to_pose] [ActionServer] Aborting handle.
[frontier_explorer-13] [INFO] [1785967976.405461784] [robot_0.frontier_explorer]: [robot_0] precheck cand#9 (1.57, -2.59) -> UNREACHABLE error_code=208 planning_time=0.000s poses=0 costmap=0 FREE raw=0 FREE
[frontier_explorer-13] [WARN] [1785967976.414630475] [robot_0.frontier_explorer]: [robot_0] frontier (1.57, -2.59) unplannable — retiring until map #53 (now #43, TTL 10 maps); start probe cleared the robot pose, so the GOAL is at fault
[planner_server-4] [WARN] [1785967976.417336409] [robot_0.planner_server]:  plugin failed to plan from (-0.07, -0.97) to (2.31, -0.60): "Failed to create plan with tolerance of: 0.500000"
[planner_server-4] [WARN] [1785967976.417387085] [robot_0.planner_server]: [compute_path_to_pose] [ActionServer] Aborting handle.
[frontier_explorer-13] [INFO] [1785967976.469915185] [robot_0.frontier_explorer]: [robot_0] precheck cand#10 (2.31, -0.60) -> UNREACHABLE error_code=208 planning_time=0.000s poses=0 costmap=255 NO_INFORMATION int8=-1 raw=255 NO_INFORMATION
[frontier_explorer-13] [WARN] [1785967976.471634276] [robot_0.frontier_explorer]: [robot_0] frontier (2.31, -0.60) unplannable — retiring until map #53 (now #43, TTL 10 maps); start probe cleared the robot pose, so the GOAL is at fault
[planner_server-4] [WARN] [1785967976.479805408] [robot_0.planner_server]:  plugin failed to plan from (-0.07, -0.97) to (-1.26, 1.25): "Failed to create plan with tolerance of: 0.500000"
[planner_server-4] [WARN] [1785967976.479856363] [robot_0.planner_server]: [compute_path_to_pose] [ActionServer] Aborting handle.
[frontier_explorer-13] [INFO] [1785967976.526310111] [robot_0.frontier_explorer]: [robot_0] precheck cand#11 (-1.26, 1.25) -> UNREACHABLE error_code=208 planning_time=0.000s poses=0 costmap=0 FREE raw=0 FREE
[frontier_explorer-13] [WARN] [1785967976.528413824] [robot_0.frontier_explorer]: [robot_0] frontier (-1.26, 1.25) unplannable — retiring until map #53 (now #43, TTL 10 maps); start probe cleared the robot pose, so the GOAL is at fault
[frontier_explorer-13] [INFO] [1785967976.537625210] [robot_0.frontier_explorer]: [robot_0] no reachable frontier: probed 12 of 20 candidates (0 inconclusive, stopped by probe cap 12, 8 unexamined) — deferring to a fresher map
[frontier_explorer-13] [WARN] [1785967976.549475309] [robot_0.frontier_explorer]: [robot_0] escape #1/3 from inflation pocket (-0.07, -0.97) -> (-0.67, -0.97): heading 180.0 deg, 0.60 m, cheapest of 11/16 drivable directions (ray cost 669, samples 253,223,193,0,0,0,0,0,0,0,0,0); at the pose raw=253 INSCRIBED_INFLATED, at the target raw=0 FREE. Displacement only: no frontier is judged by this.
[frontier_explorer-13] [INFO] [1785967976.552936583] [robot_0.frontier_explorer]: Navigating to goal: -0.6704582085208548 -0.97072604724828...
[bt_navigator-7] [INFO] [1785967976.557235010] [robot_0.bt_navigator]: Begin navigating from current location (-0.07, -0.97) to (-0.67, -0.97)
[planner_server-4] [WARN] [1785967976.565871546] [robot_0.planner_server]: GridBased plugin failed to plan from (-0.07, -0.97) to (-0.67, -0.97): "Failed to create plan with tolerance of: 0.500000"
[planner_server-4] [WARN] [1785967976.567330242] [robot_0.planner_server]: [compute_path_to_pose] [ActionServer] Aborting handle.
[planner_server-4] [INFO] [1785967976.572124790] [robot_0.global_costmap.global_costmap]: Received request to clear entirely the global_costmap
[planner_server-4] [WARN] [1785967976.594640785] [robot_0.planner_server]: GridBased plugin failed to plan from (-0.07, -0.97) to (-0.67, -0.97): "Failed to create plan with tolerance of: 0.500000"
[planner_server-4] [WARN] [1785967976.594692738] [robot_0.planner_server]: [compute_path_to_pose] [ActionServer] Aborting handle.
[controller_server-2] [INFO] [1785967976.622204564] [robot_0.local_costmap.local_costmap]: Received request to clear entirely the local_costmap
[planner_server-4] [INFO] [1785967976.629088009] [robot_0.global_costmap.global_costmap]: Received request to clear entirely the global_costmap
[planner_server-4] [WARN] [1785967977.597074989] [robot_0.planner_server]: GridBased plugin failed to plan from (-0.07, -0.97) to (-0.67, -0.97): "Failed to create plan with tolerance of: 0.500000"
[planner_server-4] [WARN] [1785967977.597126423] [robot_0.planner_server]: [compute_path_to_pose] [ActionServer] Aborting handle.
[planner_server-4] [INFO] [1785967977.609271528] [robot_0.global_costmap.global_costmap]: Received request to clear entirely the global_costmap
[frontier_explorer-13] [INFO] [1785967978.168727025] [robot_0.frontier_explorer]: [robot_0] escape #1 navigating (sim 1s, wall 1s)
[planner_server-4] [WARN] [1785967978.596580435] [robot_0.planner_server]: GridBased plugin failed to plan from (-0.07, -0.97) to (-0.67, -0.97): "Failed to create plan with tolerance of: 0.500000"
[planner_server-4] [WARN] [1785967978.596637180] [robot_0.planner_server]: [compute_path_to_pose] [ActionServer] Aborting handle.
[behavior_server-6] [INFO] [1785967978.611385901] [robot_0.behavior_server]: Running spin
[behavior_server-6] [INFO] [1785967978.611467137] [robot_0.behavior_server]: Turning 1.57 for spin behavior.
[behavior_server-6] [INFO] [1785967980.515863360] [robot_0.behavior_server]: spin completed successfully
[planner_server-4] [WARN] [1785967980.529054648] [robot_0.planner_server]: GridBased plugin failed to plan from (-0.07, -0.97) to (-0.67, -0.97): "Failed to create plan with tolerance of: 0.500000"
[planner_server-4] [WARN] [1785967980.529930571] [robot_0.planner_server]: [compute_path_to_pose] [ActionServer] Aborting handle.
[planner_server-4] [INFO] [1785967980.533243642] [robot_0.global_costmap.global_costmap]: Received request to clear entirely the global_costmap
[planner_server-4] [WARN] [1785967980.604329282] [robot_0.planner_server]: GridBased plugin failed to plan from (-0.07, -0.97) to (-0.67, -0.97): "Failed to create plan with tolerance of: 0.500000"
[planner_server-4] [WARN] [1785967980.604385569] [robot_0.planner_server]: [compute_path_to_pose] [ActionServer] Aborting handle.
[behavior_server-6] [INFO] [1785967980.630816419] [robot_0.behavior_server]: Running wait
[frontier_explorer-13] [INFO] [1785967983.176586064] [robot_0.frontier_explorer]: [robot_0] escape #1 navigating (sim 6s, wall 6s)
[behavior_server-6] [INFO] [1785967986.431712342] [robot_0.behavior_server]: wait completed successfully
[planner_server-4] [WARN] [1785967986.452689902] [robot_0.planner_server]: GridBased plugin failed to plan from (-0.07, -0.97) to (-0.67, -0.97): "Failed to create plan with tolerance of: 0.500000"
[planner_server-4] [WARN] [1785967986.452741145] [robot_0.planner_server]: [compute_path_to_pose] [ActionServer] Aborting handle.
[planner_server-4] [INFO] [1785967986.474226721] [robot_0.global_costmap.global_costmap]: Received request to clear entirely the global_costmap
[planner_server-4] [WARN] [1785967986.597910489] [robot_0.planner_server]: GridBased plugin failed to plan from (-0.07, -0.97) to (-0.67, -0.97): "Failed to create plan with tolerance of: 0.500000"
[planner_server-4] [WARN] [1785967986.597973316] [robot_0.planner_server]: [compute_path_to_pose] [ActionServer] Aborting handle.
[behavior_server-6] [INFO] [1785967986.618568118] [robot_0.behavior_server]: Running backup
[frontier_explorer-13] [INFO] [1785967988.233830206] [robot_0.frontier_explorer]: [robot_0] escape #1 navigating (sim 11s, wall 12s)
[behavior_server-6] [INFO] [1785967988.824400021] [robot_0.behavior_server]: backup completed successfully
[controller_server-2] [INFO] [1785967988.852075843] [robot_0.controller_server]: Received a goal, begin computing control effort.
[controller_server-2] [INFO] [1785967989.902275131] [robot_0.controller_server]: Passing new path to controller.
[controller_server-2] [INFO] [1785967990.904890641] [robot_0.controller_server]: Passing new path to controller.
[controller_server-2] [WARN] [1785967991.255124713] [robot_0.controller_server]: Control loop missed its desired rate of 20.0000 Hz. Current loop rate is 33.3333 Hz.
[controller_server-2] [INFO] [1785967991.955280491] [robot_0.controller_server]: Passing new path to controller.
[controller_server-2] [INFO] [1785967992.956433563] [robot_0.controller_server]: Passing new path to controller.
[frontier_explorer-13] [INFO] [1785967993.251415585] [robot_0.frontier_explorer]: [robot_0] escape #1 navigating (sim 15s, wall 17s)
[controller_server-2] [INFO] [1785967993.955346124] [robot_0.controller_server]: Passing new path to controller.
[controller_server-2] [INFO] [1785967995.005362856] [robot_0.controller_server]: Passing new path to controller.
[controller_server-2] [INFO] [1785967996.005362881] [robot_0.controller_server]: Passing new path to controller.
[controller_server-2] [INFO] [1785967997.055248967] [robot_0.controller_server]: Passing new path to controller.
[controller_server-2] [INFO] [1785967997.424472883] [robot_0.controller_server]: Reached the goal!
[bt_navigator-7] [INFO] [1785967997.448879082] [robot_0.bt_navigator]: Goal succeeded
[frontier_explorer-13] [WARN] [1785967997.497595938] [robot_0.frontier_explorer]: [robot_0] escape #1 END outcome=ESCAPE nav2=SUCCEEDED pose=(-0.53, -1.14) moved=0.49m now raw=0 FREE (was raw=253 INSCRIBED_INFLATED). Not counted as a goal.
[frontier_explorer-13] [INFO] [1785967999.615729023] [robot_0.frontier_explorer]: [robot_0] precheck cand#0 (-1.73, -2.38) -> REACHABLE error_code=0 planning_time=0.000s poses=69 costmap=0 FREE raw=0 FREE
[frontier_explorer-13] [INFO] [1785967999.616139491] [robot_0.frontier_explorer]: [robot_0] goal #4 -> (-1.73, -2.38) [85 cells, frontier (-1.73, -2.38), 1.73 m away]
[frontier_explorer-13] [INFO] [1785967999.627288165] [robot_0.frontier_explorer]: Navigating to goal: -1.730388683323105 -2.3789474719376957...
[bt_navigator-7] [INFO] [1785967999.630924482] [robot_0.bt_navigator]: Begin navigating from current location (-0.53, -1.14) to (-1.73, -2.38)
[controller_server-2] [INFO] [1785967999.648773864] [robot_0.controller_server]: Received a goal, begin computing control effort.
[frontier_explorer-13] [INFO] [1785967999.759532987] [robot_0.frontier_explorer]: [robot_0] goal #4 navigating (sim 0s, wall 0s)
[controller_server-2] [INFO] [1785968000.699963356] [robot_0.controller_server]: Passing new path to controller.
[controller_server-2] [INFO] [1785968001.703119771] [robot_0.controller_server]: Passing new path to controller.
[controller_server-2] [WARN] [1785968002.015072867] [robot_0.controller_server]: Control loop missed its desired rate of 20.0000 Hz. Current loop rate is 50.0000 Hz.
[controller_server-2] [INFO] [1785968002.768845805] [robot_0.controller_server]: Passing new path to controller.
[controller_server-2] [INFO] [1785968003.765659643] [robot_0.controller_server]: Passing new path to controller.
[controller_server-2] [INFO] [1785968004.770304851] [robot_0.controller_server]: Passing new path to controller.
[frontier_explorer-13] [INFO] [1785968004.806925787] [robot_0.frontier_explorer]: [robot_0] goal #4 navigating (sim 5s, wall 5s)
[controller_server-2] [INFO] [1785968005.766039896] [robot_0.controller_server]: Passing new path to controller.
[controller_server-2] [INFO] [1785968006.817643235] [robot_0.controller_server]: Passing new path to controller.
[controller_server-2] [INFO] [1785968007.815473035] [robot_0.controller_server]: Passing new path to controller.
[controller_server-2] [INFO] [1785968008.865975682] [robot_0.controller_server]: Passing new path to controller.
[planner_server-4] [INFO] [1785968009.590946966] [robot_0.global_costmap.global_costmap]: StaticLayer: Resizing costmap to 167 X 158 at 0.050000 m/pix
[frontier_explorer-13] [INFO] [1785968009.865434420] [robot_0.frontier_explorer]: [robot_0] goal #4 navigating (sim 10s, wall 10s)
[controller_server-2] [INFO] [1785968009.868599102] [robot_0.controller_server]: Passing new path to controller.
[controller_server-2] [INFO] [1785968010.869966056] [robot_0.controller_server]: Passing new path to controller.
[planner_server-4] [INFO] [1785968011.589960570] [robot_0.global_costmap.global_costmap]: StaticLayer: Resizing costmap to 169 X 158 at 0.050000 m/pix
[controller_server-2] [INFO] [1785968011.915744087] [robot_0.controller_server]: Passing new path to controller.
[controller_server-2] [INFO] [1785968012.920460683] [robot_0.controller_server]: Passing new path to controller.
[controller_server-2] [INFO] [1785968013.937029877] [robot_0.controller_server]: Reached the goal!
[controller_server-2] [INFO] [1785968013.937158672] [robot_0.controller_server]: Received a goal, begin computing control effort.
[controller_server-2] [INFO] [1785968013.950859420] [robot_0.controller_server]: Reached the goal!
[bt_navigator-7] [INFO] [1785968013.984044566] [robot_0.bt_navigator]: Goal succeeded
[frontier_explorer-13] [INFO] [1785968014.003089356] [robot_0.frontier_explorer]: [robot_0] goal #4 END frontier=(-1.73, -2.38) outcome=SUCCEEDED sim=14.0s wall=14.4s net=1.49m blacklisted=False
[frontier_explorer-13] [INFO] [1785968014.086869043] [robot_0.frontier_explorer]: [robot_0] precheck cand#0 (-2.94, -2.31) -> REACHABLE error_code=0 planning_time=0.000s poses=54 costmap=99 COST raw=253 INSCRIBED_INFLATED
[frontier_explorer-13] [INFO] [1785968014.087295419] [robot_0.frontier_explorer]: [robot_0] goal #5 -> (-2.94, -2.31) [7 cells, frontier (-2.94, -2.31), 1.37 m away]
[frontier_explorer-13] [INFO] [1785968014.088290321] [robot_0.frontier_explorer]: Navigating to goal: -2.9355376563415585 -2.307855033903546...
[bt_navigator-7] [INFO] [1785968014.089486183] [robot_0.bt_navigator]: Begin navigating from current location (-1.57, -2.20) to (-2.94, -2.31)
[controller_server-2] [INFO] [1785968014.106613205] [robot_0.controller_server]: Received a goal, begin computing control effort.
[frontier_explorer-13] [INFO] [1785968015.017017705] [robot_0.frontier_explorer]: [robot_0] goal #5 navigating (sim 1s, wall 1s)
[controller_server-2] [INFO] [1785968015.158461480] [robot_0.controller_server]: Passing new path to controller.
[controller_server-2] [INFO] [1785968016.161146011] [robot_0.controller_server]: Passing new path to controller.
[controller_server-2] [INFO] [1785968017.208532973] [robot_0.controller_server]: Passing new path to controller.
[planner_server-4] [INFO] [1785968017.589561352] [robot_0.global_costmap.global_costmap]: StaticLayer: Resizing costmap to 170 X 158 at 0.050000 m/pix
[controller_server-2] [WARN] [1785968017.811408443] [robot_0.controller_server]: Control loop missed its desired rate of 20.0000 Hz. Current loop rate is 33.3333 Hz.
[controller_server-2] [INFO] [1785968018.211530732] [robot_0.controller_server]: Passing new path to controller.
[controller_server-2] [INFO] [1785968019.262647714] [robot_0.controller_server]: Passing new path to controller.
[planner_server-4] [INFO] [1785968019.589734770] [robot_0.global_costmap.global_costmap]: StaticLayer: Resizing costmap to 172 X 158 at 0.050000 m/pix
[frontier_explorer-13] [INFO] [1785968020.090670924] [robot_0.frontier_explorer]: [robot_0] goal #5 navigating (sim 5s, wall 6s)
[controller_server-2] [INFO] [1785968020.261533353] [robot_0.controller_server]: Passing new path to controller.
[controller_server-2] [INFO] [1785968021.311535376] [robot_0.controller_server]: Passing new path to controller.
[planner_server-4] [INFO] [1785968021.590636350] [robot_0.global_costmap.global_costmap]: StaticLayer: Resizing costmap to 173 X 158 at 0.050000 m/pix
[controller_server-2] [INFO] [1785968022.311529330] [robot_0.controller_server]: Passing new path to controller.
[controller_server-2] [INFO] [1785968023.361650860] [robot_0.controller_server]: Passing new path to controller.
[planner_server-4] [INFO] [1785968023.594632712] [robot_0.global_costmap.global_costmap]: StaticLayer: Resizing costmap to 174 X 158 at 0.050000 m/pix
[controller_server-2] [INFO] [1785968024.362167780] [robot_0.controller_server]: Passing new path to controller.
[controller_server-2] [WARN] [1785968025.013617637] [robot_0.controller_server]: Control loop missed its desired rate of 20.0000 Hz. Current loop rate is 50.0000 Hz.
[frontier_explorer-13] [INFO] [1785968025.280860343] [robot_0.frontier_explorer]: [robot_0] goal #5 navigating (sim 10s, wall 11s)
[controller_server-2] [INFO] [1785968025.414320165] [robot_0.controller_server]: Passing new path to controller.
[controller_server-2] [INFO] [1785968026.416471357] [robot_0.controller_server]: Passing new path to controller.
[controller_server-2] [INFO] [1785968027.465575342] [robot_0.controller_server]: Passing new path to controller.
[controller_server-2] [INFO] [1785968027.746094132] [robot_0.controller_server]: Reached the goal!
[bt_navigator-7] [INFO] [1785968027.767467113] [robot_0.bt_navigator]: Goal succeeded
[frontier_explorer-13] [INFO] [1785968027.822837831] [robot_0.frontier_explorer]: [robot_0] goal #5 END frontier=(-2.94, -2.31) outcome=SUCCEEDED sim=12.7s wall=13.7s net=1.14m blacklisted=False
[frontier_explorer-13] [INFO] [1785968027.919664514] [robot_0.frontier_explorer]: [robot_0] precheck cand#0 (-2.32, -3.30) -> REACHABLE error_code=0 planning_time=0.000s poses=72 costmap=0 FREE raw=0 FREE
[frontier_explorer-13] [INFO] [1785968027.942136547] [robot_0.frontier_explorer]: [robot_0] goal #6 -> (-2.32, -3.30) [20 cells, frontier (-2.32, -3.30), 1.10 m away]
[frontier_explorer-13] [INFO] [1785968027.943103150] [robot_0.frontier_explorer]: Navigating to goal: -2.3231050444849406 -3.2957121914809075...
[bt_navigator-7] [INFO] [1785968027.947340676] [robot_0.bt_navigator]: Begin navigating from current location (-2.71, -2.27) to (-2.32, -3.30)
[controller_server-2] [INFO] [1785968027.978065963] [robot_0.controller_server]: Received a goal, begin computing control effort.
[controller_server-2] [INFO] [1785968029.035275619] [robot_0.controller_server]: Passing new path to controller.
[controller_server-2] [INFO] [1785968030.029109707] [robot_0.controller_server]: Passing new path to controller.
[frontier_explorer-13] [INFO] [1785968030.376328126] [robot_0.frontier_explorer]: [robot_0] goal #6 navigating (sim 2s, wall 2s)
[controller_server-2] [INFO] [1785968031.081779439] [robot_0.controller_server]: Passing new path to controller.
[planner_server-4] [INFO] [1785968031.589201189] [robot_0.global_costmap.global_costmap]: StaticLayer: Resizing costmap to 175 X 158 at 0.050000 m/pix
[controller_server-2] [INFO] [1785968032.079468686] [robot_0.controller_server]: Passing new path to controller.
[controller_server-2] [INFO] [1785968033.079704519] [robot_0.controller_server]: Passing new path to controller.
[controller_server-2] [INFO] [1785968034.128397885] [robot_0.controller_server]: Passing new path to controller.
[controller_server-2] [INFO] [1785968035.128317620] [robot_0.controller_server]: Passing new path to controller.
[frontier_explorer-13] [INFO] [1785968035.451621164] [robot_0.frontier_explorer]: [robot_0] goal #6 navigating (sim 7s, wall 7s)
[controller_server-2] [INFO] [1785968036.130964634] [robot_0.controller_server]: Passing new path to controller.
[controller_server-2] [INFO] [1785968037.178754187] [robot_0.controller_server]: Passing new path to controller.
[controller_server-2] [WARN] [1785968037.578367250] [robot_0.controller_server]: Control loop missed its desired rate of 20.0000 Hz. Current loop rate is 25.0000 Hz.
[controller_server-2] [INFO] [1785968038.183014533] [robot_0.controller_server]: Passing new path to controller.
[controller_server-2] [INFO] [1785968038.750323105] [robot_0.controller_server]: Reached the goal!
[bt_navigator-7] [INFO] [1785968038.779321630] [robot_0.bt_navigator]: Goal succeeded
[frontier_explorer-13] [INFO] [1785968038.833900892] [robot_0.frontier_explorer]: [robot_0] goal #6 END frontier=(-2.32, -3.30) outcome=SUCCEEDED sim=10.5s wall=10.9s net=0.94m blacklisted=False
[frontier_explorer-13] [INFO] [1785968038.940699022] [robot_0.frontier_explorer]: [robot_0] precheck cand#0 (-1.63, -2.19) -> REACHABLE error_code=0 planning_time=0.000s poses=53 costmap=255 NO_INFORMATION int8=-1 raw=255 NO_INFORMATION
[frontier_explorer-13] [INFO] [1785968038.941107165] [robot_0.frontier_explorer]: [robot_0] goal #7 -> (-1.63, -2.19) [23 cells, frontier (-1.63, -2.19), 1.07 m away]
[frontier_explorer-13] [INFO] [1785968038.941948503] [robot_0.frontier_explorer]: Navigating to goal: -1.6262868208393098 -2.185494783633031...
[bt_navigator-7] [INFO] [1785968038.949219557] [robot_0.bt_navigator]: Begin navigating from current location (-2.22, -3.08) to (-1.63, -2.19)
[controller_server-2] [INFO] [1785968038.974080402] [robot_0.controller_server]: Received a goal, begin computing control effort.
[controller_server-2] [INFO] [1785968040.027277565] [robot_0.controller_server]: Passing new path to controller.
[frontier_explorer-13] [INFO] [1785968040.517346859] [robot_0.frontier_explorer]: [robot_0] goal #7 navigating (sim 1s, wall 1s)
[controller_server-2] [INFO] [1785968041.076251042] [robot_0.controller_server]: Passing new path to controller.
[planner_server-4] [INFO] [1785968041.590987244] [robot_0.global_costmap.global_costmap]: StaticLayer: Resizing costmap to 180 X 185 at 0.050000 m/pix
[controller_server-2] [INFO] [1785968042.077978316] [robot_0.controller_server]: Passing new path to controller.
[controller_server-2] [INFO] [1785968043.131881716] [robot_0.controller_server]: Passing new path to controller.
[controller_server-2] [INFO] [1785968044.125842932] [robot_0.controller_server]: Passing new path to controller.
[controller_server-2] [INFO] [1785968045.174486532] [robot_0.controller_server]: Passing new path to controller.
[frontier_explorer-13] [INFO] [1785968045.555635838] [robot_0.frontier_explorer]: [robot_0] goal #7 navigating (sim 6s, wall 6s)
[controller_server-2] [INFO] [1785968046.174320474] [robot_0.controller_server]: Passing new path to controller.
[controller_server-2] [INFO] [1785968047.224321751] [robot_0.controller_server]: Passing new path to controller.
[controller_server-2] [INFO] [1785968048.224286610] [robot_0.controller_server]: Passing new path to controller.
[controller_server-2] [INFO] [1785968048.319820652] [robot_0.controller_server]: Reached the goal!
[bt_navigator-7] [INFO] [1785968048.350281795] [robot_0.bt_navigator]: Goal succeeded
[frontier_explorer-13] [INFO] [1785968048.380007904] [robot_0.frontier_explorer]: [robot_0] goal #7 END frontier=(-1.63, -2.19) outcome=SUCCEEDED sim=8.7s wall=9.4s net=0.84m blacklisted=False
[frontier_explorer-13] [INFO] [1785968048.608762174] [robot_0.frontier_explorer]: [robot_0] precheck cand#0 (-1.70, -0.06) -> REACHABLE error_code=0 planning_time=0.000s poses=95 costmap=255 NO_INFORMATION int8=-1 raw=255 NO_INFORMATION
[frontier_explorer-13] [INFO] [1785968048.609288030] [robot_0.frontier_explorer]: [robot_0] goal #8 -> (-1.70, -0.06) [4 cells, frontier (-1.70, -0.06), 2.33 m away]
[frontier_explorer-13] [INFO] [1785968048.621644729] [robot_0.frontier_explorer]: Navigating to goal: -1.7021313573371764 -0.05680872784962965...
[bt_navigator-7] [INFO] [1785968048.624033001] [robot_0.bt_navigator]: Begin navigating from current location (-1.74, -2.39) to (-1.70, -0.06)
[controller_server-2] [INFO] [1785968048.653916836] [robot_0.controller_server]: Received a goal, begin computing control effort.
[controller_server-2] [INFO] [1785968049.704430241] [robot_0.controller_server]: Passing new path to controller.
[frontier_explorer-13] [INFO] [1785968050.544478710] [robot_0.frontier_explorer]: [robot_0] goal #8 navigating (sim 2s, wall 2s)
[controller_server-2] [INFO] [1785968050.707146005] [robot_0.controller_server]: Passing new path to controller.
[controller_server-2] [INFO] [1785968051.754184638] [robot_0.controller_server]: Passing new path to controller.
[controller_server-2] [INFO] [1785968052.757993980] [robot_0.controller_server]: Passing new path to controller.
[controller_server-2] [INFO] [1785968053.805137668] [robot_0.controller_server]: Passing new path to controller.
[controller_server-2] [INFO] [1785968054.804596806] [robot_0.controller_server]: Passing new path to controller.
[frontier_explorer-13] [INFO] [1785968055.570825792] [robot_0.frontier_explorer]: [robot_0] goal #8 navigating (sim 6s, wall 7s)
[controller_server-2] [INFO] [1785968055.855254408] [robot_0.controller_server]: Passing new path to controller.
[controller_server-2] [INFO] [1785968056.854950670] [robot_0.controller_server]: Passing new path to controller.
[controller_server-2] [INFO] [1785968057.909836215] [robot_0.controller_server]: Passing new path to controller.
[controller_server-2] [INFO] [1785968058.905009684] [robot_0.controller_server]: Passing new path to controller.
[controller_server-2] [INFO] [1785968059.911055160] [robot_0.controller_server]: Passing new path to controller.
[frontier_explorer-13] [INFO] [1785968060.631700854] [robot_0.frontier_explorer]: [robot_0] goal #8 navigating (sim 11s, wall 12s)
[controller_server-2] [INFO] [1785968060.955968610] [robot_0.controller_server]: Passing new path to controller.
[controller_server-2] [INFO] [1785968061.960092342] [robot_0.controller_server]: Passing new path to controller.
[controller_server-2] [INFO] [1785968063.004116399] [robot_0.controller_server]: Passing new path to controller.
[controller_server-2] [INFO] [1785968064.004126029] [robot_0.controller_server]: Passing new path to controller.
[controller_server-2] [INFO] [1785968065.010314394] [robot_0.controller_server]: Passing new path to controller.
[controller_server-2] [INFO] [1785968065.672330195] [robot_0.controller_server]: Reached the goal!
[bt_navigator-7] [INFO] [1785968065.699270985] [robot_0.bt_navigator]: Goal succeeded
[frontier_explorer-13] [INFO] [1785968065.718721542] [robot_0.frontier_explorer]: [robot_0] goal #8 END frontier=(-1.70, -0.06) outcome=SUCCEEDED sim=16.1s wall=17.1s net=2.28m blacklisted=False
[frontier_explorer-13] [INFO] [1785968065.792636155] [robot_0.frontier_explorer]: [robot_0] precheck cand#0 (-1.24, 0.49) -> REACHABLE error_code=0 planning_time=0.000s poses=47 costmap=0 FREE raw=0 FREE
[frontier_explorer-13] [INFO] [1785968065.795688803] [robot_0.frontier_explorer]: [robot_0] goal #9 -> (-1.24, 0.49) [71 cells, frontier (-1.24, 0.49), 0.66 m away]
[frontier_explorer-13] [INFO] [1785968065.797712542] [robot_0.frontier_explorer]: Navigating to goal: -1.2429764209177696 0.49107860425819005...
[bt_navigator-7] [INFO] [1785968065.802073127] [robot_0.bt_navigator]: Begin navigating from current location (-1.48, -0.13) to (-1.24, 0.49)
[controller_server-2] [INFO] [1785968065.812825582] [robot_0.controller_server]: Received a goal, begin computing control effort.
[frontier_explorer-13] [INFO] [1785968065.917619797] [robot_0.frontier_explorer]: [robot_0] goal #9 navigating (sim 0s, wall 0s)
[controller_server-2] [INFO] [1785968066.867997076] [robot_0.controller_server]: Passing new path to controller.
[controller_server-2] [INFO] [1785968067.870558608] [robot_0.controller_server]: Passing new path to controller.
[controller_server-2] [INFO] [1785968068.919733594] [robot_0.controller_server]: Passing new path to controller.
[controller_server-2] [INFO] [1785968069.920461609] [robot_0.controller_server]: Passing new path to controller.
[controller_server-2] [INFO] [1785968070.966968904] [robot_0.controller_server]: Passing new path to controller.
[frontier_explorer-13] [INFO] [1785968071.036850804] [robot_0.frontier_explorer]: [robot_0] goal #9 navigating (sim 5s, wall 5s)
[controller_server-2] [INFO] [1785968071.967381395] [robot_0.controller_server]: Passing new path to controller.
[controller_server-2] [INFO] [1785968072.967004089] [robot_0.controller_server]: Passing new path to controller.
[controller_server-2] [INFO] [1785968074.018235783] [robot_0.controller_server]: Passing new path to controller.
[controller_server-2] [INFO] [1785968075.018037579] [robot_0.controller_server]: Passing new path to controller.
[controller_server-2] [INFO] [1785968075.835422600] [robot_0.controller_server]: Reached the goal!
[bt_navigator-7] [INFO] [1785968075.859510240] [robot_0.bt_navigator]: Goal succeeded
[frontier_explorer-13] [INFO] [1785968075.878912025] [robot_0.frontier_explorer]: [robot_0] goal #9 END frontier=(-1.24, 0.49) outcome=SUCCEEDED sim=10.0s wall=10.1s net=0.59m blacklisted=False
[frontier_explorer-13] [INFO] [1785968075.991853321] [robot_0.frontier_explorer]: [robot_0] precheck cand#0 (-2.95, 0.84) -> REACHABLE error_code=0 planning_time=0.000s poses=88 costmap=0 FREE raw=0 FREE
[frontier_explorer-13] [INFO] [1785968075.992262639] [robot_0.frontier_explorer]: [robot_0] goal #10 -> (-2.95, 0.84) [4 cells, frontier (-2.95, 0.84), 1.47 m away]
[frontier_explorer-13] [INFO] [1785968075.996902269] [robot_0.frontier_explorer]: Navigating to goal: -2.952131375963628 0.8431912855614154...
[bt_navigator-7] [INFO] [1785968076.004871613] [robot_0.bt_navigator]: Begin navigating from current location (-1.47, 0.48) to (-2.95, 0.84)
[controller_server-2] [INFO] [1785968076.019274010] [robot_0.controller_server]: Received a goal, begin computing control effort.
[frontier_explorer-13] [INFO] [1785968076.122739201] [robot_0.frontier_explorer]: [robot_0] goal #10 navigating (sim 0s, wall 0s)
[controller_server-2] [INFO] [1785968077.071575247] [robot_0.controller_server]: Passing new path to controller.
[controller_server-2] [INFO] [1785968078.077453445] [robot_0.controller_server]: Passing new path to controller.
[controller_server-2] [INFO] [1785968079.120728545] [robot_0.controller_server]: Passing new path to controller.
[controller_server-2] [INFO] [1785968080.169962559] [robot_0.controller_server]: Passing new path to controller.
[controller_server-2] [INFO] [1785968081.175538057] [robot_0.controller_server]: Passing new path to controller.
[frontier_explorer-13] [INFO] [1785968081.200305711] [robot_0.frontier_explorer]: [robot_0] goal #10 navigating (sim 5s, wall 5s)
[controller_server-2] [INFO] [1785968082.220555490] [robot_0.controller_server]: Passing new path to controller.
[controller_server-2] [INFO] [1785968083.219896443] [robot_0.controller_server]: Passing new path to controller.
[controller_server-2] [INFO] [1785968084.220747676] [robot_0.controller_server]: Passing new path to controller.
[controller_server-2] [INFO] [1785968085.219653787] [robot_0.controller_server]: Passing new path to controller.
[planner_server-4] [INFO] [1785968085.589510045] [robot_0.global_costmap.global_costmap]: StaticLayer: Resizing costmap to 181 X 185 at 0.050000 m/pix
[frontier_explorer-13] [INFO] [1785968086.205529703] [robot_0.frontier_explorer]: [robot_0] goal #10 navigating (sim 10s, wall 10s)
[controller_server-2] [INFO] [1785968086.269773597] [robot_0.controller_server]: Passing new path to controller.
[controller_server-2] [INFO] [1785968087.270011159] [robot_0.controller_server]: Passing new path to controller.
[planner_server-4] [INFO] [1785968087.591721906] [robot_0.global_costmap.global_costmap]: StaticLayer: Resizing costmap to 185 X 185 at 0.050000 m/pix
[controller_server-2] [INFO] [1785968088.270811784] [robot_0.controller_server]: Passing new path to controller.
[controller_server-2] [INFO] [1785968089.320303339] [robot_0.controller_server]: Passing new path to controller.
[planner_server-4] [INFO] [1785968089.590050132] [robot_0.global_costmap.global_costmap]: StaticLayer: Resizing costmap to 187 X 185 at 0.050000 m/pix
[controller_server-2] [INFO] [1785968090.371954064] [robot_0.controller_server]: Passing new path to controller.
[frontier_explorer-13] [INFO] [1785968091.265859518] [robot_0.frontier_explorer]: [robot_0] goal #10 navigating (sim 15s, wall 15s)
[controller_server-2] [INFO] [1785968091.369487417] [robot_0.controller_server]: Passing new path to controller.
[controller_server-2] [INFO] [1785968092.031329621] [robot_0.controller_server]: Reached the goal!
[bt_navigator-7] [INFO] [1785968092.055642799] [robot_0.bt_navigator]: Goal succeeded
[frontier_explorer-13] [INFO] [1785968092.115859552] [robot_0.frontier_explorer]: [robot_0] goal #10 END frontier=(-2.95, 0.84) outcome=SUCCEEDED sim=15.8s wall=16.1s net=1.46m blacklisted=False
[frontier_explorer-13] [INFO] [1785968092.255223507] [robot_0.frontier_explorer]: [robot_0] precheck cand#0 (-3.54, 1.44) -> REACHABLE error_code=0 planning_time=0.010s poses=31 costmap=99 COST raw=253 INSCRIBED_INFLATED
[frontier_explorer-13] [INFO] [1785968092.256241307] [robot_0.frontier_explorer]: [robot_0] goal #11 -> (-3.54, 1.44) [12 cells, frontier (-3.54, 1.44), 0.79 m away]
[frontier_explorer-13] [INFO] [1785968092.268464225] [robot_0.frontier_explorer]: Navigating to goal: -3.542810750452821 1.4431912945021121...
[bt_navigator-7] [INFO] [1785968092.274088420] [robot_0.bt_navigator]: Begin navigating from current location (-2.86, 1.06) to (-3.54, 1.44)
[controller_server-2] [INFO] [1785968092.307830091] [robot_0.controller_server]: Received a goal, begin computing control effort.
[controller_server-2] [INFO] [1785968093.358672483] [robot_0.controller_server]: Passing new path to controller.
[controller_server-2] [INFO] [1785968094.359472649] [robot_0.controller_server]: Passing new path to controller.
[controller_server-2] [INFO] [1785968095.408848916] [robot_0.controller_server]: Passing new path to controller.
[frontier_explorer-13] [INFO] [1785968096.363536125] [robot_0.frontier_explorer]: [robot_0] goal #11 navigating (sim 4s, wall 4s)
[controller_server-2] [INFO] [1785968096.408606810] [robot_0.controller_server]: Passing new path to controller.
[controller_server-2] [INFO] [1785968097.458114461] [robot_0.controller_server]: Passing new path to controller.
[planner_server-4] [INFO] [1785968097.589217525] [robot_0.global_costmap.global_costmap]: StaticLayer: Resizing costmap to 189 X 185 at 0.050000 m/pix
[controller_server-2] [INFO] [1785968098.508542002] [robot_0.controller_server]: Passing new path to controller.
[controller_server-2] [INFO] [1785968099.558055203] [robot_0.controller_server]: Passing new path to controller.
[planner_server-4] [INFO] [1785968099.594123398] [robot_0.global_costmap.global_costmap]: StaticLayer: Resizing costmap to 192 X 185 at 0.050000 m/pix
[controller_server-2] [INFO] [1785968100.559190173] [robot_0.controller_server]: Passing new path to controller.
[frontier_explorer-13] [INFO] [1785968101.406975650] [robot_0.frontier_explorer]: [robot_0] goal #11 navigating (sim 9s, wall 9s)
[controller_server-2] [INFO] [1785968101.608574902] [robot_0.controller_server]: Passing new path to controller.
[controller_server-2] [INFO] [1785968102.072069514] [robot_0.controller_server]: Reached the goal!
[bt_navigator-7] [INFO] [1785968102.100369477] [robot_0.bt_navigator]: Goal succeeded
[frontier_explorer-13] [INFO] [1785968102.117483229] [robot_0.frontier_explorer]: [robot_0] goal #11 END frontier=(-3.54, 1.44) outcome=SUCCEEDED sim=9.7s wall=9.9s net=0.55m blacklisted=False
[frontier_explorer-13] [INFO] [1785968102.287492627] [robot_0.frontier_explorer]: [robot_0] precheck cand#0 (-4.62, 1.11) -> REACHABLE error_code=0 planning_time=0.000s poses=56 costmap=0 FREE raw=0 FREE
[frontier_explorer-13] [INFO] [1785968102.287913200] [robot_0.frontier_explorer]: [robot_0] goal #12 -> (-4.62, 1.11) [38 cells, frontier (-4.62, 1.11), 1.25 m away]
[frontier_explorer-13] [INFO] [1785968102.288818968] [robot_0.frontier_explorer]: Navigating to goal: -4.617855448773617 1.1102965526994888...
[bt_navigator-7] [INFO] [1785968102.293694177] [robot_0.bt_navigator]: Begin navigating from current location (-3.38, 1.23) to (-4.62, 1.11)
[controller_server-2] [INFO] [1785968102.306498120] [robot_0.controller_server]: Received a goal, begin computing control effort.
[controller_server-2] [INFO] [1785968103.368088216] [robot_0.controller_server]: Passing new path to controller.
[controller_server-2] [INFO] [1785968104.356699629] [robot_0.controller_server]: Passing new path to controller.
[controller_server-2] [INFO] [1785968105.362563575] [robot_0.controller_server]: Passing new path to controller.
[controller_server-2] [INFO] [1785968106.409126872] [robot_0.controller_server]: Passing new path to controller.
[frontier_explorer-13] [INFO] [1785968106.535150266] [robot_0.frontier_explorer]: [robot_0] goal #12 navigating (sim 4s, wall 4s)
[controller_server-2] [INFO] [1785968107.457274029] [robot_0.controller_server]: Passing new path to controller.
[planner_server-4] [INFO] [1785968107.590852172] [robot_0.global_costmap.global_costmap]: StaticLayer: Resizing costmap to 195 X 188 at 0.050000 m/pix
[controller_server-2] [INFO] [1785968108.456733006] [robot_0.controller_server]: Passing new path to controller.
[controller_server-2] [INFO] [1785968109.457708850] [robot_0.controller_server]: Passing new path to controller.
[planner_server-4] [INFO] [1785968109.594576163] [robot_0.global_costmap.global_costmap]: StaticLayer: Resizing costmap to 198 X 191 at 0.050000 m/pix
[controller_server-2] [INFO] [1785968110.512351399] [robot_0.controller_server]: Passing new path to controller.
[controller_server-2] [INFO] [1785968111.508312594] [robot_0.controller_server]: Passing new path to controller.
[planner_server-4] [INFO] [1785968111.596468487] [robot_0.global_costmap.global_costmap]: StaticLayer: Resizing costmap to 200 X 192 at 0.050000 m/pix
[frontier_explorer-13] [INFO] [1785968111.626724370] [robot_0.frontier_explorer]: [robot_0] goal #12 navigating (sim 9s, wall 9s)
[controller_server-2] [INFO] [1785968112.557391160] [robot_0.controller_server]: Passing new path to controller.
[controller_server-2] [INFO] [1785968113.559734440] [robot_0.controller_server]: Passing new path to controller.
[controller_server-2] [INFO] [1785968114.606886665] [robot_0.controller_server]: Passing new path to controller.
[controller_server-2] [INFO] [1785968115.606702525] [robot_0.controller_server]: Passing new path to controller.
[controller_server-2] [INFO] [1785968115.769058898] [robot_0.controller_server]: Reached the goal!
[bt_navigator-7] [INFO] [1785968115.794007653] [robot_0.bt_navigator]: Goal succeeded
[frontier_explorer-13] [INFO] [1785968115.848908802] [robot_0.frontier_explorer]: [robot_0] goal #12 END frontier=(-4.62, 1.11) outcome=SUCCEEDED sim=13.4s wall=13.5s net=1.05m blacklisted=False
[frontier_explorer-13] [INFO] [1785968115.956772706] [robot_0.frontier_explorer]: [robot_0] precheck cand#0 (-4.96, 2.12) -> REACHABLE error_code=0 planning_time=0.000s poses=62 costmap=0 FREE raw=0 FREE
[frontier_explorer-13] [INFO] [1785968115.957201041] [robot_0.frontier_explorer]: [robot_0] goal #13 -> (-4.96, 2.12) [50 cells, frontier (-4.96, 2.12), 1.23 m away]
[frontier_explorer-13] [INFO] [1785968115.975725398] [robot_0.frontier_explorer]: Navigating to goal: -4.959010553587063 2.118191304560396...
[bt_navigator-7] [INFO] [1785968115.980715229] [robot_0.bt_navigator]: Begin navigating from current location (-4.40, 1.02) to (-4.96, 2.12)
[controller_server-2] [INFO] [1785968116.004381847] [robot_0.controller_server]: Received a goal, begin computing control effort.
[frontier_explorer-13] [INFO] [1785968116.628158348] [robot_0.frontier_explorer]: [robot_0] goal #13 navigating (sim 1s, wall 1s)
[controller_server-2] [INFO] [1785968117.059193679] [robot_0.controller_server]: Passing new path to controller.
[controller_server-2] [INFO] [1785968118.058263847] [robot_0.controller_server]: Passing new path to controller.
[controller_server-2] [INFO] [1785968119.109979925] [robot_0.controller_server]: Passing new path to controller.
[planner_server-4] [INFO] [1785968119.591686214] [robot_0.global_costmap.global_costmap]: StaticLayer: Resizing costmap to 204 X 197 at 0.050000 m/pix
[controller_server-2] [INFO] [1785968120.113101848] [robot_0.controller_server]: Passing new path to controller.
[controller_server-2] [WARN] [1785968120.217667196] [robot_0.controller_server]: Control loop missed its desired rate of 20.0000 Hz. Current loop rate is 20.0000 Hz.
[controller_server-2] [INFO] [1785968121.169216904] [robot_0.controller_server]: Passing new path to controller.
[frontier_explorer-13] [INFO] [1785968121.666587742] [robot_0.frontier_explorer]: [robot_0] goal #13 navigating (sim 5s, wall 6s)
[controller_server-2] [INFO] [1785968122.167874018] [robot_0.controller_server]: Passing new path to controller.
[controller_server-2] [INFO] [1785968123.220963160] [robot_0.controller_server]: Passing new path to controller.
[controller_server-2] [WARN] [1785968124.386841882] [robot_0.controller_server]: Control loop missed its desired rate of 20.0000 Hz. Current loop rate is 20.0000 Hz.
[controller_server-2] [INFO] [1785968124.386990039] [robot_0.controller_server]: Passing new path to controller.
[controller_server-2] [WARN] [1785968124.535587189] [robot_0.controller_server]: Control loop missed its desired rate of 20.0000 Hz. Current loop rate is 33.3333 Hz.
[controller_server-2] [WARN] [1785968124.617339251] [robot_0.controller_server]: Control loop missed its desired rate of 20.0000 Hz. Current loop rate is 50.0000 Hz.
[controller_server-2] [WARN] [1785968124.687218183] [robot_0.controller_server]: Control loop missed its desired rate of 20.0000 Hz. Current loop rate is 50.0000 Hz.
[controller_server-2] [WARN] [1785968124.750527859] [robot_0.controller_server]: Control loop missed its desired rate of 20.0000 Hz. Current loop rate is 50.0000 Hz.
[controller_server-2] [WARN] [1785968124.829716559] [robot_0.controller_server]: Control loop missed its desired rate of 20.0000 Hz. Current loop rate is 50.0000 Hz.
[controller_server-2] [WARN] [1785968124.929920198] [robot_0.controller_server]: Control loop missed its desired rate of 20.0000 Hz. Current loop rate is 50.0000 Hz.
[controller_server-2] [WARN] [1785968124.994621963] [robot_0.controller_server]: Control loop missed its desired rate of 20.0000 Hz. Current loop rate is 50.0000 Hz.
[controller_server-2] [WARN] [1785968125.136380556] [robot_0.controller_server]: Control loop missed its desired rate of 20.0000 Hz. Current loop rate is 33.3333 Hz.
[controller_server-2] [INFO] [1785968125.290491027] [robot_0.controller_server]: Passing new path to controller.
[controller_server-2] [INFO] [1785968126.337400698] [robot_0.controller_server]: Passing new path to controller.
[frontier_explorer-13] [INFO] [1785968126.833162399] [robot_0.frontier_explorer]: [robot_0] goal #13 navigating (sim 9s, wall 11s)
[controller_server-2] [INFO] [1785968127.348378595] [robot_0.controller_server]: Passing new path to controller.
[controller_server-2] [WARN] [1785968127.386923690] [robot_0.controller_server]: Control loop missed its desired rate of 20.0000 Hz. Current loop rate is 33.3333 Hz.
[controller_server-2] [INFO] [1785968128.338542702] [robot_0.controller_server]: Passing new path to controller.
[controller_server-2] [INFO] [1785968129.387671987] [robot_0.controller_server]: Passing new path to controller.
[controller_server-2] [INFO] [1785968130.387250543] [robot_0.controller_server]: Passing new path to controller.
[controller_server-2] [INFO] [1785968130.802402657] [robot_0.controller_server]: Reached the goal!
[bt_navigator-7] [INFO] [1785968130.824791678] [robot_0.bt_navigator]: Goal succeeded
[frontier_explorer-13] [INFO] [1785968130.842692236] [robot_0.frontier_explorer]: [robot_0] goal #13 END frontier=(-4.96, 2.12) outcome=SUCCEEDED sim=13.2s wall=14.9s net=1.00m blacklisted=False
[frontier_explorer-13] [INFO] [1785968130.976277479] [robot_0.frontier_explorer]: [robot_0] precheck cand#0 (-5.72, 2.45) -> REACHABLE error_code=0 planning_time=0.020s poses=40 costmap=0 FREE raw=0 FREE
[frontier_explorer-13] [INFO] [1785968130.976824848] [robot_0.frontier_explorer]: [robot_0] goal #14 -> (-5.72, 2.45) [55 cells, frontier (-5.72, 2.45), 1.00 m away]
[frontier_explorer-13] [INFO] [1785968130.977737688] [robot_0.frontier_explorer]: Navigating to goal: -5.716229471215366 2.454100400474923...
[bt_navigator-7] [INFO] [1785968130.981260430] [robot_0.bt_navigator]: Begin navigating from current location (-4.88, 1.89) to (-5.72, 2.45)
[controller_server-2] [INFO] [1785968131.007144272] [robot_0.controller_server]: Received a goal, begin computing control effort.
[frontier_explorer-13] [INFO] [1785968131.909674904] [robot_0.frontier_explorer]: [robot_0] goal #14 navigating (sim 1s, wall 1s)
[controller_server-2] [INFO] [1785968132.063041978] [robot_0.controller_server]: Passing new path to controller.
[controller_server-2] [INFO] [1785968133.063595040] [robot_0.controller_server]: Passing new path to controller.
[controller_server-2] [INFO] [1785968134.108994258] [robot_0.controller_server]: Passing new path to controller.
[controller_server-2] [WARN] [1785968134.376180894] [robot_0.controller_server]: Control loop missed its desired rate of 20.0000 Hz. Current loop rate is 20.0000 Hz.
[controller_server-2] [WARN] [1785968134.449999123] [robot_0.controller_server]: Control loop missed its desired rate of 20.0000 Hz. Current loop rate is 100.0000 Hz.
[controller_server-2] [WARN] [1785968134.773623845] [robot_0.controller_server]: Control loop missed its desired rate of 20.0000 Hz. Current loop rate is 25.0000 Hz.
[controller_server-2] [WARN] [1785968134.914498551] [robot_0.controller_server]: Control loop missed its desired rate of 20.0000 Hz. Current loop rate is 16.6667 Hz.
[controller_server-2] [WARN] [1785968135.002264085] [robot_0.controller_server]: Control loop missed its desired rate of 20.0000 Hz. Current loop rate is 50.0000 Hz.
[controller_server-2] [WARN] [1785968135.077800933] [robot_0.controller_server]: Control loop missed its desired rate of 20.0000 Hz. Current loop rate is 33.3333 Hz.
[controller_server-2] [WARN] [1785968135.195239041] [robot_0.controller_server]: Control loop missed its desired rate of 20.0000 Hz. Current loop rate is 20.0000 Hz.
[controller_server-2] [INFO] [1785968135.195344954] [robot_0.controller_server]: Passing new path to controller.
[controller_server-2] [WARN] [1785968135.250033766] [robot_0.controller_server]: Control loop missed its desired rate of 20.0000 Hz. Current loop rate is 100.0000 Hz.
[controller_server-2] [INFO] [1785968136.150153526] [robot_0.controller_server]: Passing new path to controller.
[frontier_explorer-13] [INFO] [1785968136.943301591] [robot_0.frontier_explorer]: [robot_0] goal #14 navigating (sim 5s, wall 6s)
[controller_server-2] [INFO] [1785968137.204584041] [robot_0.controller_server]: Passing new path to controller.
[planner_server-4] [INFO] [1785968137.589405014] [robot_0.global_costmap.global_costmap]: StaticLayer: Resizing costmap to 204 X 199 at 0.050000 m/pix
[controller_server-2] [INFO] [1785968138.201052888] [robot_0.controller_server]: Passing new path to controller.
[controller_server-2] [INFO] [1785968139.250159745] [robot_0.controller_server]: Passing new path to controller.
[controller_server-2] [INFO] [1785968140.261833900] [robot_0.controller_server]: Passing new path to controller.
[controller_server-2] [INFO] [1785968141.306965098] [robot_0.controller_server]: Passing new path to controller.
[frontier_explorer-13] [INFO] [1785968142.007322818] [robot_0.frontier_explorer]: [robot_0] goal #14 navigating (sim 10s, wall 11s)
[controller_server-2] [INFO] [1785968142.300611478] [robot_0.controller_server]: Passing new path to controller.
[controller_server-2] [INFO] [1785968143.301560968] [robot_0.controller_server]: Passing new path to controller.
[controller_server-2] [WARN] [1785968143.560283831] [robot_0.controller_server]: Control loop missed its desired rate of 20.0000 Hz. Current loop rate is 33.3333 Hz.
[controller_server-2] [WARN] [1785968143.911659249] [robot_0.controller_server]: Control loop missed its desired rate of 20.0000 Hz. Current loop rate is 25.0000 Hz.
[controller_server-2] [INFO] [1785968144.050799017] [robot_0.controller_server]: Reached the goal!
[bt_navigator-7] [INFO] [1785968144.070954642] [robot_0.bt_navigator]: Goal succeeded
[frontier_explorer-13] [INFO] [1785968144.104147980] [robot_0.frontier_explorer]: [robot_0] goal #14 END frontier=(-5.72, 2.45) outcome=SUCCEEDED sim=11.6s wall=13.1s net=0.78m blacklisted=False
[planner_server-4] [ERROR] [1785968144.275955816] [robot_0.planner_server]: worldToMap failed: mx,my: 12,199, size_x,size_y: 204,199
[planner_server-4] [ERROR] [1785968144.276040691] [robot_0.planner_server]: worldToMap failed: mx,my: 13,199, size_x,size_y: 204,199
[planner_server-4] [ERROR] [1785968144.276052559] [robot_0.planner_server]: worldToMap failed: mx,my: 14,199, size_x,size_y: 204,199
[planner_server-4] [ERROR] [1785968144.276060461] [robot_0.planner_server]: worldToMap failed: mx,my: 15,199, size_x,size_y: 204,199
[planner_server-4] [ERROR] [1785968144.276068022] [robot_0.planner_server]: worldToMap failed: mx,my: 16,199, size_x,size_y: 204,199
[planner_server-4] [ERROR] [1785968144.276075544] [robot_0.planner_server]: worldToMap failed: mx,my: 17,199, size_x,size_y: 204,199
[planner_server-4] [ERROR] [1785968144.276082972] [robot_0.planner_server]: worldToMap failed: mx,my: 18,199, size_x,size_y: 204,199
[planner_server-4] [ERROR] [1785968144.276090477] [robot_0.planner_server]: worldToMap failed: mx,my: 19,199, size_x,size_y: 204,199
[planner_server-4] [ERROR] [1785968144.276097604] [robot_0.planner_server]: worldToMap failed: mx,my: 20,199, size_x,size_y: 204,199
[planner_server-4] [ERROR] [1785968144.276104987] [robot_0.planner_server]: worldToMap failed: mx,my: 21,199, size_x,size_y: 204,199
[planner_server-4] [ERROR] [1785968144.276112311] [robot_0.planner_server]: worldToMap failed: mx,my: 22,199, size_x,size_y: 204,199
[planner_server-4] [ERROR] [1785968144.276119928] [robot_0.planner_server]: worldToMap failed: mx,my: 23,199, size_x,size_y: 204,199
[planner_server-4] [ERROR] [1785968144.276127252] [robot_0.planner_server]: worldToMap failed: mx,my: 24,199, size_x,size_y: 204,199
[planner_server-4] [ERROR] [1785968144.276135120] [robot_0.planner_server]: worldToMap failed: mx,my: 25,199, size_x,size_y: 204,199
[planner_server-4] [ERROR] [1785968144.276142422] [robot_0.planner_server]: worldToMap failed: mx,my: 26,199, size_x,size_y: 204,199
[planner_server-4] [ERROR] [1785968144.276149870] [robot_0.planner_server]: worldToMap failed: mx,my: 27,199, size_x,size_y: 204,199
[planner_server-4] [ERROR] [1785968144.276157473] [robot_0.planner_server]: worldToMap failed: mx,my: 28,199, size_x,size_y: 204,199
[planner_server-4] [ERROR] [1785968144.276164759] [robot_0.planner_server]: worldToMap failed: mx,my: 29,199, size_x,size_y: 204,199
[planner_server-4] [ERROR] [1785968144.276172280] [robot_0.planner_server]: worldToMap failed: mx,my: 30,199, size_x,size_y: 204,199
[planner_server-4] [ERROR] [1785968144.276179686] [robot_0.planner_server]: worldToMap failed: mx,my: 31,199, size_x,size_y: 204,199
[frontier_explorer-13] [INFO] [1785968144.406090495] [robot_0.frontier_explorer]: [robot_0] precheck cand#0 (-5.61, 3.52) -> REACHABLE error_code=0 planning_time=0.000s poses=700 costmap=100 COST raw=254 LETHAL
[frontier_explorer-13] [INFO] [1785968144.406575303] [robot_0.frontier_explorer]: [robot_0] goal #15 -> (-5.61, 3.52) [5 cells, frontier (-5.61, 3.52), 1.25 m away]
[frontier_explorer-13] [INFO] [1785968144.413894519] [robot_0.frontier_explorer]: Navigating to goal: -5.60895674234415 3.5231913254965264...
[bt_navigator-7] [INFO] [1785968144.415586457] [robot_0.bt_navigator]: Begin navigating from current location (-5.57, 2.28) to (-5.61, 3.52)
[planner_server-4] [ERROR] [1785968144.418642266] [robot_0.planner_server]: worldToMap failed: mx,my: 12,199, size_x,size_y: 204,199
[planner_server-4] [ERROR] [1785968144.418708145] [robot_0.planner_server]: worldToMap failed: mx,my: 13,199, size_x,size_y: 204,199
[planner_server-4] [ERROR] [1785968144.418719080] [robot_0.planner_server]: worldToMap failed: mx,my: 14,199, size_x,size_y: 204,199
[planner_server-4] [ERROR] [1785968144.418736603] [robot_0.planner_server]: worldToMap failed: mx,my: 15,199, size_x,size_y: 204,199
[planner_server-4] [ERROR] [1785968144.418744019] [robot_0.planner_server]: worldToMap failed: mx,my: 16,199, size_x,size_y: 204,199
[planner_server-4] [ERROR] [1785968144.418750370] [robot_0.planner_server]: worldToMap failed: mx,my: 17,199, size_x,size_y: 204,199
[planner_server-4] [ERROR] [1785968144.418756527] [robot_0.planner_server]: worldToMap failed: mx,my: 18,199, size_x,size_y: 204,199
[planner_server-4] [ERROR] [1785968144.418762840] [robot_0.planner_server]: worldToMap failed: mx,my: 19,199, size_x,size_y: 204,199
[planner_server-4] [ERROR] [1785968144.418769051] [robot_0.planner_server]: worldToMap failed: mx,my: 20,199, size_x,size_y: 204,199
[planner_server-4] [ERROR] [1785968144.418775283] [robot_0.planner_server]: worldToMap failed: mx,my: 21,199, size_x,size_y: 204,199
[planner_server-4] [ERROR] [1785968144.418781512] [robot_0.planner_server]: worldToMap failed: mx,my: 22,199, size_x,size_y: 204,199
[planner_server-4] [ERROR] [1785968144.418787724] [robot_0.planner_server]: worldToMap failed: mx,my: 23,199, size_x,size_y: 204,199
[planner_server-4] [ERROR] [1785968144.418793999] [robot_0.planner_server]: worldToMap failed: mx,my: 24,199, size_x,size_y: 204,199
[planner_server-4] [ERROR] [1785968144.418800535] [robot_0.planner_server]: worldToMap failed: mx,my: 25,199, size_x,size_y: 204,199
[planner_server-4] [ERROR] [1785968144.418806689] [robot_0.planner_server]: worldToMap failed: mx,my: 26,199, size_x,size_y: 204,199
[planner_server-4] [ERROR] [1785968144.418812875] [robot_0.planner_server]: worldToMap failed: mx,my: 27,199, size_x,size_y: 204,199
[planner_server-4] [ERROR] [1785968144.418819025] [robot_0.planner_server]: worldToMap failed: mx,my: 28,199, size_x,size_y: 204,199
[planner_server-4] [ERROR] [1785968144.418825052] [robot_0.planner_server]: worldToMap failed: mx,my: 29,199, size_x,size_y: 204,199
[planner_server-4] [ERROR] [1785968144.418831239] [robot_0.planner_server]: worldToMap failed: mx,my: 30,199, size_x,size_y: 204,199
[planner_server-4] [ERROR] [1785968144.418837450] [robot_0.planner_server]: worldToMap failed: mx,my: 31,199, size_x,size_y: 204,199
[controller_server-2] [INFO] [1785968144.446177976] [robot_0.controller_server]: Received a goal, begin computing control effort.
[planner_server-4] [ERROR] [1785968145.455473661] [robot_0.planner_server]: worldToMap failed: mx,my: 12,199, size_x,size_y: 204,199
[planner_server-4] [ERROR] [1785968145.455547785] [robot_0.planner_server]: worldToMap failed: mx,my: 13,199, size_x,size_y: 204,199
[planner_server-4] [ERROR] [1785968145.455558054] [robot_0.planner_server]: worldToMap failed: mx,my: 14,199, size_x,size_y: 204,199
[planner_server-4] [ERROR] [1785968145.455564793] [robot_0.planner_server]: worldToMap failed: mx,my: 15,199, size_x,size_y: 204,199
[planner_server-4] [ERROR] [1785968145.455571238] [robot_0.planner_server]: worldToMap failed: mx,my: 16,199, size_x,size_y: 204,199
[planner_server-4] [ERROR] [1785968145.455577984] [robot_0.planner_server]: worldToMap failed: mx,my: 17,199, size_x,size_y: 204,199
[planner_server-4] [ERROR] [1785968145.455584665] [robot_0.planner_server]: worldToMap failed: mx,my: 18,199, size_x,size_y: 204,199
[planner_server-4] [ERROR] [1785968145.455590925] [robot_0.planner_server]: worldToMap failed: mx,my: 19,199, size_x,size_y: 204,199
[planner_server-4] [ERROR] [1785968145.455597310] [robot_0.planner_server]: worldToMap failed: mx,my: 20,199, size_x,size_y: 204,199
[planner_server-4] [ERROR] [1785968145.455603607] [robot_0.planner_server]: worldToMap failed: mx,my: 21,199, size_x,size_y: 204,199
[planner_server-4] [ERROR] [1785968145.455610004] [robot_0.planner_server]: worldToMap failed: mx,my: 22,199, size_x,size_y: 204,199
[planner_server-4] [ERROR] [1785968145.455616464] [robot_0.planner_server]: worldToMap failed: mx,my: 23,199, size_x,size_y: 204,199
[planner_server-4] [ERROR] [1785968145.455622736] [robot_0.planner_server]: worldToMap failed: mx,my: 24,199, size_x,size_y: 204,199
[planner_server-4] [ERROR] [1785968145.455629014] [robot_0.planner_server]: worldToMap failed: mx,my: 25,199, size_x,size_y: 204,199
[planner_server-4] [ERROR] [1785968145.455635185] [robot_0.planner_server]: worldToMap failed: mx,my: 26,199, size_x,size_y: 204,199
[planner_server-4] [ERROR] [1785968145.455641388] [robot_0.planner_server]: worldToMap failed: mx,my: 27,199, size_x,size_y: 204,199
[planner_server-4] [ERROR] [1785968145.455647565] [robot_0.planner_server]: worldToMap failed: mx,my: 28,199, size_x,size_y: 204,199
[planner_server-4] [ERROR] [1785968145.455653720] [robot_0.planner_server]: worldToMap failed: mx,my: 29,199, size_x,size_y: 204,199
[planner_server-4] [ERROR] [1785968145.455659882] [robot_0.planner_server]: worldToMap failed: mx,my: 30,199, size_x,size_y: 204,199
[planner_server-4] [ERROR] [1785968145.455676679] [robot_0.planner_server]: worldToMap failed: mx,my: 31,199, size_x,size_y: 204,199
[controller_server-2] [INFO] [1785968145.496839492] [robot_0.controller_server]: Passing new path to controller.
[planner_server-4] [ERROR] [1785968146.497050984] [robot_0.planner_server]: worldToMap failed: mx,my: 12,199, size_x,size_y: 204,199
[planner_server-4] [ERROR] [1785968146.497126045] [robot_0.planner_server]: worldToMap failed: mx,my: 13,199, size_x,size_y: 204,199
[planner_server-4] [ERROR] [1785968146.497135955] [robot_0.planner_server]: worldToMap failed: mx,my: 14,199, size_x,size_y: 204,199
[planner_server-4] [ERROR] [1785968146.497142303] [robot_0.planner_server]: worldToMap failed: mx,my: 15,199, size_x,size_y: 204,199
[planner_server-4] [ERROR] [1785968146.497148638] [robot_0.planner_server]: worldToMap failed: mx,my: 16,199, size_x,size_y: 204,199
[planner_server-4] [ERROR] [1785968146.497154837] [robot_0.planner_server]: worldToMap failed: mx,my: 17,199, size_x,size_y: 204,199
[planner_server-4] [ERROR] [1785968146.497161065] [robot_0.planner_server]: worldToMap failed: mx,my: 18,199, size_x,size_y: 204,199
[planner_server-4] [ERROR] [1785968146.497167255] [robot_0.planner_server]: worldToMap failed: mx,my: 19,199, size_x,size_y: 204,199
[planner_server-4] [ERROR] [1785968146.497173579] [robot_0.planner_server]: worldToMap failed: mx,my: 20,199, size_x,size_y: 204,199
[planner_server-4] [ERROR] [1785968146.497179768] [robot_0.planner_server]: worldToMap failed: mx,my: 21,199, size_x,size_y: 204,199
[planner_server-4] [ERROR] [1785968146.497186240] [robot_0.planner_server]: worldToMap failed: mx,my: 22,199, size_x,size_y: 204,199
[planner_server-4] [ERROR] [1785968146.497192493] [robot_0.planner_server]: worldToMap failed: mx,my: 23,199, size_x,size_y: 204,199
[planner_server-4] [ERROR] [1785968146.497198670] [robot_0.planner_server]: worldToMap failed: mx,my: 24,199, size_x,size_y: 204,199
[planner_server-4] [ERROR] [1785968146.497204806] [robot_0.planner_server]: worldToMap failed: mx,my: 25,199, size_x,size_y: 204,199
[planner_server-4] [ERROR] [1785968146.497211044] [robot_0.planner_server]: worldToMap failed: mx,my: 26,199, size_x,size_y: 204,199
[planner_server-4] [ERROR] [1785968146.497217638] [robot_0.planner_server]: worldToMap failed: mx,my: 27,199, size_x,size_y: 204,199
[planner_server-4] [ERROR] [1785968146.497223970] [robot_0.planner_server]: worldToMap failed: mx,my: 28,199, size_x,size_y: 204,199
[planner_server-4] [ERROR] [1785968146.497230146] [robot_0.planner_server]: worldToMap failed: mx,my: 29,199, size_x,size_y: 204,199
[planner_server-4] [ERROR] [1785968146.497236349] [robot_0.planner_server]: worldToMap failed: mx,my: 30,199, size_x,size_y: 204,199
[planner_server-4] [ERROR] [1785968146.497242489] [robot_0.planner_server]: worldToMap failed: mx,my: 31,199, size_x,size_y: 204,199
[controller_server-2] [INFO] [1785968146.547165737] [robot_0.controller_server]: Passing new path to controller.
[frontier_explorer-13] [INFO] [1785968147.092704556] [robot_0.frontier_explorer]: [robot_0] goal #15 navigating (sim 3s, wall 3s)
[planner_server-4] [ERROR] [1785968147.524399915] [robot_0.planner_server]: worldToMap failed: mx,my: 12,199, size_x,size_y: 204,199
[planner_server-4] [ERROR] [1785968147.524485452] [robot_0.planner_server]: worldToMap failed: mx,my: 13,199, size_x,size_y: 204,199
[planner_server-4] [ERROR] [1785968147.524496928] [robot_0.planner_server]: worldToMap failed: mx,my: 14,199, size_x,size_y: 204,199
[planner_server-4] [ERROR] [1785968147.524503902] [robot_0.planner_server]: worldToMap failed: mx,my: 15,199, size_x,size_y: 204,199
[planner_server-4] [ERROR] [1785968147.524510494] [robot_0.planner_server]: worldToMap failed: mx,my: 16,199, size_x,size_y: 204,199
[planner_server-4] [ERROR] [1785968147.524517064] [robot_0.planner_server]: worldToMap failed: mx,my: 17,199, size_x,size_y: 204,199
[planner_server-4] [ERROR] [1785968147.524523465] [robot_0.planner_server]: worldToMap failed: mx,my: 18,199, size_x,size_y: 204,199
[planner_server-4] [ERROR] [1785968147.524529735] [robot_0.planner_server]: worldToMap failed: mx,my: 19,199, size_x,size_y: 204,199
[planner_server-4] [ERROR] [1785968147.524536281] [robot_0.planner_server]: worldToMap failed: mx,my: 20,199, size_x,size_y: 204,199
[planner_server-4] [ERROR] [1785968147.524542671] [robot_0.planner_server]: worldToMap failed: mx,my: 21,199, size_x,size_y: 204,199
[planner_server-4] [ERROR] [1785968147.524549052] [robot_0.planner_server]: worldToMap failed: mx,my: 22,199, size_x,size_y: 204,199
[planner_server-4] [ERROR] [1785968147.524555473] [robot_0.planner_server]: worldToMap failed: mx,my: 23,199, size_x,size_y: 204,199
[planner_server-4] [ERROR] [1785968147.524561757] [robot_0.planner_server]: worldToMap failed: mx,my: 24,199, size_x,size_y: 204,199
[planner_server-4] [ERROR] [1785968147.524568409] [robot_0.planner_server]: worldToMap failed: mx,my: 25,199, size_x,size_y: 204,199
[planner_server-4] [ERROR] [1785968147.524574764] [robot_0.planner_server]: worldToMap failed: mx,my: 26,199, size_x,size_y: 204,199
[planner_server-4] [ERROR] [1785968147.524590684] [robot_0.planner_server]: worldToMap failed: mx,my: 27,199, size_x,size_y: 204,199
[planner_server-4] [ERROR] [1785968147.524598034] [robot_0.planner_server]: worldToMap failed: mx,my: 28,199, size_x,size_y: 204,199
[planner_server-4] [ERROR] [1785968147.524604383] [robot_0.planner_server]: worldToMap failed: mx,my: 29,199, size_x,size_y: 204,199
[planner_server-4] [ERROR] [1785968147.524610624] [robot_0.planner_server]: worldToMap failed: mx,my: 30,199, size_x,size_y: 204,199
[planner_server-4] [ERROR] [1785968147.524616992] [robot_0.planner_server]: worldToMap failed: mx,my: 31,199, size_x,size_y: 204,199
[controller_server-2] [INFO] [1785968147.546723089] [robot_0.controller_server]: Passing new path to controller.
[planner_server-4] [INFO] [1785968147.589984723] [robot_0.global_costmap.global_costmap]: StaticLayer: Resizing costmap to 204 X 200 at 0.050000 m/pix
[controller_server-2] [INFO] [1785968148.596924119] [robot_0.controller_server]: Passing new path to controller.
[controller_server-2] [INFO] [1785968149.600365548] [robot_0.controller_server]: Passing new path to controller.
[controller_server-2] [INFO] [1785968150.646487073] [robot_0.controller_server]: Passing new path to controller.
[controller_server-2] [INFO] [1785968151.646516672] [robot_0.controller_server]: Passing new path to controller.
[frontier_explorer-13] [INFO] [1785968152.219730375] [robot_0.frontier_explorer]: [robot_0] goal #15 navigating (sim 8s, wall 8s)
[controller_server-2] [INFO] [1785968152.696530863] [robot_0.controller_server]: Passing new path to controller.
[controller_server-2] [INFO] [1785968153.747056430] [robot_0.controller_server]: Passing new path to controller.
[controller_server-2] [INFO] [1785968154.746443023] [robot_0.controller_server]: Passing new path to controller.
[controller_server-2] [INFO] [1785968155.796885585] [robot_0.controller_server]: Passing new path to controller.
[controller_server-2] [INFO] [1785968156.797064963] [robot_0.controller_server]: Passing new path to controller.
[frontier_explorer-13] [INFO] [1785968157.306168277] [robot_0.frontier_explorer]: [robot_0] goal #15 navigating (sim 13s, wall 13s)
[controller_server-2] [INFO] [1785968157.847102939] [robot_0.controller_server]: Passing new path to controller.
[controller_server-2] [INFO] [1785968158.848547174] [robot_0.controller_server]: Passing new path to controller.
[controller_server-2] [INFO] [1785968159.900796864] [robot_0.controller_server]: Passing new path to controller.
[controller_server-2] [INFO] [1785968160.901342653] [robot_0.controller_server]: Passing new path to controller.
[planner_server-4] [INFO] [1785968161.590018255] [robot_0.global_costmap.global_costmap]: StaticLayer: Resizing costmap to 204 X 203 at 0.050000 m/pix
[controller_server-2] [INFO] [1785968161.948226347] [robot_0.controller_server]: Passing new path to controller.
[frontier_explorer-13] [INFO] [1785968162.432665083] [robot_0.frontier_explorer]: [robot_0] goal #15 navigating (sim 17s, wall 18s)
[controller_server-2] [INFO] [1785968162.950959994] [robot_0.controller_server]: Passing new path to controller.
[controller_server-2] [WARN] [1785968163.656724885] [robot_0.controller_server]: Control loop missed its desired rate of 20.0000 Hz. Current loop rate is 33.3333 Hz.
[controller_server-2] [WARN] [1785968163.751244238] [robot_0.controller_server]: Control loop missed its desired rate of 20.0000 Hz. Current loop rate is 33.3333 Hz.
[controller_server-2] [WARN] [1785968163.855870130] [robot_0.controller_server]: Control loop missed its desired rate of 20.0000 Hz. Current loop rate is 33.3333 Hz.
[controller_server-2] [WARN] [1785968163.914295972] [robot_0.controller_server]: Control loop missed its desired rate of 20.0000 Hz. Current loop rate is 50.0000 Hz.
[controller_server-2] [WARN] [1785968164.069871466] [robot_0.controller_server]: Control loop missed its desired rate of 20.0000 Hz. Current loop rate is 50.0000 Hz.
[controller_server-2] [INFO] [1785968164.070002776] [robot_0.controller_server]: Passing new path to controller.
[controller_server-2] [WARN] [1785968164.174096465] [robot_0.controller_server]: Control loop missed its desired rate of 20.0000 Hz. Current loop rate is 25.0000 Hz.
[controller_server-2] [WARN] [1785968164.251694608] [robot_0.controller_server]: Control loop missed its desired rate of 20.0000 Hz. Current loop rate is 25.0000 Hz.
[controller_server-2] [WARN] [1785968164.324683018] [robot_0.controller_server]: Control loop missed its desired rate of 20.0000 Hz. Current loop rate is 33.3333 Hz.
[controller_server-2] [WARN] [1785968164.424406469] [robot_0.controller_server]: Control loop missed its desired rate of 20.0000 Hz. Current loop rate is 33.3333 Hz.
[controller_server-2] [WARN] [1785968164.536266216] [robot_0.controller_server]: Control loop missed its desired rate of 20.0000 Hz. Current loop rate is 33.3333 Hz.
[controller_server-2] [WARN] [1785968164.639709578] [robot_0.controller_server]: Control loop missed its desired rate of 20.0000 Hz. Current loop rate is 100.0000 Hz.
[controller_server-2] [WARN] [1785968164.720144140] [robot_0.controller_server]: Control loop missed its desired rate of 20.0000 Hz. Current loop rate is 33.3333 Hz.
[controller_server-2] [WARN] [1785968164.818584760] [robot_0.controller_server]: Control loop missed its desired rate of 20.0000 Hz. Current loop rate is 25.0000 Hz.
[controller_server-2] [WARN] [1785968165.072320771] [robot_0.controller_server]: Control loop missed its desired rate of 20.0000 Hz. Current loop rate is 50.0000 Hz.
[controller_server-2] [WARN] [1785968165.135754409] [robot_0.controller_server]: Control loop missed its desired rate of 20.0000 Hz. Current loop rate is 100.0000 Hz.
[controller_server-2] [INFO] [1785968165.189226490] [robot_0.controller_server]: Passing new path to controller.
[controller_server-2] [WARN] [1785968165.309965469] [robot_0.controller_server]: Control loop missed its desired rate of 20.0000 Hz. Current loop rate is 33.3333 Hz.
[controller_server-2] [WARN] [1785968165.360850261] [robot_0.controller_server]: Control loop missed its desired rate of 20.0000 Hz. Current loop rate is 100.0000 Hz.
[controller_server-2] [WARN] [1785968165.444087643] [robot_0.controller_server]: Control loop missed its desired rate of 20.0000 Hz. Current loop rate is 50.0000 Hz.
[controller_server-2] [INFO] [1785968166.195359885] [robot_0.controller_server]: Passing new path to controller.
[controller_server-2] [WARN] [1785968166.550610062] [robot_0.controller_server]: Control loop missed its desired rate of 20.0000 Hz. Current loop rate is 25.0000 Hz.
[controller_server-2] [INFO] [1785968167.202545733] [robot_0.controller_server]: Passing new path to controller.
[frontier_explorer-13] [INFO] [1785968167.531450275] [robot_0.frontier_explorer]: [robot_0] goal #15 navigating (sim 21s, wall 23s)
[controller_server-2] [INFO] [1785968168.251207897] [robot_0.controller_server]: Passing new path to controller.
[controller_server-2] [INFO] [1785968169.302281823] [robot_0.controller_server]: Passing new path to controller.
[controller_server-2] [INFO] [1785968170.303053412] [robot_0.controller_server]: Passing new path to controller.
[controller_server-2] [INFO] [1785968171.302361081] [robot_0.controller_server]: Passing new path to controller.
[controller_server-2] [INFO] [1785968172.350723599] [robot_0.controller_server]: Passing new path to controller.
[frontier_explorer-13] [INFO] [1785968172.667428438] [robot_0.frontier_explorer]: [robot_0] goal #15 navigating (sim 26s, wall 28s)
[controller_server-2] [INFO] [1785968173.351882486] [robot_0.controller_server]: Passing new path to controller.
[controller_server-2] [INFO] [1785968174.167992349] [robot_0.controller_server]: Reached the goal!
[bt_navigator-7] [INFO] [1785968174.194807236] [robot_0.bt_navigator]: Goal succeeded
[frontier_explorer-13] [INFO] [1785968174.223544627] [robot_0.frontier_explorer]: [robot_0] goal #15 END frontier=(-5.61, 3.52) outcome=SUCCEEDED sim=27.7s wall=29.8s net=0.78m blacklisted=False
[planner_server-4] [ERROR] [1785968174.337276242] [robot_0.planner_server]: worldToMap failed: mx,my: 4,203, size_x,size_y: 204,203
[planner_server-4] [ERROR] [1785968174.337366372] [robot_0.planner_server]: worldToMap failed: mx,my: 5,203, size_x,size_y: 204,203
[planner_server-4] [ERROR] [1785968174.337379730] [robot_0.planner_server]: worldToMap failed: mx,my: 6,203, size_x,size_y: 204,203
[planner_server-4] [ERROR] [1785968174.337388069] [robot_0.planner_server]: worldToMap failed: mx,my: 7,203, size_x,size_y: 204,203
[planner_server-4] [ERROR] [1785968174.337395668] [robot_0.planner_server]: worldToMap failed: mx,my: 8,203, size_x,size_y: 204,203
[planner_server-4] [ERROR] [1785968174.337402962] [robot_0.planner_server]: worldToMap failed: mx,my: 9,203, size_x,size_y: 204,203
[planner_server-4] [ERROR] [1785968174.337410357] [robot_0.planner_server]: worldToMap failed: mx,my: 10,203, size_x,size_y: 204,203
[planner_server-4] [ERROR] [1785968174.337418235] [robot_0.planner_server]: worldToMap failed: mx,my: 11,203, size_x,size_y: 204,203
[planner_server-4] [ERROR] [1785968174.337425784] [robot_0.planner_server]: worldToMap failed: mx,my: 12,203, size_x,size_y: 204,203
[planner_server-4] [ERROR] [1785968174.337433253] [robot_0.planner_server]: worldToMap failed: mx,my: 13,203, size_x,size_y: 204,203
[planner_server-4] [ERROR] [1785968174.337440960] [robot_0.planner_server]: worldToMap failed: mx,my: 14,203, size_x,size_y: 204,203
[planner_server-4] [ERROR] [1785968174.337448450] [robot_0.planner_server]: worldToMap failed: mx,my: 15,203, size_x,size_y: 204,203
[planner_server-4] [ERROR] [1785968174.337455942] [robot_0.planner_server]: worldToMap failed: mx,my: 16,203, size_x,size_y: 204,203
[planner_server-4] [ERROR] [1785968174.337463494] [robot_0.planner_server]: worldToMap failed: mx,my: 17,203, size_x,size_y: 204,203
[planner_server-4] [ERROR] [1785968174.337471055] [robot_0.planner_server]: worldToMap failed: mx,my: 18,203, size_x,size_y: 204,203
[planner_server-4] [ERROR] [1785968174.337478405] [robot_0.planner_server]: worldToMap failed: mx,my: 19,203, size_x,size_y: 204,203
[planner_server-4] [ERROR] [1785968174.337486048] [robot_0.planner_server]: worldToMap failed: mx,my: 20,203, size_x,size_y: 204,203
[planner_server-4] [ERROR] [1785968174.337493605] [robot_0.planner_server]: worldToMap failed: mx,my: 21,203, size_x,size_y: 204,203
[planner_server-4] [ERROR] [1785968174.337501386] [robot_0.planner_server]: worldToMap failed: mx,my: 22,203, size_x,size_y: 204,203
[planner_server-4] [ERROR] [1785968174.337508689] [robot_0.planner_server]: worldToMap failed: mx,my: 23,203, size_x,size_y: 204,203
[planner_server-4] [ERROR] [1785968174.337516221] [robot_0.planner_server]: worldToMap failed: mx,my: 4,204, size_x,size_y: 204,203
[planner_server-4] [ERROR] [1785968174.337523692] [robot_0.planner_server]: worldToMap failed: mx,my: 5,204, size_x,size_y: 204,203
[planner_server-4] [ERROR] [1785968174.337531053] [robot_0.planner_server]: worldToMap failed: mx,my: 6,204, size_x,size_y: 204,203
[planner_server-4] [ERROR] [1785968174.337538417] [robot_0.planner_server]: worldToMap failed: mx,my: 7,204, size_x,size_y: 204,203
[planner_server-4] [ERROR] [1785968174.337545817] [robot_0.planner_server]: worldToMap failed: mx,my: 8,204, size_x,size_y: 204,203
[planner_server-4] [ERROR] [1785968174.337553240] [robot_0.planner_server]: worldToMap failed: mx,my: 9,204, size_x,size_y: 204,203
[planner_server-4] [ERROR] [1785968174.337561224] [robot_0.planner_server]: worldToMap failed: mx,my: 10,204, size_x,size_y: 204,203
[planner_server-4] [ERROR] [1785968174.337568778] [robot_0.planner_server]: worldToMap failed: mx,my: 11,204, size_x,size_y: 204,203
[planner_server-4] [ERROR] [1785968174.337576338] [robot_0.planner_server]: worldToMap failed: mx,my: 12,204, size_x,size_y: 204,203
[planner_server-4] [ERROR] [1785968174.337593728] [robot_0.planner_server]: worldToMap failed: mx,my: 13,204, size_x,size_y: 204,203
[planner_server-4] [ERROR] [1785968174.337607438] [robot_0.planner_server]: worldToMap failed: mx,my: 14,204, size_x,size_y: 204,203
[planner_server-4] [ERROR] [1785968174.337614235] [robot_0.planner_server]: worldToMap failed: mx,my: 15,204, size_x,size_y: 204,203
[planner_server-4] [ERROR] [1785968174.337620891] [robot_0.planner_server]: worldToMap failed: mx,my: 16,204, size_x,size_y: 204,203
[planner_server-4] [ERROR] [1785968174.337627125] [robot_0.planner_server]: worldToMap failed: mx,my: 17,204, size_x,size_y: 204,203
[planner_server-4] [ERROR] [1785968174.337633264] [robot_0.planner_server]: worldToMap failed: mx,my: 18,204, size_x,size_y: 204,203
[planner_server-4] [ERROR] [1785968174.337639508] [robot_0.planner_server]: worldToMap failed: mx,my: 19,204, size_x,size_y: 204,203
[planner_server-4] [ERROR] [1785968174.337646007] [robot_0.planner_server]: worldToMap failed: mx,my: 20,204, size_x,size_y: 204,203
[planner_server-4] [ERROR] [1785968174.337654438] [robot_0.planner_server]: worldToMap failed: mx,my: 21,204, size_x,size_y: 204,203
[planner_server-4] [ERROR] [1785968174.337660958] [robot_0.planner_server]: worldToMap failed: mx,my: 22,204, size_x,size_y: 204,203
[planner_server-4] [ERROR] [1785968174.337667664] [robot_0.planner_server]: worldToMap failed: mx,my: 23,204, size_x,size_y: 204,203
[frontier_explorer-13] [INFO] [1785968174.604604541] [robot_0.frontier_explorer]: [robot_0] precheck cand#0 (-6.01, 3.77) -> INCONCLUSIVE error_code=0 planning_time=0.010s poses=678 costmap=99 COST raw=253 INSCRIBED_INFLATED
[frontier_explorer-13] [INFO] [1785968174.654897081] [robot_0.frontier_explorer]: [robot_0] precheck cand#1 (-5.87, 2.19) -> REACHABLE error_code=0 planning_time=0.000s poses=37 costmap=0 FREE raw=0 FREE
[frontier_explorer-13] [INFO] [1785968174.655409465] [robot_0.frontier_explorer]: [robot_0] goal #16 -> (-5.87, 2.19) [78 cells, frontier (-5.87, 2.19), 0.91 m away]
[frontier_explorer-13] [INFO] [1785968174.656263903] [robot_0.frontier_explorer]: Navigating to goal: -5.867856911531903 2.186140023521629...
[bt_navigator-7] [INFO] [1785968174.661097601] [robot_0.bt_navigator]: Begin navigating from current location (-5.61, 3.06) to (-5.87, 2.19)
[controller_server-2] [INFO] [1785968174.674637514] [robot_0.controller_server]: Received a goal, begin computing control effort.
[controller_server-2] [WARN] [1785968175.274780808] [robot_0.controller_server]: Control loop missed its desired rate of 20.0000 Hz. Current loop rate is 50.0000 Hz.
[controller_server-2] [INFO] [1785968175.729355622] [robot_0.controller_server]: Passing new path to controller.
[controller_server-2] [INFO] [1785968176.724975141] [robot_0.controller_server]: Passing new path to controller.
[controller_server-2] [INFO] [1785968177.775584827] [robot_0.controller_server]: Passing new path to controller.
[frontier_explorer-13] [INFO] [1785968177.788511169] [robot_0.frontier_explorer]: [robot_0] goal #16 navigating (sim 2s, wall 3s)
[controller_server-2] [INFO] [1785968178.777288857] [robot_0.controller_server]: Passing new path to controller.
[controller_server-2] [INFO] [1785968179.775031621] [robot_0.controller_server]: Passing new path to controller.
[controller_server-2] [INFO] [1785968180.825088834] [robot_0.controller_server]: Passing new path to controller.
[controller_server-2] [INFO] [1785968181.825636113] [robot_0.controller_server]: Passing new path to controller.
[controller_server-2] [WARN] [1785968182.725901999] [robot_0.controller_server]: Control loop missed its desired rate of 20.0000 Hz. Current loop rate is 33.3333 Hz.
[controller_server-2] [INFO] [1785968182.834974927] [robot_0.controller_server]: Passing new path to controller.
[frontier_explorer-13] [INFO] [1785968182.883693156] [robot_0.frontier_explorer]: [robot_0] goal #16 navigating (sim 7s, wall 8s)
[controller_server-2] [WARN] [1785968183.486365424] [robot_0.controller_server]: Control loop missed its desired rate of 20.0000 Hz. Current loop rate is 33.3333 Hz.
[controller_server-2] [INFO] [1785968183.841722741] [robot_0.controller_server]: Passing new path to controller.
[controller_server-2] [WARN] [1785968183.991507841] [robot_0.controller_server]: Control loop missed its desired rate of 20.0000 Hz. Current loop rate is 50.0000 Hz.
[controller_server-2] [WARN] [1785968184.045359731] [robot_0.controller_server]: Control loop missed its desired rate of 20.0000 Hz. Current loop rate is 25.0000 Hz.
[controller_server-2] [INFO] [1785968184.846098263] [robot_0.controller_server]: Passing new path to controller.
[controller_server-2] [INFO] [1785968185.474495019] [robot_0.controller_server]: Reached the goal!
[bt_navigator-7] [INFO] [1785968185.503098575] [robot_0.bt_navigator]: Goal succeeded
[frontier_explorer-13] [INFO] [1785968185.562317361] [robot_0.frontier_explorer]: [robot_0] goal #16 END frontier=(-5.87, 2.19) outcome=SUCCEEDED sim=9.8s wall=10.9s net=0.71m blacklisted=False
[frontier_explorer-13] [INFO] [1785968185.683829394] [robot_0.frontier_explorer]: [robot_0] precheck cand#0 (-6.04, 1.74) -> REACHABLE error_code=0 planning_time=0.000s poses=28 costmap=0 FREE raw=0 FREE
[frontier_explorer-13] [INFO] [1785968185.693742517] [robot_0.frontier_explorer]: [robot_0] goal #17 -> (-6.04, 1.74) [83 cells, frontier (-6.04, 1.74), 0.70 m away]
[frontier_explorer-13] [INFO] [1785968185.694913624] [robot_0.frontier_explorer]: Navigating to goal: -6.041103747601279 1.7407816603823374...
[bt_navigator-7] [INFO] [1785968185.696007665] [robot_0.bt_navigator]: Begin navigating from current location (-5.71, 2.36) to (-6.04, 1.74)
[controller_server-2] [INFO] [1785968185.707063268] [robot_0.controller_server]: Received a goal, begin computing control effort.
[controller_server-2] [INFO] [1785968186.757517346] [robot_0.controller_server]: Passing new path to controller.
[controller_server-2] [INFO] [1785968187.758810516] [robot_0.controller_server]: Passing new path to controller.
[frontier_explorer-13] [INFO] [1785968187.940186010] [robot_0.frontier_explorer]: [robot_0] goal #17 navigating (sim 2s, wall 2s)
[controller_server-2] [INFO] [1785968188.807672124] [robot_0.controller_server]: Passing new path to controller.
[planner_server-4] [INFO] [1785968189.592128423] [robot_0.global_costmap.global_costmap]: StaticLayer: Resizing costmap to 205 X 203 at 0.050000 m/pix
[controller_server-2] [INFO] [1785968189.810197167] [robot_0.controller_server]: Passing new path to controller.
[controller_server-2] [INFO] [1785968190.807372976] [robot_0.controller_server]: Passing new path to controller.
[planner_server-4] [INFO] [1785968191.591043893] [robot_0.global_costmap.global_costmap]: StaticLayer: Resizing costmap to 208 X 203 at 0.050000 m/pix
[controller_server-2] [INFO] [1785968191.857267849] [robot_0.controller_server]: Passing new path to controller.
[controller_server-2] [INFO] [1785968192.860956557] [robot_0.controller_server]: Passing new path to controller.
[frontier_explorer-13] [INFO] [1785968193.035032762] [robot_0.frontier_explorer]: [robot_0] goal #17 navigating (sim 7s, wall 7s)
[controller_server-2] [INFO] [1785968193.857724517] [robot_0.controller_server]: Passing new path to controller.
[controller_server-2] [INFO] [1785968194.121950660] [robot_0.controller_server]: Reached the goal!
[bt_navigator-7] [INFO] [1785968194.146987604] [robot_0.bt_navigator]: Goal succeeded
[frontier_explorer-13] [INFO] [1785968194.154829150] [robot_0.frontier_explorer]: [robot_0] goal #17 END frontier=(-6.04, 1.74) outcome=SUCCEEDED sim=8.3s wall=8.5s net=0.53m blacklisted=False
[planner_server-4] [ERROR] [1785968194.279652034] [robot_0.planner_server]: worldToMap failed: mx,my: 7,203, size_x,size_y: 208,203
[planner_server-4] [ERROR] [1785968194.279740510] [robot_0.planner_server]: worldToMap failed: mx,my: 8,203, size_x,size_y: 208,203
[planner_server-4] [ERROR] [1785968194.279761289] [robot_0.planner_server]: worldToMap failed: mx,my: 9,203, size_x,size_y: 208,203
[planner_server-4] [ERROR] [1785968194.279768572] [robot_0.planner_server]: worldToMap failed: mx,my: 10,203, size_x,size_y: 208,203
[planner_server-4] [ERROR] [1785968194.279775042] [robot_0.planner_server]: worldToMap failed: mx,my: 11,203, size_x,size_y: 208,203
[planner_server-4] [ERROR] [1785968194.279781553] [robot_0.planner_server]: worldToMap failed: mx,my: 12,203, size_x,size_y: 208,203
[planner_server-4] [ERROR] [1785968194.279787919] [robot_0.planner_server]: worldToMap failed: mx,my: 13,203, size_x,size_y: 208,203
[planner_server-4] [ERROR] [1785968194.279794267] [robot_0.planner_server]: worldToMap failed: mx,my: 14,203, size_x,size_y: 208,203
[planner_server-4] [ERROR] [1785968194.279800831] [robot_0.planner_server]: worldToMap failed: mx,my: 15,203, size_x,size_y: 208,203
[planner_server-4] [ERROR] [1785968194.279807189] [robot_0.planner_server]: worldToMap failed: mx,my: 16,203, size_x,size_y: 208,203
[planner_server-4] [ERROR] [1785968194.279813694] [robot_0.planner_server]: worldToMap failed: mx,my: 17,203, size_x,size_y: 208,203
[planner_server-4] [ERROR] [1785968194.279820142] [robot_0.planner_server]: worldToMap failed: mx,my: 18,203, size_x,size_y: 208,203
[planner_server-4] [ERROR] [1785968194.279826617] [robot_0.planner_server]: worldToMap failed: mx,my: 19,203, size_x,size_y: 208,203
[planner_server-4] [ERROR] [1785968194.279833172] [robot_0.planner_server]: worldToMap failed: mx,my: 20,203, size_x,size_y: 208,203
[planner_server-4] [ERROR] [1785968194.279839660] [robot_0.planner_server]: worldToMap failed: mx,my: 21,203, size_x,size_y: 208,203
[planner_server-4] [ERROR] [1785968194.279846194] [robot_0.planner_server]: worldToMap failed: mx,my: 22,203, size_x,size_y: 208,203
[planner_server-4] [ERROR] [1785968194.279852507] [robot_0.planner_server]: worldToMap failed: mx,my: 23,203, size_x,size_y: 208,203
[planner_server-4] [ERROR] [1785968194.288270854] [robot_0.planner_server]: worldToMap failed: mx,my: 24,203, size_x,size_y: 208,203
[planner_server-4] [ERROR] [1785968194.288305656] [robot_0.planner_server]: worldToMap failed: mx,my: 25,203, size_x,size_y: 208,203
[planner_server-4] [ERROR] [1785968194.288314488] [robot_0.planner_server]: worldToMap failed: mx,my: 26,203, size_x,size_y: 208,203
[planner_server-4] [ERROR] [1785968194.288322149] [robot_0.planner_server]: worldToMap failed: mx,my: 7,204, size_x,size_y: 208,203
[planner_server-4] [ERROR] [1785968194.288329518] [robot_0.planner_server]: worldToMap failed: mx,my: 8,204, size_x,size_y: 208,203
[planner_server-4] [ERROR] [1785968194.288336797] [robot_0.planner_server]: worldToMap failed: mx,my: 9,204, size_x,size_y: 208,203
[planner_server-4] [ERROR] [1785968194.288356111] [robot_0.planner_server]: worldToMap failed: mx,my: 10,204, size_x,size_y: 208,203
[planner_server-4] [ERROR] [1785968194.288364039] [robot_0.planner_server]: worldToMap failed: mx,my: 11,204, size_x,size_y: 208,203
[planner_server-4] [ERROR] [1785968194.288371402] [robot_0.planner_server]: worldToMap failed: mx,my: 12,204, size_x,size_y: 208,203
[planner_server-4] [ERROR] [1785968194.288378531] [robot_0.planner_server]: worldToMap failed: mx,my: 13,204, size_x,size_y: 208,203
[planner_server-4] [ERROR] [1785968194.288385530] [robot_0.planner_server]: worldToMap failed: mx,my: 14,204, size_x,size_y: 208,203
[planner_server-4] [ERROR] [1785968194.288392421] [robot_0.planner_server]: worldToMap failed: mx,my: 15,204, size_x,size_y: 208,203
[planner_server-4] [ERROR] [1785968194.288399424] [robot_0.planner_server]: worldToMap failed: mx,my: 16,204, size_x,size_y: 208,203
[planner_server-4] [ERROR] [1785968194.288406438] [robot_0.planner_server]: worldToMap failed: mx,my: 17,204, size_x,size_y: 208,203
[planner_server-4] [ERROR] [1785968194.288413480] [robot_0.planner_server]: worldToMap failed: mx,my: 18,204, size_x,size_y: 208,203
[planner_server-4] [ERROR] [1785968194.288420460] [robot_0.planner_server]: worldToMap failed: mx,my: 19,204, size_x,size_y: 208,203
[planner_server-4] [ERROR] [1785968194.288427327] [robot_0.planner_server]: worldToMap failed: mx,my: 20,204, size_x,size_y: 208,203
[planner_server-4] [ERROR] [1785968194.288434188] [robot_0.planner_server]: worldToMap failed: mx,my: 21,204, size_x,size_y: 208,203
[planner_server-4] [ERROR] [1785968194.288441100] [robot_0.planner_server]: worldToMap failed: mx,my: 22,204, size_x,size_y: 208,203
[planner_server-4] [ERROR] [1785968194.288447992] [robot_0.planner_server]: worldToMap failed: mx,my: 23,204, size_x,size_y: 208,203
[planner_server-4] [ERROR] [1785968194.288454982] [robot_0.planner_server]: worldToMap failed: mx,my: 24,204, size_x,size_y: 208,203
[planner_server-4] [ERROR] [1785968194.288462049] [robot_0.planner_server]: worldToMap failed: mx,my: 25,204, size_x,size_y: 208,203
[planner_server-4] [ERROR] [1785968194.288469024] [robot_0.planner_server]: worldToMap failed: mx,my: 26,204, size_x,size_y: 208,203
[frontier_explorer-13] [INFO] [1785968194.394829361] [robot_0.frontier_explorer]: [robot_0] precheck cand#0 (-6.07, 3.74) -> INCONCLUSIVE error_code=0 planning_time=0.030s poses=733 costmap=99 COST raw=253 INSCRIBED_INFLATED
[frontier_explorer-13] [INFO] [1785968194.458091409] [robot_0.frontier_explorer]: [robot_0] precheck cand#1 (-5.16, -0.30) -> REACHABLE error_code=0 planning_time=0.000s poses=121 costmap=255 NO_INFORMATION int8=-1 raw=255 NO_INFORMATION
[frontier_explorer-13] [INFO] [1785968194.458745902] [robot_0.frontier_explorer]: [robot_0] goal #18 -> (-5.16, -0.30) [44 cells, frontier (-5.16, -0.30), 2.25 m away]
[frontier_explorer-13] [INFO] [1785968194.475516372] [robot_0.frontier_explorer]: Navigating to goal: -5.15973842491984 -0.3022632769617326...
[bt_navigator-7] [INFO] [1785968194.479154419] [robot_0.bt_navigator]: Begin navigating from current location (-5.83, 1.85) to (-5.16, -0.30)
[controller_server-2] [INFO] [1785968194.492437317] [robot_0.controller_server]: Received a goal, begin computing control effort.
[controller_server-2] [WARN] [1785968194.595451167] [robot_0.controller_server]: Control loop missed its desired rate of 20.0000 Hz. Current loop rate is 33.3333 Hz.
[controller_server-2] [INFO] [1785968195.549459808] [robot_0.controller_server]: Passing new path to controller.
[controller_server-2] [INFO] [1785968196.545569401] [robot_0.controller_server]: Passing new path to controller.
[planner_server-4] [INFO] [1785968197.589216276] [robot_0.global_costmap.global_costmap]: StaticLayer: Resizing costmap to 209 X 203 at 0.050000 m/pix
[controller_server-2] [INFO] [1785968197.601254615] [robot_0.controller_server]: Passing new path to controller.
[frontier_explorer-13] [INFO] [1785968198.080441198] [robot_0.frontier_explorer]: [robot_0] goal #18 navigating (sim 3s, wall 3s)
[controller_server-2] [INFO] [1785968198.599316412] [robot_0.controller_server]: Passing new path to controller.
[controller_server-2] [INFO] [1785968199.654754479] [robot_0.controller_server]: Passing new path to controller.
[controller_server-2] [INFO] [1785968200.648218404] [robot_0.controller_server]: Passing new path to controller.
[controller_server-2] [INFO] [1785968201.697965235] [robot_0.controller_server]: Passing new path to controller.
[controller_server-2] [WARN] [1785968201.899977910] [robot_0.controller_server]: Control loop missed its desired rate of 20.0000 Hz. Current loop rate is 100.0000 Hz.
[controller_server-2] [WARN] [1785968201.957809859] [robot_0.controller_server]: Control loop missed its desired rate of 20.0000 Hz. Current loop rate is 25.0000 Hz.
[controller_server-2] [WARN] [1785968202.019584421] [robot_0.controller_server]: Control loop missed its desired rate of 20.0000 Hz. Current loop rate is 20.0000 Hz.
[controller_server-2] [WARN] [1785968202.099774795] [robot_0.controller_server]: Control loop missed its desired rate of 20.0000 Hz. Current loop rate is 14.2857 Hz.
[controller_server-2] [WARN] [1785968202.163774031] [robot_0.controller_server]: Control loop missed its desired rate of 20.0000 Hz. Current loop rate is 33.3333 Hz.
[controller_server-2] [INFO] [1785968202.716133032] [robot_0.controller_server]: Passing new path to controller.
[frontier_explorer-13] [INFO] [1785968203.109070947] [robot_0.frontier_explorer]: [robot_0] goal #18 navigating (sim 8s, wall 9s)
[controller_server-2] [WARN] [1785968203.618680202] [robot_0.controller_server]: Control loop missed its desired rate of 20.0000 Hz. Current loop rate is 16.6667 Hz.
[controller_server-2] [INFO] [1785968203.719935157] [robot_0.controller_server]: Passing new path to controller.
[controller_server-2] [WARN] [1785968204.021462773] [robot_0.controller_server]: Control loop missed its desired rate of 20.0000 Hz. Current loop rate is 33.3333 Hz.
[controller_server-2] [WARN] [1785968204.487701937] [robot_0.controller_server]: Control loop missed its desired rate of 20.0000 Hz. Current loop rate is 25.0000 Hz.
[controller_server-2] [WARN] [1785968204.590148331] [robot_0.controller_server]: Control loop missed its desired rate of 20.0000 Hz. Current loop rate is 50.0000 Hz.
[controller_server-2] [INFO] [1785968204.741498788] [robot_0.controller_server]: Passing new path to controller.
[controller_server-2] [WARN] [1785968204.862402859] [robot_0.controller_server]: Control loop missed its desired rate of 20.0000 Hz. Current loop rate is 11.1111 Hz.
[controller_server-2] [WARN] [1785968204.949915818] [robot_0.controller_server]: Control loop missed its desired rate of 20.0000 Hz. Current loop rate is 33.3333 Hz.
[controller_server-2] [WARN] [1785968205.016418185] [robot_0.controller_server]: Control loop missed its desired rate of 20.0000 Hz. Current loop rate is 33.3333 Hz.
[controller_server-2] [WARN] [1785968205.076787919] [robot_0.controller_server]: Control loop missed its desired rate of 20.0000 Hz. Current loop rate is 100.0000 Hz.
[controller_server-2] [INFO] [1785968205.778279157] [robot_0.controller_server]: Passing new path to controller.
[controller_server-2] [WARN] [1785968205.845442596] [robot_0.controller_server]: Control loop missed its desired rate of 20.0000 Hz. Current loop rate is 100.0000 Hz.
[controller_server-2] [WARN] [1785968205.938542574] [robot_0.controller_server]: Control loop missed its desired rate of 20.0000 Hz. Current loop rate is 12.5000 Hz.
[controller_server-2] [WARN] [1785968206.038072974] [robot_0.controller_server]: Control loop missed its desired rate of 20.0000 Hz. Current loop rate is 12.5000 Hz.
[controller_server-2] [WARN] [1785968206.488180775] [robot_0.controller_server]: Control loop missed its desired rate of 20.0000 Hz. Current loop rate is 50.0000 Hz.
[controller_server-2] [WARN] [1785968206.549590241] [robot_0.controller_server]: Control loop missed its desired rate of 20.0000 Hz. Current loop rate is 100.0000 Hz.
[controller_server-2] [WARN] [1785968206.605834149] [robot_0.controller_server]: Control loop missed its desired rate of 20.0000 Hz. Current loop rate is 50.0000 Hz.
[controller_server-2] [INFO] [1785968206.808966109] [robot_0.controller_server]: Passing new path to controller.
[controller_server-2] [WARN] [1785968206.922739562] [robot_0.controller_server]: Control loop missed its desired rate of 20.0000 Hz. Current loop rate is 14.2857 Hz.
[controller_server-2] [WARN] [1785968207.027349715] [robot_0.controller_server]: Control loop missed its desired rate of 20.0000 Hz. Current loop rate is 50.0000 Hz.
[controller_server-2] [WARN] [1785968207.079146796] [robot_0.controller_server]: Control loop missed its desired rate of 20.0000 Hz. Current loop rate is 25.0000 Hz.
[controller_server-2] [WARN] [1785968207.142655432] [robot_0.controller_server]: Control loop missed its desired rate of 20.0000 Hz. Current loop rate is 16.6667 Hz.
[controller_server-2] [WARN] [1785968207.192743086] [robot_0.controller_server]: Control loop missed its desired rate of 20.0000 Hz. Current loop rate is 25.0000 Hz.
[controller_server-2] [WARN] [1785968207.296435228] [robot_0.controller_server]: Control loop missed its desired rate of 20.0000 Hz. Current loop rate is 100.0000 Hz.
[controller_server-2] [WARN] [1785968207.355265284] [robot_0.controller_server]: Control loop missed its desired rate of 20.0000 Hz. Current loop rate is inf Hz.
[controller_server-2] [WARN] [1785968207.408496051] [robot_0.controller_server]: Control loop missed its desired rate of 20.0000 Hz. Current loop rate is 50.0000 Hz.
[controller_server-2] [WARN] [1785968207.529479024] [robot_0.controller_server]: Control loop missed its desired rate of 20.0000 Hz. Current loop rate is 33.3333 Hz.
[controller_server-2] [WARN] [1785968207.579763930] [robot_0.controller_server]: Control loop missed its desired rate of 20.0000 Hz. Current loop rate is 50.0000 Hz.
[controller_server-2] [WARN] [1785968207.708019442] [robot_0.controller_server]: Control loop missed its desired rate of 20.0000 Hz. Current loop rate is 14.2857 Hz.
[controller_server-2] [INFO] [1785968207.835068668] [robot_0.controller_server]: Passing new path to controller.
[controller_server-2] [WARN] [1785968207.879329340] [robot_0.controller_server]: Control loop missed its desired rate of 20.0000 Hz. Current loop rate is 25.0000 Hz.
[controller_server-2] [WARN] [1785968207.942578754] [robot_0.controller_server]: Control loop missed its desired rate of 20.0000 Hz. Current loop rate is 20.0000 Hz.
[controller_server-2] [WARN] [1785968208.017673266] [robot_0.controller_server]: Control loop missed its desired rate of 20.0000 Hz. Current loop rate is 25.0000 Hz.
[controller_server-2] [WARN] [1785968208.122652853] [robot_0.controller_server]: Control loop missed its desired rate of 20.0000 Hz. Current loop rate is 50.0000 Hz.
[frontier_explorer-13] [INFO] [1785968208.233229736] [robot_0.frontier_explorer]: [robot_0] goal #18 navigating (sim 11s, wall 14s)
[controller_server-2] [INFO] [1785968208.872776580] [robot_0.controller_server]: Passing new path to controller.
[controller_server-2] [ERROR] [1785968209.825154605] [robot_0.controller_server]: Failed to make progress
[controller_server-2] [WARN] [1785968209.825283823] [robot_0.controller_server]: [follow_path] [ActionServer] Aborting handle.
[controller_server-2] [INFO] [1785968209.840634019] [robot_0.local_costmap.local_costmap]: Received request to clear entirely the local_costmap
[controller_server-2] [INFO] [1785968209.849949369] [robot_0.controller_server]: Received a goal, begin computing control effort.
[controller_server-2] [INFO] [1785968209.890169095] [robot_0.controller_server]: Passing new path to controller.
[controller_server-2] [WARN] [1785968209.923090409] [robot_0.controller_server]: Control loop missed its desired rate of 20.0000 Hz. Current loop rate is 14.2857 Hz.
[controller_server-2] [INFO] [1785968210.923202077] [robot_0.controller_server]: Passing new path to controller.
[controller_server-2] [INFO] [1785968211.924974485] [robot_0.controller_server]: Passing new path to controller.
[controller_server-2] [INFO] [1785968212.975462537] [robot_0.controller_server]: Passing new path to controller.
[frontier_explorer-13] [INFO] [1785968213.330051001] [robot_0.frontier_explorer]: [robot_0] goal #18 navigating (sim 16s, wall 19s)
[controller_server-2] [INFO] [1785968213.974702464] [robot_0.controller_server]: Passing new path to controller.
[controller_server-2] [INFO] [1785968214.977188608] [robot_0.controller_server]: Passing new path to controller.
[planner_server-4] [INFO] [1785968215.593214498] [robot_0.global_costmap.global_costmap]: StaticLayer: Resizing costmap to 212 X 203 at 0.050000 m/pix
[controller_server-2] [INFO] [1785968216.027064050] [robot_0.controller_server]: Passing new path to controller.
[controller_server-2] [INFO] [1785968217.027856998] [robot_0.controller_server]: Passing new path to controller.
[controller_server-2] [INFO] [1785968218.074433220] [robot_0.controller_server]: Passing new path to controller.
[frontier_explorer-13] [INFO] [1785968218.421329129] [robot_0.frontier_explorer]: [robot_0] goal #18 navigating (sim 21s, wall 24s)
[controller_server-2] [INFO] [1785968219.074136953] [robot_0.controller_server]: Passing new path to controller.
[controller_server-2] [INFO] [1785968220.124190603] [robot_0.controller_server]: Passing new path to controller.
[controller_server-2] [INFO] [1785968221.130646664] [robot_0.controller_server]: Passing new path to controller.
[controller_server-2] [INFO] [1785968222.174007624] [robot_0.controller_server]: Passing new path to controller.
[controller_server-2] [WARN] [1785968223.033540754] [robot_0.controller_server]: Control loop missed its desired rate of 20.0000 Hz. Current loop rate is 33.3333 Hz.
[controller_server-2] [WARN] [1785968223.194382257] [robot_0.controller_server]: Control loop missed its desired rate of 20.0000 Hz. Current loop rate is 50.0000 Hz.
[controller_server-2] [INFO] [1785968223.194427539] [robot_0.controller_server]: Passing new path to controller.
[controller_server-2] [WARN] [1785968223.252534574] [robot_0.controller_server]: Control loop missed its desired rate of 20.0000 Hz. Current loop rate is 20.0000 Hz.
[controller_server-2] [WARN] [1785968223.302893421] [robot_0.controller_server]: Control loop missed its desired rate of 20.0000 Hz. Current loop rate is 33.3333 Hz.
[frontier_explorer-13] [INFO] [1785968223.474551977] [robot_0.frontier_explorer]: [robot_0] goal #18 navigating (sim 26s, wall 29s)
[controller_server-2] [INFO] [1785968224.207228081] [robot_0.controller_server]: Passing new path to controller.
[controller_server-2] [INFO] [1785968224.462812581] [robot_0.controller_server]: Reached the goal!
[bt_navigator-7] [INFO] [1785968224.493652670] [robot_0.bt_navigator]: Goal succeeded
[frontier_explorer-13] [INFO] [1785968224.593848360] [robot_0.frontier_explorer]: [robot_0] goal #18 END frontier=(-5.16, -0.30) outcome=SUCCEEDED sim=26.6s wall=30.1s net=2.10m blacklisted=False
[frontier_explorer-13] [INFO] [1785968224.837036050] [robot_0.frontier_explorer]: [robot_0] precheck cand#0 (-5.76, -0.93) -> REACHABLE error_code=0 planning_time=0.000s poses=45 costmap=99 COST raw=253 INSCRIBED_INFLATED
[frontier_explorer-13] [INFO] [1785968224.859397673] [robot_0.frontier_explorer]: [robot_0] goal #19 -> (-5.76, -0.93) [57 cells, frontier (-5.76, -0.93), 1.10 m away]
[frontier_explorer-13] [INFO] [1785968224.860357557] [robot_0.frontier_explorer]: Navigating to goal: -5.7581227135970074 -0.9331245303814368...
[bt_navigator-7] [INFO] [1785968224.867166864] [robot_0.bt_navigator]: Begin navigating from current location (-5.04, -0.10) to (-5.76, -0.93)
[controller_server-2] [INFO] [1785968224.899373623] [robot_0.controller_server]: Received a goal, begin computing control effort.
[controller_server-2] [WARN] [1785968225.262547935] [robot_0.controller_server]: Control loop missed its desired rate of 20.0000 Hz. Current loop rate is 50.0000 Hz.
[controller_server-2] [INFO] [1785968225.914645641] [robot_0.controller_server]: Passing new path to controller.
[controller_server-2] [WARN] [1785968226.271535537] [robot_0.controller_server]: Control loop missed its desired rate of 20.0000 Hz. Current loop rate is 33.3333 Hz.
[controller_server-2] [INFO] [1785968226.922782373] [robot_0.controller_server]: Passing new path to controller.
[controller_server-2] [INFO] [1785968227.971840922] [robot_0.controller_server]: Passing new path to controller.
[frontier_explorer-13] [INFO] [1785968228.572677780] [robot_0.frontier_explorer]: [robot_0] goal #19 navigating (sim 3s, wall 4s)
[controller_server-2] [INFO] [1785968228.971983533] [robot_0.controller_server]: Passing new path to controller.
[planner_server-4] [INFO] [1785968229.590504461] [robot_0.global_costmap.global_costmap]: StaticLayer: Resizing costmap to 215 X 203 at 0.050000 m/pix
[controller_server-2] [INFO] [1785968230.022234442] [robot_0.controller_server]: Passing new path to controller.
[controller_server-2] [INFO] [1785968231.026199733] [robot_0.controller_server]: Passing new path to controller.
[planner_server-4] [INFO] [1785968231.591927609] [robot_0.global_costmap.global_costmap]: StaticLayer: Resizing costmap to 217 X 203 at 0.050000 m/pix
[controller_server-2] [INFO] [1785968232.025192195] [robot_0.controller_server]: Passing new path to controller.
[controller_server-2] [INFO] [1785968233.073072187] [robot_0.controller_server]: Passing new path to controller.
[frontier_explorer-13] [INFO] [1785968233.690579117] [robot_0.frontier_explorer]: [robot_0] goal #19 navigating (sim 8s, wall 9s)
[controller_server-2] [INFO] [1785968234.072157048] [robot_0.controller_server]: Passing new path to controller.
[controller_server-2] [INFO] [1785968235.123742986] [robot_0.controller_server]: Passing new path to controller.
[controller_server-2] [INFO] [1785968235.632988085] [robot_0.controller_server]: Reached the goal!
[bt_navigator-7] [INFO] [1785968235.662502356] [robot_0.bt_navigator]: Goal succeeded
[frontier_explorer-13] [INFO] [1785968235.666256868] [robot_0.frontier_explorer]: [robot_0] goal #19 END frontier=(-5.76, -0.93) outcome=SUCCEEDED sim=10.2s wall=10.8s net=0.88m blacklisted=False
[frontier_explorer-13] [INFO] [1785968235.772149030] [robot_0.frontier_explorer]: [robot_0] precheck cand#0 (-6.32, -0.54) -> INCONCLUSIVE error_code=0 planning_time=0.020s poses=18 costmap=99 COST raw=253 INSCRIBED_INFLATED
[frontier_explorer-13] [INFO] [1785968235.860261376] [robot_0.frontier_explorer]: [robot_0] precheck cand#1 (-6.14, 0.02) -> INCONCLUSIVE error_code=0 planning_time=0.000s poses=180 costmap=99 COST raw=253 INSCRIBED_INFLATED
[frontier_explorer-13] [INFO] [1785968235.939174186] [robot_0.frontier_explorer]: [robot_0] precheck cand#2 (-6.64, -0.63) -> INCONCLUSIVE error_code=0 planning_time=0.010s poses=190 costmap=99 COST raw=253 INSCRIBED_INFLATED
[frontier_explorer-13] [INFO] [1785968235.995385655] [robot_0.frontier_explorer]: [robot_0] precheck cand#3 (-4.50, -0.29) -> REACHABLE error_code=0 planning_time=0.010s poses=111 costmap=99 COST raw=253 INSCRIBED_INFLATED
[frontier_explorer-13] [INFO] [1785968235.997129523] [robot_0.frontier_explorer]: [robot_0] goal #20 -> (-4.50, -0.29) [5 cells, frontier (-4.50, -0.29), 1.19 m away]
[frontier_explorer-13] [INFO] [1785968235.999477175] [robot_0.frontier_explorer]: Navigating to goal: -4.502050835859919 -0.28680873127689654...
[bt_navigator-7] [INFO] [1785968236.001060578] [robot_0.bt_navigator]: Begin navigating from current location (-5.57, -0.80) to (-4.50, -0.29)
[controller_server-2] [INFO] [1785968236.042926583] [robot_0.controller_server]: Received a goal, begin computing control effort.
[controller_server-2] [INFO] [1785968237.097810217] [robot_0.controller_server]: Passing new path to controller.
[controller_server-2] [INFO] [1785968238.147060989] [robot_0.controller_server]: Passing new path to controller.
[frontier_explorer-13] [INFO] [1785968238.783093151] [robot_0.frontier_explorer]: [robot_0] goal #20 navigating (sim 3s, wall 3s)
[controller_server-2] [INFO] [1785968239.143896207] [robot_0.controller_server]: Passing new path to controller.
[controller_server-2] [INFO] [1785968240.193181932] [robot_0.controller_server]: Passing new path to controller.
[controller_server-2] [INFO] [1785968241.194093035] [robot_0.controller_server]: Passing new path to controller.
[controller_server-2] [INFO] [1785968242.243806042] [robot_0.controller_server]: Passing new path to controller.
[controller_server-2] [WARN] [1785968243.096630881] [robot_0.controller_server]: Control loop missed its desired rate of 20.0000 Hz. Current loop rate is 50.0000 Hz.
[controller_server-2] [INFO] [1785968243.253653466] [robot_0.controller_server]: Passing new path to controller.
[frontier_explorer-13] [INFO] [1785968243.777854390] [robot_0.frontier_explorer]: [robot_0] goal #20 navigating (sim 7s, wall 8s)
[controller_server-2] [INFO] [1785968244.303032817] [robot_0.controller_server]: Passing new path to controller.
[controller_server-2] [INFO] [1785968245.349588821] [robot_0.controller_server]: Passing new path to controller.
[controller_server-2] [INFO] [1785968246.350184209] [robot_0.controller_server]: Passing new path to controller.
[controller_server-2] [WARN] [1785968246.502329899] [robot_0.controller_server]: Control loop missed its desired rate of 20.0000 Hz. Current loop rate is 100.0000 Hz.
[controller_server-2] [INFO] [1785968247.412916350] [robot_0.controller_server]: Passing new path to controller.
[controller_server-2] [INFO] [1785968248.452659112] [robot_0.controller_server]: Passing new path to controller.
[controller_server-2] [WARN] [1785968248.710337091] [robot_0.controller_server]: Control loop missed its desired rate of 20.0000 Hz. Current loop rate is 50.0000 Hz.
[frontier_explorer-13] [INFO] [1785968248.904133572] [robot_0.frontier_explorer]: [robot_0] goal #20 navigating (sim 11s, wall 13s)
[controller_server-2] [INFO] [1785968249.460501410] [robot_0.controller_server]: Passing new path to controller.
[controller_server-2] [INFO] [1785968249.818951948] [robot_0.controller_server]: Reached the goal!
[bt_navigator-7] [INFO] [1785968249.846476906] [robot_0.bt_navigator]: Goal succeeded
[frontier_explorer-13] [INFO] [1785968249.887679211] [robot_0.frontier_explorer]: [robot_0] goal #20 END frontier=(-4.50, -0.29) outcome=SUCCEEDED sim=11.9s wall=13.9s net=0.99m blacklisted=False
[planner_server-4] [WARN] [1785968249.981341023] [robot_0.planner_server]:  plugin failed to plan from (-4.69, -0.26) to (-3.74, -0.08): "Failed to create plan with tolerance of: 0.500000"
[planner_server-4] [WARN] [1785968249.981403862] [robot_0.planner_server]: [compute_path_to_pose] [ActionServer] Aborting handle.
[frontier_explorer-13] [INFO] [1785968250.027025725] [robot_0.frontier_explorer]: [robot_0] precheck cand#0 (-3.74, -0.08) -> UNREACHABLE error_code=208 planning_time=0.000s poses=0 costmap=255 NO_INFORMATION int8=-1 raw=255 NO_INFORMATION
[frontier_explorer-13] [INFO] [1785968250.107017549] [robot_0.frontier_explorer]: [robot_0] start probe 1/3 (-5.14, 0.04) -> START_OK error_code=0 planning_time=0.000s poses=2 costmap=0 FREE raw=0 FREE
[frontier_explorer-13] [WARN] [1785968250.107521248] [robot_0.frontier_explorer]: [robot_0] frontier (-3.74, -0.08) unplannable — retiring until map #190 (now #180, TTL 10 maps); start probe cleared the robot pose, so the GOAL is at fault
[planner_server-4] [WARN] [1785968250.127297144] [robot_0.planner_server]:  plugin failed to plan from (-4.69, -0.26) to (-5.32, -1.31): "Failed to create plan with tolerance of: 0.500000"
[planner_server-4] [WARN] [1785968250.127347514] [robot_0.planner_server]: [compute_path_to_pose] [ActionServer] Aborting handle.
[frontier_explorer-13] [INFO] [1785968250.207396375] [robot_0.frontier_explorer]: [robot_0] precheck cand#1 (-5.32, -1.31) -> UNREACHABLE error_code=208 planning_time=0.000s poses=0 costmap=0 FREE raw=0 FREE
[frontier_explorer-13] [WARN] [1785968250.207869062] [robot_0.frontier_explorer]: [robot_0] frontier (-5.32, -1.31) unplannable — retiring until map #190 (now #180, TTL 10 maps); start probe cleared the robot pose, so the GOAL is at fault
[planner_server-4] [WARN] [1785968250.221554651] [robot_0.planner_server]:  plugin failed to plan from (-4.69, -0.26) to (-6.41, -0.01): "Failed to create plan with tolerance of: 0.500000"
[planner_server-4] [WARN] [1785968250.221618736] [robot_0.planner_server]: [compute_path_to_pose] [ActionServer] Aborting handle.
[frontier_explorer-13] [INFO] [1785968250.269631049] [robot_0.frontier_explorer]: [robot_0] precheck cand#2 (-6.41, -0.01) -> UNREACHABLE error_code=208 planning_time=0.000s poses=0 costmap=100 COST raw=254 LETHAL
[frontier_explorer-13] [WARN] [1785968250.270645864] [robot_0.frontier_explorer]: [robot_0] frontier (-6.41, -0.01) unplannable — retiring until map #190 (now #180, TTL 10 maps); start probe cleared the robot pose, so the GOAL is at fault
[planner_server-4] [WARN] [1785968250.277605643] [robot_0.planner_server]:  plugin failed to plan from (-4.69, -0.26) to (-6.64, -0.63): "Failed to create plan with tolerance of: 0.500000"
[planner_server-4] [WARN] [1785968250.277663100] [robot_0.planner_server]: [compute_path_to_pose] [ActionServer] Aborting handle.
[frontier_explorer-13] [INFO] [1785968250.318564977] [robot_0.frontier_explorer]: [robot_0] precheck cand#3 (-6.64, -0.63) -> UNREACHABLE error_code=208 planning_time=0.000s poses=0 costmap=99 COST raw=253 INSCRIBED_INFLATED
[frontier_explorer-13] [WARN] [1785968250.319033744] [robot_0.frontier_explorer]: [robot_0] frontier (-6.64, -0.63) unplannable — retiring until map #190 (now #180, TTL 10 maps); start probe cleared the robot pose, so the GOAL is at fault
[planner_server-4] [WARN] [1785968250.326571066] [robot_0.planner_server]:  plugin failed to plan from (-4.69, -0.26) to (-6.24, -1.96): "Failed to create plan with tolerance of: 0.500000"
[planner_server-4] [WARN] [1785968250.326627703] [robot_0.planner_server]: [compute_path_to_pose] [ActionServer] Aborting handle.
[frontier_explorer-13] [INFO] [1785968250.368715238] [robot_0.frontier_explorer]: [robot_0] precheck cand#4 (-6.24, -1.96) -> UNREACHABLE error_code=208 planning_time=0.000s poses=0 costmap=99 COST raw=253 INSCRIBED_INFLATED
[frontier_explorer-13] [WARN] [1785968250.375738568] [robot_0.frontier_explorer]: [robot_0] frontier (-6.24, -1.96) unplannable — retiring until map #190 (now #180, TTL 10 maps); start probe cleared the robot pose, so the GOAL is at fault
[planner_server-4] [WARN] [1785968250.384114061] [robot_0.planner_server]:  plugin failed to plan from (-4.69, -0.26) to (-5.19, -2.90): "Failed to create plan with tolerance of: 0.500000"
[planner_server-4] [WARN] [1785968250.384165224] [robot_0.planner_server]: [compute_path_to_pose] [ActionServer] Aborting handle.
[frontier_explorer-13] [INFO] [1785968250.431885345] [robot_0.frontier_explorer]: [robot_0] precheck cand#5 (-5.19, -2.90) -> UNREACHABLE error_code=208 planning_time=0.000s poses=0 costmap=255 NO_INFORMATION int8=-1 raw=255 NO_INFORMATION
[frontier_explorer-13] [WARN] [1785968250.432394447] [robot_0.frontier_explorer]: [robot_0] frontier (-5.19, -2.90) unplannable — retiring until map #190 (now #180, TTL 10 maps); start probe cleared the robot pose, so the GOAL is at fault
[planner_server-4] [WARN] [1785968250.438482164] [robot_0.planner_server]:  plugin failed to plan from (-4.69, -0.26) to (-5.98, 2.27): "Failed to create plan with tolerance of: 0.500000"
[planner_server-4] [WARN] [1785968250.439507084] [robot_0.planner_server]: [compute_path_to_pose] [ActionServer] Aborting handle.
[frontier_explorer-13] [INFO] [1785968250.485125584] [robot_0.frontier_explorer]: [robot_0] precheck cand#6 (-5.98, 2.27) -> UNREACHABLE error_code=208 planning_time=0.000s poses=0 costmap=0 FREE raw=0 FREE
[frontier_explorer-13] [WARN] [1785968250.487681873] [robot_0.frontier_explorer]: [robot_0] frontier (-5.98, 2.27) unplannable — retiring until map #190 (now #180, TTL 10 maps); start probe cleared the robot pose, so the GOAL is at fault
[planner_server-4] [WARN] [1785968250.491103504] [robot_0.planner_server]:  plugin failed to plan from (-4.69, -0.26) to (-5.17, -3.11): "Failed to create plan with tolerance of: 0.500000"
[planner_server-4] [WARN] [1785968250.491255092] [robot_0.planner_server]: [compute_path_to_pose] [ActionServer] Aborting handle.
[frontier_explorer-13] [INFO] [1785968250.539000258] [robot_0.frontier_explorer]: [robot_0] precheck cand#7 (-5.17, -3.11) -> UNREACHABLE error_code=208 planning_time=0.000s poses=0 costmap=99 COST raw=253 INSCRIBED_INFLATED
[frontier_explorer-13] [WARN] [1785968250.540851557] [robot_0.frontier_explorer]: [robot_0] frontier (-5.17, -3.11) unplannable — retiring until map #190 (now #180, TTL 10 maps); start probe cleared the robot pose, so the GOAL is at fault
[planner_server-4] [WARN] [1785968250.560699057] [robot_0.planner_server]:  plugin failed to plan from (-4.69, -0.26) to (-6.75, -2.36): "Failed to create plan with tolerance of: 0.500000"
[planner_server-4] [WARN] [1785968250.560748494] [robot_0.planner_server]: [compute_path_to_pose] [ActionServer] Aborting handle.
[frontier_explorer-13] [INFO] [1785968250.600805167] [robot_0.frontier_explorer]: [robot_0] precheck cand#8 (-6.75, -2.36) -> UNREACHABLE error_code=208 planning_time=0.000s poses=0 costmap=88 COST raw=228 COST
[frontier_explorer-13] [WARN] [1785968250.601267136] [robot_0.frontier_explorer]: [robot_0] frontier (-6.75, -2.36) unplannable — retiring until map #190 (now #180, TTL 10 maps); start probe cleared the robot pose, so the GOAL is at fault
[planner_server-4] [WARN] [1785968250.604020346] [robot_0.planner_server]:  plugin failed to plan from (-4.69, -0.26) to (-1.17, 0.28): "Failed to create plan with tolerance of: 0.500000"
[planner_server-4] [WARN] [1785968250.605132129] [robot_0.planner_server]: [compute_path_to_pose] [ActionServer] Aborting handle.
[frontier_explorer-13] [INFO] [1785968250.658325913] [robot_0.frontier_explorer]: [robot_0] precheck cand#9 (-1.17, 0.28) -> UNREACHABLE error_code=208 planning_time=0.000s poses=0 costmap=255 NO_INFORMATION int8=-1 raw=255 NO_INFORMATION
[frontier_explorer-13] [WARN] [1785968250.666233378] [robot_0.frontier_explorer]: [robot_0] frontier (-1.17, 0.28) unplannable — retiring until map #190 (now #180, TTL 10 maps); start probe cleared the robot pose, so the GOAL is at fault
[planner_server-4] [WARN] [1785968250.669473650] [robot_0.planner_server]:  plugin failed to plan from (-4.69, -0.26) to (-5.31, 3.68): "Failed to create plan with tolerance of: 0.500000"
[planner_server-4] [WARN] [1785968250.669532842] [robot_0.planner_server]: [compute_path_to_pose] [ActionServer] Aborting handle.
[frontier_explorer-13] [INFO] [1785968250.711946517] [robot_0.frontier_explorer]: [robot_0] precheck cand#10 (-5.31, 3.68) -> UNREACHABLE error_code=208 planning_time=0.000s poses=0 costmap=99 COST raw=253 INSCRIBED_INFLATED
[frontier_explorer-13] [WARN] [1785968250.712492721] [robot_0.frontier_explorer]: [robot_0] frontier (-5.31, 3.68) unplannable — retiring until map #190 (now #180, TTL 10 maps); start probe cleared the robot pose, so the GOAL is at fault
[planner_server-4] [WARN] [1785968250.713829636] [robot_0.planner_server]:  plugin failed to plan from (-4.69, -0.26) to (-5.03, -4.30): "Failed to create plan with tolerance of: 0.500000"
[planner_server-4] [WARN] [1785968250.713871493] [robot_0.planner_server]: [compute_path_to_pose] [ActionServer] Aborting handle.
[frontier_explorer-13] [INFO] [1785968250.770806236] [robot_0.frontier_explorer]: [robot_0] precheck cand#11 (-5.03, -4.30) -> UNREACHABLE error_code=208 planning_time=0.000s poses=0 costmap=91 COST raw=234 COST
[frontier_explorer-13] [WARN] [1785968250.771297797] [robot_0.frontier_explorer]: [robot_0] frontier (-5.03, -4.30) unplannable — retiring until map #190 (now #180, TTL 10 maps); start probe cleared the robot pose, so the GOAL is at fault
[frontier_explorer-13] [INFO] [1785968250.782178534] [robot_0.frontier_explorer]: [robot_0] no reachable frontier: probed 12 of 22 candidates (0 inconclusive, stopped by probe cap 12, 10 unexamined) — deferring to a fresher map
[frontier_explorer-13] [WARN] [1785968250.782927604] [robot_0.frontier_explorer]: [robot_0] escape #1/3 from inflation pocket (-4.74, -0.25) -> (-5.29, -0.02): heading 157.5 deg, 0.60 m, cheapest of 8/16 drivable directions (ray cost 391, samples 208,183,0,0,0,0,0,0,0,0,0,0); at the pose raw=253 INSCRIBED_INFLATED, at the target raw=0 FREE. Displacement only: no frontier is judged by this.
[frontier_explorer-13] [INFO] [1785968250.794178423] [robot_0.frontier_explorer]: Navigating to goal: -5.294650320262979 -0.021246000683247612...
[bt_navigator-7] [INFO] [1785968250.798756146] [robot_0.bt_navigator]: Begin navigating from current location (-4.69, -0.26) to (-5.29, -0.02)
[planner_server-4] [WARN] [1785968250.808235645] [robot_0.planner_server]: GridBased plugin failed to plan from (-4.69, -0.26) to (-5.29, -0.02): "Failed to create plan with tolerance of: 0.500000"
[planner_server-4] [WARN] [1785968250.808306061] [robot_0.planner_server]: [compute_path_to_pose] [ActionServer] Aborting handle.
[planner_server-4] [INFO] [1785968250.812259324] [robot_0.global_costmap.global_costmap]: Received request to clear entirely the global_costmap
[planner_server-4] [WARN] [1785968251.594049683] [robot_0.planner_server]: GridBased plugin failed to plan from (-4.69, -0.26) to (-5.29, -0.02): "Failed to create plan with tolerance of: 0.500000"
[planner_server-4] [WARN] [1785968251.594103597] [robot_0.planner_server]: [compute_path_to_pose] [ActionServer] Aborting handle.
[controller_server-2] [INFO] [1785968251.614968785] [robot_0.local_costmap.local_costmap]: Received request to clear entirely the local_costmap
[planner_server-4] [INFO] [1785968251.619887680] [robot_0.global_costmap.global_costmap]: Received request to clear entirely the global_costmap
[planner_server-4] [WARN] [1785968252.593623188] [robot_0.planner_server]: GridBased plugin failed to plan from (-4.69, -0.26) to (-5.29, -0.02): "Failed to create plan with tolerance of: 0.500000"
[planner_server-4] [WARN] [1785968252.593702761] [robot_0.planner_server]: [compute_path_to_pose] [ActionServer] Aborting handle.
[planner_server-4] [INFO] [1785968252.612834333] [robot_0.global_costmap.global_costmap]: Received request to clear entirely the global_costmap
[planner_server-4] [WARN] [1785968253.600856849] [robot_0.planner_server]: GridBased plugin failed to plan from (-4.69, -0.26) to (-5.29, -0.02): "Failed to create plan with tolerance of: 0.500000"
[planner_server-4] [WARN] [1785968253.600909928] [robot_0.planner_server]: [compute_path_to_pose] [ActionServer] Aborting handle.
[behavior_server-6] [INFO] [1785968253.626306400] [robot_0.behavior_server]: Running spin
[behavior_server-6] [INFO] [1785968253.626396022] [robot_0.behavior_server]: Turning 1.57 for spin behavior.
[frontier_explorer-13] [INFO] [1785968253.972980965] [robot_0.frontier_explorer]: [robot_0] escape #1 navigating (sim 3s, wall 3s)
[behavior_server-6] [INFO] [1785968255.826606934] [robot_0.behavior_server]: spin completed successfully
[planner_server-4] [WARN] [1785968255.860036349] [robot_0.planner_server]: GridBased plugin failed to plan from (-4.69, -0.26) to (-5.29, -0.02): "Failed to create plan with tolerance of: 0.500000"
[planner_server-4] [WARN] [1785968255.860095477] [robot_0.planner_server]: [compute_path_to_pose] [ActionServer] Aborting handle.
[planner_server-4] [INFO] [1785968255.885387408] [robot_0.global_costmap.global_costmap]: Received request to clear entirely the global_costmap
[planner_server-4] [WARN] [1785968256.599828456] [robot_0.planner_server]: GridBased plugin failed to plan from (-4.69, -0.26) to (-5.29, -0.02): "Failed to create plan with tolerance of: 0.500000"
[planner_server-4] [WARN] [1785968256.599881223] [robot_0.planner_server]: [compute_path_to_pose] [ActionServer] Aborting handle.
[behavior_server-6] [INFO] [1785968256.625253660] [robot_0.behavior_server]: Running wait
[frontier_explorer-13] [INFO] [1785968259.098158651] [robot_0.frontier_explorer]: [robot_0] escape #1 navigating (sim 7s, wall 8s)
[behavior_server-6] [INFO] [1785968261.925468054] [robot_0.behavior_server]: wait completed successfully
[planner_server-4] [WARN] [1785968261.942571991] [robot_0.planner_server]: GridBased plugin failed to plan from (-4.69, -0.26) to (-5.29, -0.02): "Failed to create plan with tolerance of: 0.500000"
[planner_server-4] [WARN] [1785968261.942619785] [robot_0.planner_server]: [compute_path_to_pose] [ActionServer] Aborting handle.
[planner_server-4] [INFO] [1785968261.949433391] [robot_0.global_costmap.global_costmap]: Received request to clear entirely the global_costmap
[planner_server-4] [WARN] [1785968262.596509469] [robot_0.planner_server]: GridBased plugin failed to plan from (-4.69, -0.26) to (-5.29, -0.02): "Failed to create plan with tolerance of: 0.500000"
[planner_server-4] [WARN] [1785968262.596564563] [robot_0.planner_server]: [compute_path_to_pose] [ActionServer] Aborting handle.
[behavior_server-6] [INFO] [1785968262.615441843] [robot_0.behavior_server]: Running backup
[frontier_explorer-13] [INFO] [1785968264.185994502] [robot_0.frontier_explorer]: [robot_0] escape #1 navigating (sim 12s, wall 13s)
[behavior_server-6] [INFO] [1785968265.017260377] [robot_0.behavior_server]: backup completed successfully
[controller_server-2] [INFO] [1785968265.060057546] [robot_0.controller_server]: Received a goal, begin computing control effort.
[controller_server-2] [INFO] [1785968266.110772862] [robot_0.controller_server]: Passing new path to controller.
[controller_server-2] [INFO] [1785968267.160999362] [robot_0.controller_server]: Passing new path to controller.
[controller_server-2] [WARN] [1785968267.263705802] [robot_0.controller_server]: Control loop missed its desired rate of 20.0000 Hz. Current loop rate is inf Hz.
[controller_server-2] [WARN] [1785968267.383395715] [robot_0.controller_server]: Control loop missed its desired rate of 20.0000 Hz. Current loop rate is 14.2857 Hz.
[controller_server-2] [WARN] [1785968267.494498056] [robot_0.controller_server]: Control loop missed its desired rate of 20.0000 Hz. Current loop rate is 33.3333 Hz.
[controller_server-2] [WARN] [1785968267.621259578] [robot_0.controller_server]: Control loop missed its desired rate of 20.0000 Hz. Current loop rate is 33.3333 Hz.
[controller_server-2] [WARN] [1785968267.762691328] [robot_0.controller_server]: Control loop missed its desired rate of 20.0000 Hz. Current loop rate is 25.0000 Hz.
[controller_server-2] [WARN] [1785968267.815496761] [robot_0.controller_server]: Control loop missed its desired rate of 20.0000 Hz. Current loop rate is 33.3333 Hz.
[controller_server-2] [WARN] [1785968267.935922145] [robot_0.controller_server]: Control loop missed its desired rate of 20.0000 Hz. Current loop rate is inf Hz.
[controller_server-2] [INFO] [1785968268.187868458] [robot_0.controller_server]: Passing new path to controller.
[controller_server-2] [WARN] [1785968268.309384391] [robot_0.controller_server]: Control loop missed its desired rate of 20.0000 Hz. Current loop rate is 33.3333 Hz.
[controller_server-2] [WARN] [1785968268.446688168] [robot_0.controller_server]: Control loop missed its desired rate of 20.0000 Hz. Current loop rate is 50.0000 Hz.
[controller_server-2] [WARN] [1785968268.570606405] [robot_0.controller_server]: Control loop missed its desired rate of 20.0000 Hz. Current loop rate is 25.0000 Hz.
[controller_server-2] [WARN] [1785968268.707764229] [robot_0.controller_server]: Control loop missed its desired rate of 20.0000 Hz. Current loop rate is 25.0000 Hz.
[controller_server-2] [WARN] [1785968268.781431250] [robot_0.controller_server]: Control loop missed its desired rate of 20.0000 Hz. Current loop rate is 25.0000 Hz.
[controller_server-2] [WARN] [1785968268.859678235] [robot_0.controller_server]: Control loop missed its desired rate of 20.0000 Hz. Current loop rate is 50.0000 Hz.
[controller_server-2] [WARN] [1785968268.991609529] [robot_0.controller_server]: Control loop missed its desired rate of 20.0000 Hz. Current loop rate is 50.0000 Hz.
[controller_server-2] [WARN] [1785968269.121210098] [robot_0.controller_server]: Control loop missed its desired rate of 20.0000 Hz. Current loop rate is 100.0000 Hz.
[controller_server-2] [WARN] [1785968269.177673664] [robot_0.controller_server]: Control loop missed its desired rate of 20.0000 Hz. Current loop rate is 33.3333 Hz.
[controller_server-2] [INFO] [1785968269.228883927] [robot_0.controller_server]: Passing new path to controller.
[frontier_explorer-13] [INFO] [1785968269.318575974] [robot_0.frontier_explorer]: [robot_0] escape #1 navigating (sim 16s, wall 18s)
[controller_server-2] [INFO] [1785968270.227846286] [robot_0.controller_server]: Passing new path to controller.
[controller_server-2] [INFO] [1785968271.281193262] [robot_0.controller_server]: Passing new path to controller.
[controller_server-2] [INFO] [1785968272.277860870] [robot_0.controller_server]: Passing new path to controller.
[controller_server-2] [WARN] [1785968273.295249042] [robot_0.controller_server]: Control loop missed its desired rate of 20.0000 Hz. Current loop rate is 33.3333 Hz.
[controller_server-2] [INFO] [1785968273.345511685] [robot_0.controller_server]: Passing new path to controller.
[controller_server-2] [WARN] [1785968273.480824129] [robot_0.controller_server]: Control loop missed its desired rate of 20.0000 Hz. Current loop rate is 20.0000 Hz.
[controller_server-2] [WARN] [1785968273.619956853] [robot_0.controller_server]: Control loop missed its desired rate of 20.0000 Hz. Current loop rate is 50.0000 Hz.
[controller_server-2] [WARN] [1785968273.758817120] [robot_0.controller_server]: Control loop missed its desired rate of 20.0000 Hz. Current loop rate is 20.0000 Hz.
[controller_server-2] [WARN] [1785968273.881354012] [robot_0.controller_server]: Control loop missed its desired rate of 20.0000 Hz. Current loop rate is 20.0000 Hz.
[controller_server-2] [WARN] [1785968274.030277158] [robot_0.controller_server]: Control loop missed its desired rate of 20.0000 Hz. Current loop rate is 25.0000 Hz.
[controller_server-2] [WARN] [1785968274.104995106] [robot_0.controller_server]: Control loop missed its desired rate of 20.0000 Hz. Current loop rate is 50.0000 Hz.
[controller_server-2] [WARN] [1785968274.217195198] [robot_0.controller_server]: Control loop missed its desired rate of 20.0000 Hz. Current loop rate is 50.0000 Hz.
[controller_server-2] [INFO] [1785968274.369062005] [robot_0.controller_server]: Passing new path to controller.
[frontier_explorer-13] [INFO] [1785968274.431186288] [robot_0.frontier_explorer]: [robot_0] escape #1 navigating (sim 20s, wall 24s)
[controller_server-2] [INFO] [1785968274.984778506] [robot_0.controller_server]: Reached the goal!
[bt_navigator-7] [INFO] [1785968275.015198759] [robot_0.bt_navigator]: Goal succeeded
[frontier_explorer-13] [WARN] [1785968275.050216302] [robot_0.frontier_explorer]: [robot_0] escape #1 END outcome=ESCAPE nav2=SUCCEEDED pose=(-5.08, -0.10) moved=0.37m now raw=0 FREE (was raw=253 INSCRIBED_INFLATED). Not counted as a goal.
[frontier_explorer-13] [INFO] [1785968277.152951798] [robot_0.frontier_explorer]: [robot_0] precheck cand#0 (-4.74, -0.48) -> REACHABLE error_code=0 planning_time=0.000s poses=21 costmap=99 COST raw=253 INSCRIBED_INFLATED
[frontier_explorer-13] [INFO] [1785968277.157402554] [robot_0.frontier_explorer]: [robot_0] goal #21 -> (-4.74, -0.48) [6 cells, frontier (-4.74, -0.48), 0.51 m away]
[frontier_explorer-13] [INFO] [1785968277.171339854] [robot_0.frontier_explorer]: Navigating to goal: -4.742050839436197 -0.48180873418262316...
[bt_navigator-7] [INFO] [1785968277.180073510] [robot_0.bt_navigator]: Begin navigating from current location (-5.08, -0.10) to (-4.74, -0.48)
[controller_server-2] [INFO] [1785968277.195572430] [robot_0.controller_server]: Received a goal, begin computing control effort.
[controller_server-2] [INFO] [1785968278.246045158] [robot_0.controller_server]: Passing new path to controller.
[controller_server-2] [WARN] [1785968278.402220502] [robot_0.controller_server]: Control loop missed its desired rate of 20.0000 Hz. Current loop rate is 50.0000 Hz.
[controller_server-2] [WARN] [1785968278.521465015] [robot_0.controller_server]: Control loop missed its desired rate of 20.0000 Hz. Current loop rate is 50.0000 Hz.
[controller_server-2] [WARN] [1785968278.694571844] [robot_0.controller_server]: Control loop missed its desired rate of 20.0000 Hz. Current loop rate is 50.0000 Hz.
[controller_server-2] [WARN] [1785968278.762335435] [robot_0.controller_server]: Control loop missed its desired rate of 20.0000 Hz. Current loop rate is 50.0000 Hz.
[controller_server-2] [WARN] [1785968278.863104986] [robot_0.controller_server]: Control loop missed its desired rate of 20.0000 Hz. Current loop rate is 25.0000 Hz.
[controller_server-2] [WARN] [1785968278.915123384] [robot_0.controller_server]: Control loop missed its desired rate of 20.0000 Hz. Current loop rate is 100.0000 Hz.
[controller_server-2] [WARN] [1785968279.004708383] [robot_0.controller_server]: Control loop missed its desired rate of 20.0000 Hz. Current loop rate is 33.3333 Hz.
[controller_server-2] [WARN] [1785968279.170444124] [robot_0.controller_server]: Control loop missed its desired rate of 20.0000 Hz. Current loop rate is 33.3333 Hz.
[controller_server-2] [WARN] [1785968279.244896469] [robot_0.controller_server]: Control loop missed its desired rate of 20.0000 Hz. Current loop rate is 50.0000 Hz.
[controller_server-2] [INFO] [1785968279.319491179] [robot_0.controller_server]: Passing new path to controller.
[frontier_explorer-13] [INFO] [1785968279.478236247] [robot_0.frontier_explorer]: [robot_0] goal #21 navigating (sim 1s, wall 2s)
[controller_server-2] [INFO] [1785968280.322368880] [robot_0.controller_server]: Passing new path to controller.
[controller_server-2] [INFO] [1785968281.371971394] [robot_0.controller_server]: Passing new path to controller.
[controller_server-2] [INFO] [1785968281.579908800] [robot_0.controller_server]: Reached the goal!
[bt_navigator-7] [INFO] [1785968281.608056516] [robot_0.bt_navigator]: Goal succeeded
[frontier_explorer-13] [INFO] [1785968281.658756449] [robot_0.frontier_explorer]: [robot_0] goal #21 END frontier=(-4.74, -0.48) outcome=SUCCEEDED sim=3.7s wall=4.5s net=0.50m blacklisted=False
[planner_server-4] [WARN] [1785968281.712783759] [robot_0.planner_server]:  plugin failed to plan from (-4.64, -0.34) to (-4.94, -0.96): "Failed to create plan with tolerance of: 0.500000"
[planner_server-4] [WARN] [1785968281.713153898] [robot_0.planner_server]: [compute_path_to_pose] [ActionServer] Aborting handle.
[frontier_explorer-13] [INFO] [1785968281.754759884] [robot_0.frontier_explorer]: [robot_0] precheck cand#0 (-4.94, -0.96) -> UNREACHABLE error_code=208 planning_time=0.000s poses=0 costmap=76 COST raw=196 COST
[frontier_explorer-13] [INFO] [1785968281.801873349] [robot_0.frontier_explorer]: [robot_0] start probe 1/3 (-4.89, 0.09) -> START_OK error_code=0 planning_time=0.000s poses=2 costmap=0 FREE raw=0 FREE
[frontier_explorer-13] [WARN] [1785968281.806585989] [robot_0.frontier_explorer]: [robot_0] frontier (-4.94, -0.96) unplannable — retiring until map #206 (now #196, TTL 10 maps); start probe cleared the robot pose, so the GOAL is at fault
[planner_server-4] [WARN] [1785968281.814560254] [robot_0.planner_server]:  plugin failed to plan from (-4.64, -0.34) to (-3.68, -0.12): "Failed to create plan with tolerance of: 0.500000"
[planner_server-4] [WARN] [1785968281.814613820] [robot_0.planner_server]: [compute_path_to_pose] [ActionServer] Aborting handle.
[frontier_explorer-13] [INFO] [1785968281.853338229] [robot_0.frontier_explorer]: [robot_0] precheck cand#1 (-3.68, -0.12) -> UNREACHABLE error_code=208 planning_time=0.000s poses=0 costmap=255 NO_INFORMATION int8=-1 raw=255 NO_INFORMATION
[frontier_explorer-13] [WARN] [1785968281.872784834] [robot_0.frontier_explorer]: [robot_0] frontier (-3.68, -0.12) unplannable — retiring until map #206 (now #196, TTL 10 maps); start probe cleared the robot pose, so the GOAL is at fault
[planner_server-4] [WARN] [1785968281.880666314] [robot_0.planner_server]:  plugin failed to plan from (-4.64, -0.34) to (-6.41, -0.01): "Failed to create plan with tolerance of: 0.500000"
[planner_server-4] [WARN] [1785968281.880715090] [robot_0.planner_server]: [compute_path_to_pose] [ActionServer] Aborting handle.
[frontier_explorer-13] [INFO] [1785968281.921620100] [robot_0.frontier_explorer]: [robot_0] precheck cand#2 (-6.41, -0.01) -> UNREACHABLE error_code=208 planning_time=0.000s poses=0 costmap=99 COST raw=253 INSCRIBED_INFLATED
[frontier_explorer-13] [WARN] [1785968281.922127498] [robot_0.frontier_explorer]: [robot_0] frontier (-6.41, -0.01) unplannable — retiring until map #206 (now #196, TTL 10 maps); start probe cleared the robot pose, so the GOAL is at fault
[planner_server-4] [WARN] [1785968281.928047857] [robot_0.planner_server]:  plugin failed to plan from (-4.64, -0.34) to (-5.54, -1.92): "Failed to create plan with tolerance of: 0.500000"
[planner_server-4] [WARN] [1785968281.928102348] [robot_0.planner_server]: [compute_path_to_pose] [ActionServer] Aborting handle.
[frontier_explorer-13] [INFO] [1785968281.979597138] [robot_0.frontier_explorer]: [robot_0] precheck cand#3 (-5.54, -1.92) -> UNREACHABLE error_code=208 planning_time=0.000s poses=0 costmap=0 FREE raw=0 FREE
[frontier_explorer-13] [WARN] [1785968281.981395004] [robot_0.frontier_explorer]: [robot_0] frontier (-5.54, -1.92) unplannable — retiring until map #206 (now #196, TTL 10 maps); start probe cleared the robot pose, so the GOAL is at fault
[planner_server-4] [WARN] [1785968281.995709817] [robot_0.planner_server]:  plugin failed to plan from (-4.64, -0.34) to (-6.64, -0.63): "Failed to create plan with tolerance of: 0.500000"
[planner_server-4] [WARN] [1785968281.995761585] [robot_0.planner_server]: [compute_path_to_pose] [ActionServer] Aborting handle.
[frontier_explorer-13] [INFO] [1785968282.034643170] [robot_0.frontier_explorer]: [robot_0] precheck cand#4 (-6.64, -0.63) -> UNREACHABLE error_code=208 planning_time=0.000s poses=0 costmap=99 COST raw=253 INSCRIBED_INFLATED
[frontier_explorer-13] [WARN] [1785968282.035118255] [robot_0.frontier_explorer]: [robot_0] frontier (-6.64, -0.63) unplannable — retiring until map #206 (now #196, TTL 10 maps); start probe cleared the robot pose, so the GOAL is at fault
[planner_server-4] [WARN] [1785968282.040790713] [robot_0.planner_server]:  plugin failed to plan from (-4.64, -0.34) to (-6.24, -1.96): "Failed to create plan with tolerance of: 0.500000"
[planner_server-4] [WARN] [1785968282.046976366] [robot_0.planner_server]: [compute_path_to_pose] [ActionServer] Aborting handle.
[frontier_explorer-13] [INFO] [1785968282.106650560] [robot_0.frontier_explorer]: [robot_0] precheck cand#5 (-6.24, -1.96) -> UNREACHABLE error_code=208 planning_time=0.000s poses=0 costmap=99 COST raw=253 INSCRIBED_INFLATED
[frontier_explorer-13] [WARN] [1785968282.107222504] [robot_0.frontier_explorer]: [robot_0] frontier (-6.24, -1.96) unplannable — retiring until map #206 (now #196, TTL 10 maps); start probe cleared the robot pose, so the GOAL is at fault
[planner_server-4] [WARN] [1785968282.114135715] [robot_0.planner_server]:  plugin failed to plan from (-4.64, -0.34) to (-5.19, -2.90): "Failed to create plan with tolerance of: 0.500000"
[planner_server-4] [WARN] [1785968282.114188476] [robot_0.planner_server]: [compute_path_to_pose] [ActionServer] Aborting handle.
[frontier_explorer-13] [INFO] [1785968282.157472411] [robot_0.frontier_explorer]: [robot_0] precheck cand#6 (-5.19, -2.90) -> UNREACHABLE error_code=208 planning_time=0.000s poses=0 costmap=91 COST raw=234 COST
[frontier_explorer-13] [WARN] [1785968282.157951143] [robot_0.frontier_explorer]: [robot_0] frontier (-5.19, -2.90) unplannable — retiring until map #206 (now #196, TTL 10 maps); start probe cleared the robot pose, so the GOAL is at fault
[planner_server-4] [WARN] [1785968282.165284874] [robot_0.planner_server]:  plugin failed to plan from (-4.64, -0.34) to (-6.67, -2.28): "Failed to create plan with tolerance of: 0.500000"
[planner_server-4] [WARN] [1785968282.165332025] [robot_0.planner_server]: [compute_path_to_pose] [ActionServer] Aborting handle.
[frontier_explorer-13] [INFO] [1785968282.219746364] [robot_0.frontier_explorer]: [robot_0] precheck cand#7 (-6.67, -2.28) -> UNREACHABLE error_code=208 planning_time=0.000s poses=0 costmap=99 COST raw=253 INSCRIBED_INFLATED
[frontier_explorer-13] [WARN] [1785968282.231455991] [robot_0.frontier_explorer]: [robot_0] frontier (-6.67, -2.28) unplannable — retiring until map #206 (now #196, TTL 10 maps); start probe cleared the robot pose, so the GOAL is at fault
[planner_server-4] [WARN] [1785968282.244352689] [robot_0.planner_server]:  plugin failed to plan from (-4.64, -0.34) to (-5.17, -3.11): "Failed to create plan with tolerance of: 0.500000"
[planner_server-4] [WARN] [1785968282.244405873] [robot_0.planner_server]: [compute_path_to_pose] [ActionServer] Aborting handle.
[frontier_explorer-13] [INFO] [1785968282.290306411] [robot_0.frontier_explorer]: [robot_0] precheck cand#8 (-5.17, -3.11) -> UNREACHABLE error_code=208 planning_time=0.000s poses=0 costmap=99 COST raw=253 INSCRIBED_INFLATED
[frontier_explorer-13] [WARN] [1785968282.291763476] [robot_0.frontier_explorer]: [robot_0] frontier (-5.17, -3.11) unplannable — retiring until map #206 (now #196, TTL 10 maps); start probe cleared the robot pose, so the GOAL is at fault
[planner_server-4] [WARN] [1785968282.308159738] [robot_0.planner_server]:  plugin failed to plan from (-4.64, -0.34) to (-5.98, 2.30): "Failed to create plan with tolerance of: 0.500000"
[planner_server-4] [WARN] [1785968282.308212612] [robot_0.planner_server]: [compute_path_to_pose] [ActionServer] Aborting handle.
[frontier_explorer-13] [INFO] [1785968282.364723160] [robot_0.frontier_explorer]: [robot_0] precheck cand#9 (-5.98, 2.30) -> UNREACHABLE error_code=208 planning_time=0.000s poses=0 costmap=0 FREE raw=0 FREE
[frontier_explorer-13] [WARN] [1785968282.366727151] [robot_0.frontier_explorer]: [robot_0] frontier (-5.98, 2.30) unplannable — retiring until map #206 (now #196, TTL 10 maps); start probe cleared the robot pose, so the GOAL is at fault
[planner_server-4] [WARN] [1785968282.374600945] [robot_0.planner_server]:  plugin failed to plan from (-4.64, -0.34) to (-7.00, -2.71): "Failed to create plan with tolerance of: 0.500000"
[planner_server-4] [WARN] [1785968282.374650600] [robot_0.planner_server]: [compute_path_to_pose] [ActionServer] Aborting handle.
[frontier_explorer-13] [INFO] [1785968282.425135480] [robot_0.frontier_explorer]: [robot_0] precheck cand#10 (-7.00, -2.71) -> UNREACHABLE error_code=208 planning_time=0.000s poses=0 costmap=99 COST raw=253 INSCRIBED_INFLATED
[frontier_explorer-13] [WARN] [1785968282.428619334] [robot_0.frontier_explorer]: [robot_0] frontier (-7.00, -2.71) unplannable — retiring until map #206 (now #196, TTL 10 maps); start probe cleared the robot pose, so the GOAL is at fault
[planner_server-4] [WARN] [1785968282.433851445] [robot_0.planner_server]:  plugin failed to plan from (-4.64, -0.34) to (-3.96, 2.94): "Failed to create plan with tolerance of: 0.500000"
[planner_server-4] [WARN] [1785968282.434714038] [robot_0.planner_server]: [compute_path_to_pose] [ActionServer] Aborting handle.
[frontier_explorer-13] [INFO] [1785968282.477666312] [robot_0.frontier_explorer]: [robot_0] precheck cand#11 (-3.96, 2.94) -> UNREACHABLE error_code=208 planning_time=0.000s poses=0 costmap=99 COST raw=253 INSCRIBED_INFLATED
[frontier_explorer-13] [WARN] [1785968282.484420482] [robot_0.frontier_explorer]: [robot_0] frontier (-3.96, 2.94) unplannable — retiring until map #206 (now #196, TTL 10 maps); start probe cleared the robot pose, so the GOAL is at fault
[frontier_explorer-13] [INFO] [1785968282.484839445] [robot_0.frontier_explorer]: [robot_0] no reachable frontier: probed 12 of 25 candidates (0 inconclusive, stopped by probe cap 12, 13 unexamined) — deferring to a fresher map
[frontier_explorer-13] [INFO] [1785968282.485341388] [robot_0.frontier_explorer]: [robot_0] waiting for map update (0.0 sim s)
[planner_server-4] [WARN] [1785968285.184085837] [robot_0.planner_server]:  plugin failed to plan from (-4.64, -0.34) to (-1.17, 0.28): "Failed to create plan with tolerance of: 0.500000"
[planner_server-4] [WARN] [1785968285.184155078] [robot_0.planner_server]: [compute_path_to_pose] [ActionServer] Aborting handle.
[frontier_explorer-13] [INFO] [1785968285.227962738] [robot_0.frontier_explorer]: [robot_0] precheck cand#0 (-1.17, 0.28) -> UNREACHABLE error_code=208 planning_time=0.000s poses=0 costmap=255 NO_INFORMATION int8=-1 raw=255 NO_INFORMATION
[frontier_explorer-13] [INFO] [1785968285.276480466] [robot_0.frontier_explorer]: [robot_0] start probe 1/3 (-4.89, 0.09) -> START_OK error_code=0 planning_time=0.000s poses=2 costmap=0 FREE raw=0 FREE
[frontier_explorer-13] [WARN] [1785968285.276954246] [robot_0.frontier_explorer]: [robot_0] frontier (-1.17, 0.28) unplannable — retiring until map #208 (now #198, TTL 10 maps); start probe cleared the robot pose, so the GOAL is at fault
[planner_server-4] [WARN] [1785968285.280196442] [robot_0.planner_server]:  plugin failed to plan from (-4.64, -0.34) to (-5.03, -4.30): "Failed to create plan with tolerance of: 0.500000"
[planner_server-4] [WARN] [1785968285.280250338] [robot_0.planner_server]: [compute_path_to_pose] [ActionServer] Aborting handle.
[frontier_explorer-13] [INFO] [1785968285.337081287] [robot_0.frontier_explorer]: [robot_0] precheck cand#1 (-5.03, -4.30) -> UNREACHABLE error_code=208 planning_time=0.000s poses=0 costmap=91 COST raw=234 COST
[frontier_explorer-13] [WARN] [1785968285.337563781] [robot_0.frontier_explorer]: [robot_0] frontier (-5.03, -4.30) unplannable — retiring until map #208 (now #198, TTL 10 maps); start probe cleared the robot pose, so the GOAL is at fault
[planner_server-4] [WARN] [1785968285.342725417] [robot_0.planner_server]:  plugin failed to plan from (-4.64, -0.34) to (-5.31, 3.68): "Failed to create plan with tolerance of: 0.500000"
[planner_server-4] [WARN] [1785968285.344726008] [robot_0.planner_server]: [compute_path_to_pose] [ActionServer] Aborting handle.
[frontier_explorer-13] [INFO] [1785968285.382181256] [robot_0.frontier_explorer]: [robot_0] precheck cand#2 (-5.31, 3.68) -> UNREACHABLE error_code=208 planning_time=0.000s poses=0 costmap=99 COST raw=253 INSCRIBED_INFLATED
[frontier_explorer-13] [WARN] [1785968285.382654042] [robot_0.frontier_explorer]: [robot_0] frontier (-5.31, 3.68) unplannable — retiring until map #208 (now #198, TTL 10 maps); start probe cleared the robot pose, so the GOAL is at fault
[planner_server-4] [WARN] [1785968285.389523179] [robot_0.planner_server]:  plugin failed to plan from (-4.64, -0.34) to (-3.88, -4.42): "Failed to create plan with tolerance of: 0.500000"
[planner_server-4] [WARN] [1785968285.389573136] [robot_0.planner_server]: [compute_path_to_pose] [ActionServer] Aborting handle.
[frontier_explorer-13] [INFO] [1785968285.432543906] [robot_0.frontier_explorer]: [robot_0] precheck cand#3 (-3.88, -4.42) -> UNREACHABLE error_code=208 planning_time=0.000s poses=0 costmap=0 FREE raw=0 FREE
[frontier_explorer-13] [WARN] [1785968285.433034377] [robot_0.frontier_explorer]: [robot_0] frontier (-3.88, -4.42) unplannable — retiring until map #208 (now #198, TTL 10 maps); start probe cleared the robot pose, so the GOAL is at fault
[planner_server-4] [ERROR] [1785968285.435871224] [robot_0.planner_server]: worldToMap failed: mx,my: 15,203, size_x,size_y: 217,203
[planner_server-4] [ERROR] [1785968285.435931226] [robot_0.planner_server]: worldToMap failed: mx,my: 16,203, size_x,size_y: 217,203
[planner_server-4] [ERROR] [1785968285.437649290] [robot_0.planner_server]: worldToMap failed: mx,my: 17,203, size_x,size_y: 217,203
[planner_server-4] [ERROR] [1785968285.437692367] [robot_0.planner_server]: worldToMap failed: mx,my: 18,203, size_x,size_y: 217,203
[planner_server-4] [ERROR] [1785968285.437700336] [robot_0.planner_server]: worldToMap failed: mx,my: 19,203, size_x,size_y: 217,203
[planner_server-4] [ERROR] [1785968285.437707167] [robot_0.planner_server]: worldToMap failed: mx,my: 20,203, size_x,size_y: 217,203
[planner_server-4] [ERROR] [1785968285.437713566] [robot_0.planner_server]: worldToMap failed: mx,my: 21,203, size_x,size_y: 217,203
[planner_server-4] [ERROR] [1785968285.437719884] [robot_0.planner_server]: worldToMap failed: mx,my: 22,203, size_x,size_y: 217,203
[planner_server-4] [ERROR] [1785968285.437726161] [robot_0.planner_server]: worldToMap failed: mx,my: 23,203, size_x,size_y: 217,203
[planner_server-4] [ERROR] [1785968285.437732292] [robot_0.planner_server]: worldToMap failed: mx,my: 24,203, size_x,size_y: 217,203
[planner_server-4] [ERROR] [1785968285.437738567] [robot_0.planner_server]: worldToMap failed: mx,my: 25,203, size_x,size_y: 217,203
[planner_server-4] [ERROR] [1785968285.437744692] [robot_0.planner_server]: worldToMap failed: mx,my: 26,203, size_x,size_y: 217,203
[planner_server-4] [ERROR] [1785968285.437750934] [robot_0.planner_server]: worldToMap failed: mx,my: 27,203, size_x,size_y: 217,203
[planner_server-4] [ERROR] [1785968285.437757001] [robot_0.planner_server]: worldToMap failed: mx,my: 28,203, size_x,size_y: 217,203
[planner_server-4] [ERROR] [1785968285.437763236] [robot_0.planner_server]: worldToMap failed: mx,my: 29,203, size_x,size_y: 217,203
[planner_server-4] [ERROR] [1785968285.437769347] [robot_0.planner_server]: worldToMap failed: mx,my: 30,203, size_x,size_y: 217,203
[planner_server-4] [ERROR] [1785968285.437775542] [robot_0.planner_server]: worldToMap failed: mx,my: 31,203, size_x,size_y: 217,203
[planner_server-4] [ERROR] [1785968285.437781648] [robot_0.planner_server]: worldToMap failed: mx,my: 32,203, size_x,size_y: 217,203
[planner_server-4] [ERROR] [1785968285.437787787] [robot_0.planner_server]: worldToMap failed: mx,my: 33,203, size_x,size_y: 217,203
[planner_server-4] [ERROR] [1785968285.437793867] [robot_0.planner_server]: worldToMap failed: mx,my: 34,203, size_x,size_y: 217,203
[planner_server-4] [ERROR] [1785968285.437800072] [robot_0.planner_server]: worldToMap failed: mx,my: 15,204, size_x,size_y: 217,203
[planner_server-4] [ERROR] [1785968285.437806196] [robot_0.planner_server]: worldToMap failed: mx,my: 16,204, size_x,size_y: 217,203
[planner_server-4] [ERROR] [1785968285.437812343] [robot_0.planner_server]: worldToMap failed: mx,my: 17,204, size_x,size_y: 217,203
[planner_server-4] [ERROR] [1785968285.437818400] [robot_0.planner_server]: worldToMap failed: mx,my: 18,204, size_x,size_y: 217,203
[planner_server-4] [ERROR] [1785968285.437824529] [robot_0.planner_server]: worldToMap failed: mx,my: 19,204, size_x,size_y: 217,203
[planner_server-4] [ERROR] [1785968285.437830629] [robot_0.planner_server]: worldToMap failed: mx,my: 20,204, size_x,size_y: 217,203
[planner_server-4] [ERROR] [1785968285.437836745] [robot_0.planner_server]: worldToMap failed: mx,my: 21,204, size_x,size_y: 217,203
[planner_server-4] [ERROR] [1785968285.437853948] [robot_0.planner_server]: worldToMap failed: mx,my: 22,204, size_x,size_y: 217,203
[planner_server-4] [ERROR] [1785968285.437861091] [robot_0.planner_server]: worldToMap failed: mx,my: 23,204, size_x,size_y: 217,203
[planner_server-4] [ERROR] [1785968285.437867546] [robot_0.planner_server]: worldToMap failed: mx,my: 24,204, size_x,size_y: 217,203
[planner_server-4] [ERROR] [1785968285.437873769] [robot_0.planner_server]: worldToMap failed: mx,my: 25,204, size_x,size_y: 217,203
[planner_server-4] [ERROR] [1785968285.437880223] [robot_0.planner_server]: worldToMap failed: mx,my: 26,204, size_x,size_y: 217,203
[planner_server-4] [ERROR] [1785968285.437886614] [robot_0.planner_server]: worldToMap failed: mx,my: 27,204, size_x,size_y: 217,203
[planner_server-4] [ERROR] [1785968285.437892844] [robot_0.planner_server]: worldToMap failed: mx,my: 28,204, size_x,size_y: 217,203
[planner_server-4] [ERROR] [1785968285.437899103] [robot_0.planner_server]: worldToMap failed: mx,my: 29,204, size_x,size_y: 217,203
[planner_server-4] [ERROR] [1785968285.437905344] [robot_0.planner_server]: worldToMap failed: mx,my: 30,204, size_x,size_y: 217,203
[planner_server-4] [ERROR] [1785968285.437911925] [robot_0.planner_server]: worldToMap failed: mx,my: 31,204, size_x,size_y: 217,203
[planner_server-4] [ERROR] [1785968285.437918305] [robot_0.planner_server]: worldToMap failed: mx,my: 32,204, size_x,size_y: 217,203
[planner_server-4] [ERROR] [1785968285.437926046] [robot_0.planner_server]: worldToMap failed: mx,my: 33,204, size_x,size_y: 217,203
[planner_server-4] [ERROR] [1785968285.437932338] [robot_0.planner_server]: worldToMap failed: mx,my: 34,204, size_x,size_y: 217,203
[planner_server-4] [ERROR] [1785968285.437948966] [robot_0.planner_server]: worldToMap failed: mx,my: 15,205, size_x,size_y: 217,203
[planner_server-4] [ERROR] [1785968285.437956551] [robot_0.planner_server]: worldToMap failed: mx,my: 16,205, size_x,size_y: 217,203
[planner_server-4] [ERROR] [1785968285.437962863] [robot_0.planner_server]: worldToMap failed: mx,my: 17,205, size_x,size_y: 217,203
[planner_server-4] [ERROR] [1785968285.437969110] [robot_0.planner_server]: worldToMap failed: mx,my: 18,205, size_x,size_y: 217,203
[planner_server-4] [ERROR] [1785968285.437975398] [robot_0.planner_server]: worldToMap failed: mx,my: 19,205, size_x,size_y: 217,203
[planner_server-4] [ERROR] [1785968285.437981574] [robot_0.planner_server]: worldToMap failed: mx,my: 20,205, size_x,size_y: 217,203
[planner_server-4] [ERROR] [1785968285.437988244] [robot_0.planner_server]: worldToMap failed: mx,my: 21,205, size_x,size_y: 217,203
[planner_server-4] [ERROR] [1785968285.437994444] [robot_0.planner_server]: worldToMap failed: mx,my: 22,205, size_x,size_y: 217,203
[planner_server-4] [ERROR] [1785968285.438000908] [robot_0.planner_server]: worldToMap failed: mx,my: 23,205, size_x,size_y: 217,203
[planner_server-4] [ERROR] [1785968285.438007081] [robot_0.planner_server]: worldToMap failed: mx,my: 24,205, size_x,size_y: 217,203
[planner_server-4] [ERROR] [1785968285.438013260] [robot_0.planner_server]: worldToMap failed: mx,my: 25,205, size_x,size_y: 217,203
[planner_server-4] [ERROR] [1785968285.438019639] [robot_0.planner_server]: worldToMap failed: mx,my: 26,205, size_x,size_y: 217,203
[planner_server-4] [ERROR] [1785968285.438025953] [robot_0.planner_server]: worldToMap failed: mx,my: 27,205, size_x,size_y: 217,203
[planner_server-4] [ERROR] [1785968285.438032264] [robot_0.planner_server]: worldToMap failed: mx,my: 28,205, size_x,size_y: 217,203
[planner_server-4] [ERROR] [1785968285.438038477] [robot_0.planner_server]: worldToMap failed: mx,my: 29,205, size_x,size_y: 217,203
[planner_server-4] [ERROR] [1785968285.438044565] [robot_0.planner_server]: worldToMap failed: mx,my: 30,205, size_x,size_y: 217,203
[planner_server-4] [ERROR] [1785968285.438050819] [robot_0.planner_server]: worldToMap failed: mx,my: 31,205, size_x,size_y: 217,203
[planner_server-4] [ERROR] [1785968285.438056960] [robot_0.planner_server]: worldToMap failed: mx,my: 32,205, size_x,size_y: 217,203
[planner_server-4] [ERROR] [1785968285.438063276] [robot_0.planner_server]: worldToMap failed: mx,my: 33,205, size_x,size_y: 217,203
[planner_server-4] [ERROR] [1785968285.438069480] [robot_0.planner_server]: worldToMap failed: mx,my: 34,205, size_x,size_y: 217,203
[planner_server-4] [ERROR] [1785968285.438075713] [robot_0.planner_server]: worldToMap failed: mx,my: 15,206, size_x,size_y: 217,203
[planner_server-4] [ERROR] [1785968285.438081986] [robot_0.planner_server]: worldToMap failed: mx,my: 16,206, size_x,size_y: 217,203
[planner_server-4] [ERROR] [1785968285.438088172] [robot_0.planner_server]: worldToMap failed: mx,my: 17,206, size_x,size_y: 217,203
[planner_server-4] [ERROR] [1785968285.438098118] [robot_0.planner_server]: worldToMap failed: mx,my: 18,206, size_x,size_y: 217,203
[planner_server-4] [ERROR] [1785968285.438104944] [robot_0.planner_server]: worldToMap failed: mx,my: 19,206, size_x,size_y: 217,203
[planner_server-4] [ERROR] [1785968285.438111070] [robot_0.planner_server]: worldToMap failed: mx,my: 20,206, size_x,size_y: 217,203
[planner_server-4] [ERROR] [1785968285.438117235] [robot_0.planner_server]: worldToMap failed: mx,my: 21,206, size_x,size_y: 217,203
[planner_server-4] [ERROR] [1785968285.438123449] [robot_0.planner_server]: worldToMap failed: mx,my: 22,206, size_x,size_y: 217,203
[planner_server-4] [ERROR] [1785968285.438129644] [robot_0.planner_server]: worldToMap failed: mx,my: 23,206, size_x,size_y: 217,203
[planner_server-4] [ERROR] [1785968285.438135798] [robot_0.planner_server]: worldToMap failed: mx,my: 24,206, size_x,size_y: 217,203
[planner_server-4] [ERROR] [1785968285.438142180] [robot_0.planner_server]: worldToMap failed: mx,my: 25,206, size_x,size_y: 217,203
[planner_server-4] [ERROR] [1785968285.438148405] [robot_0.planner_server]: worldToMap failed: mx,my: 26,206, size_x,size_y: 217,203
[planner_server-4] [ERROR] [1785968285.438155088] [robot_0.planner_server]: worldToMap failed: mx,my: 27,206, size_x,size_y: 217,203
[planner_server-4] [ERROR] [1785968285.438162394] [robot_0.planner_server]: worldToMap failed: mx,my: 28,206, size_x,size_y: 217,203
[planner_server-4] [ERROR] [1785968285.438168736] [robot_0.planner_server]: worldToMap failed: mx,my: 29,206, size_x,size_y: 217,203
[planner_server-4] [ERROR] [1785968285.438175162] [robot_0.planner_server]: worldToMap failed: mx,my: 30,206, size_x,size_y: 217,203
[planner_server-4] [ERROR] [1785968285.438181667] [robot_0.planner_server]: worldToMap failed: mx,my: 31,206, size_x,size_y: 217,203
[planner_server-4] [ERROR] [1785968285.438188070] [robot_0.planner_server]: worldToMap failed: mx,my: 32,206, size_x,size_y: 217,203
[planner_server-4] [ERROR] [1785968285.438194284] [robot_0.planner_server]: worldToMap failed: mx,my: 33,206, size_x,size_y: 217,203
[planner_server-4] [ERROR] [1785968285.438200511] [robot_0.planner_server]: worldToMap failed: mx,my: 34,206, size_x,size_y: 217,203
[planner_server-4] [WARN] [1785968285.438237376] [robot_0.planner_server]:  plugin failed to plan from (-4.64, -0.34) to (-6.13, 3.84): "Failed to create plan with tolerance of: 0.500000"
[planner_server-4] [WARN] [1785968285.438252288] [robot_0.planner_server]: [compute_path_to_pose] [ActionServer] Aborting handle.
[frontier_explorer-13] [INFO] [1785968285.486035885] [robot_0.frontier_explorer]: [robot_0] precheck cand#4 (-6.13, 3.84) -> UNREACHABLE error_code=208 planning_time=0.000s poses=0 costmap=99 COST raw=253 INSCRIBED_INFLATED
[frontier_explorer-13] [WARN] [1785968285.489699861] [robot_0.frontier_explorer]: [robot_0] frontier (-6.13, 3.84) unplannable — retiring until map #208 (now #198, TTL 10 maps); start probe cleared the robot pose, so the GOAL is at fault
[planner_server-4] [WARN] [1785968285.494026741] [robot_0.planner_server]:  plugin failed to plan from (-4.64, -0.34) to (-3.57, -4.78): "Failed to create plan with tolerance of: 0.500000"
[planner_server-4] [WARN] [1785968285.496301712] [robot_0.planner_server]: [compute_path_to_pose] [ActionServer] Aborting handle.
[frontier_explorer-13] [INFO] [1785968285.570190489] [robot_0.frontier_explorer]: [robot_0] precheck cand#5 (-3.57, -4.78) -> UNREACHABLE error_code=208 planning_time=0.000s poses=0 costmap=0 FREE raw=0 FREE
[frontier_explorer-13] [WARN] [1785968285.589539440] [robot_0.frontier_explorer]: [robot_0] frontier (-3.57, -4.78) unplannable — retiring until map #208 (now #198, TTL 10 maps); start probe cleared the robot pose, so the GOAL is at fault
[planner_server-4] [WARN] [1785968285.594024665] [robot_0.planner_server]:  plugin failed to plan from (-4.64, -0.34) to (0.41, 1.79): "Failed to create plan with tolerance of: 0.500000"
[planner_server-4] [WARN] [1785968285.594088988] [robot_0.planner_server]: [compute_path_to_pose] [ActionServer] Aborting handle.
[frontier_explorer-13] [INFO] [1785968285.641006011] [robot_0.frontier_explorer]: [robot_0] precheck cand#6 (0.41, 1.79) -> UNREACHABLE error_code=208 planning_time=0.000s poses=0 costmap=99 COST raw=253 INSCRIBED_INFLATED
[frontier_explorer-13] [WARN] [1785968285.641468902] [robot_0.frontier_explorer]: [robot_0] frontier (0.41, 1.79) unplannable — retiring until map #208 (now #198, TTL 10 maps); start probe cleared the robot pose, so the GOAL is at fault
[planner_server-4] [WARN] [1785968285.653106510] [robot_0.planner_server]:  plugin failed to plan from (-4.64, -0.34) to (1.06, 0.93): "Failed to create plan with tolerance of: 0.500000"
[planner_server-4] [WARN] [1785968285.653160544] [robot_0.planner_server]: [compute_path_to_pose] [ActionServer] Aborting handle.
[frontier_explorer-13] [INFO] [1785968285.699964485] [robot_0.frontier_explorer]: [robot_0] precheck cand#7 (1.06, 0.93) -> UNREACHABLE error_code=208 planning_time=0.000s poses=0 costmap=0 FREE raw=0 FREE
[frontier_explorer-13] [WARN] [1785968285.700433327] [robot_0.frontier_explorer]: [robot_0] frontier (1.06, 0.93) unplannable — retiring until map #208 (now #198, TTL 10 maps); start probe cleared the robot pose, so the GOAL is at fault
[planner_server-4] [WARN] [1785968285.710199101] [robot_0.planner_server]:  plugin failed to plan from (-4.64, -0.34) to (1.26, -2.21): "Failed to create plan with tolerance of: 0.500000"
[planner_server-4] [WARN] [1785968285.710249145] [robot_0.planner_server]: [compute_path_to_pose] [ActionServer] Aborting handle.
[frontier_explorer-13] [INFO] [1785968285.759720693] [robot_0.frontier_explorer]: [robot_0] precheck cand#8 (1.26, -2.21) -> UNREACHABLE error_code=208 planning_time=0.000s poses=0 costmap=255 NO_INFORMATION int8=-1 raw=255 NO_INFORMATION
[frontier_explorer-13] [WARN] [1785968285.760414313] [robot_0.frontier_explorer]: [robot_0] frontier (1.26, -2.21) unplannable — retiring until map #208 (now #198, TTL 10 maps); start probe cleared the robot pose, so the GOAL is at fault
[planner_server-4] [WARN] [1785968285.767583025] [robot_0.planner_server]:  plugin failed to plan from (-4.64, -0.34) to (0.91, -3.46): "Failed to create plan with tolerance of: 0.500000"
[planner_server-4] [WARN] [1785968285.768132143] [robot_0.planner_server]: [compute_path_to_pose] [ActionServer] Aborting handle.
[frontier_explorer-13] [INFO] [1785968285.817841502] [robot_0.frontier_explorer]: [robot_0] precheck cand#9 (0.91, -3.46) -> UNREACHABLE error_code=208 planning_time=0.000s poses=0 costmap=255 NO_INFORMATION int8=-1 raw=255 NO_INFORMATION
[frontier_explorer-13] [WARN] [1785968285.841263047] [robot_0.frontier_explorer]: [robot_0] frontier (0.91, -3.46) unplannable — retiring until map #208 (now #198, TTL 10 maps); start probe cleared the robot pose, so the GOAL is at fault
[planner_server-4] [WARN] [1785968285.857536120] [robot_0.planner_server]:  plugin failed to plan from (-4.64, -0.34) to (2.10, -0.24): "Failed to create plan with tolerance of: 0.500000"
[planner_server-4] [WARN] [1785968285.857608982] [robot_0.planner_server]: [compute_path_to_pose] [ActionServer] Aborting handle.
[frontier_explorer-13] [INFO] [1785968285.899770333] [robot_0.frontier_explorer]: [robot_0] precheck cand#10 (2.10, -0.24) -> UNREACHABLE error_code=208 planning_time=0.000s poses=0 costmap=0 FREE raw=0 FREE
[frontier_explorer-13] [WARN] [1785968285.900256862] [robot_0.frontier_explorer]: [robot_0] frontier (2.10, -0.24) unplannable — retiring until map #208 (now #198, TTL 10 maps); start probe cleared the robot pose, so the GOAL is at fault
[planner_server-4] [WARN] [1785968285.909830994] [robot_0.planner_server]:  plugin failed to plan from (-4.64, -0.34) to (1.26, -3.74): "Failed to create plan with tolerance of: 0.500000"
[planner_server-4] [WARN] [1785968285.909883095] [robot_0.planner_server]: [compute_path_to_pose] [ActionServer] Aborting handle.
[frontier_explorer-13] [INFO] [1785968285.958343345] [robot_0.frontier_explorer]: [robot_0] precheck cand#11 (1.26, -3.74) -> UNREACHABLE error_code=208 planning_time=0.000s poses=0 costmap=0 FREE raw=0 FREE
[frontier_explorer-13] [WARN] [1785968285.958809581] [robot_0.frontier_explorer]: [robot_0] frontier (1.26, -3.74) unplannable — retiring until map #208 (now #198, TTL 10 maps); start probe cleared the robot pose, so the GOAL is at fault
[frontier_explorer-13] [INFO] [1785968285.961459775] [robot_0.frontier_explorer]: [robot_0] waiting for map update (0.0 sim s)
[planner_server-4] [WARN] [1785968289.391629631] [robot_0.planner_server]:  plugin failed to plan from (-4.64, -0.34) to (2.73, -2.53): "Failed to create plan with tolerance of: 0.500000"
[planner_server-4] [WARN] [1785968289.391693795] [robot_0.planner_server]: [compute_path_to_pose] [ActionServer] Aborting handle.
[frontier_explorer-13] [INFO] [1785968289.456451689] [robot_0.frontier_explorer]: [robot_0] precheck cand#0 (2.73, -2.53) -> UNREACHABLE error_code=208 planning_time=0.000s poses=0 costmap=99 COST raw=253 INSCRIBED_INFLATED
[frontier_explorer-13] [INFO] [1785968289.514407457] [robot_0.frontier_explorer]: [robot_0] start probe 1/3 (-4.89, 0.09) -> START_OK error_code=0 planning_time=0.000s poses=2 costmap=0 FREE raw=0 FREE
[frontier_explorer-13] [WARN] [1785968289.517520878] [robot_0.frontier_explorer]: [robot_0] frontier (2.73, -2.53) unplannable — retiring until map #210 (now #200, TTL 10 maps); start probe cleared the robot pose, so the GOAL is at fault
[frontier_explorer-13] [INFO] [1785968289.517997486] [robot_0.frontier_explorer]: [robot_0] no reachable frontier: probed 1 of 1 candidates (0 inconclusive, whole list examined) — deferring to a fresher map
[frontier_explorer-13] [INFO] [1785968289.518461502] [robot_0.frontier_explorer]: [robot_0] waiting for map update (0.0 sim s)
[planner_server-4] [WARN] [1785968293.219018893] [robot_0.planner_server]:  plugin failed to plan from (-4.64, -0.34) to (-3.98, -0.10): "Failed to create plan with tolerance of: 0.500000"
[planner_server-4] [WARN] [1785968293.219070416] [robot_0.planner_server]: [compute_path_to_pose] [ActionServer] Aborting handle.
[frontier_explorer-13] [INFO] [1785968293.262056002] [robot_0.frontier_explorer]: [robot_0] precheck cand#0 (-3.98, -0.10) -> UNREACHABLE error_code=208 planning_time=0.000s poses=0 costmap=255 NO_INFORMATION int8=-1 raw=255 NO_INFORMATION
[frontier_explorer-13] [INFO] [1785968293.328583088] [robot_0.frontier_explorer]: [robot_0] start probe 1/3 (-4.89, 0.09) -> START_OK error_code=0 planning_time=0.000s poses=2 costmap=0 FREE raw=0 FREE
[frontier_explorer-13] [WARN] [1785968293.333266601] [robot_0.frontier_explorer]: [robot_0] frontier (-4.50, -0.29) unplannable — retiring until map #212 (now #202, TTL 10 maps); start probe cleared the robot pose, so the GOAL is at fault
[frontier_explorer-13] [INFO] [1785968293.333862239] [robot_0.frontier_explorer]: [robot_0] waiting for map update (0.0 sim s)
[planner_server-4] [WARN] [1785968297.232217911] [robot_0.planner_server]:  plugin failed to plan from (-4.64, -0.34) to (-5.04, -0.91): "Failed to create plan with tolerance of: 0.500000"
[planner_server-4] [WARN] [1785968297.232267575] [robot_0.planner_server]: [compute_path_to_pose] [ActionServer] Aborting handle.
[frontier_explorer-13] [INFO] [1785968297.284732765] [robot_0.frontier_explorer]: [robot_0] precheck cand#0 (-5.04, -0.91) -> UNREACHABLE error_code=208 planning_time=0.000s poses=0 costmap=0 FREE raw=0 FREE
[frontier_explorer-13] [INFO] [1785968297.335287359] [robot_0.frontier_explorer]: [robot_0] start probe 1/3 (-4.89, 0.09) -> START_OK error_code=0 planning_time=0.000s poses=2 costmap=0 FREE raw=0 FREE
[frontier_explorer-13] [WARN] [1785968297.335739716] [robot_0.frontier_explorer]: [robot_0] frontier (-4.74, -0.48) unplannable — retiring until map #214 (now #204, TTL 10 maps); start probe cleared the robot pose, so the GOAL is at fault
[frontier_explorer-13] [INFO] [1785968297.336091594] [robot_0.frontier_explorer]: [robot_0] no reachable frontier: probed 1 of 1 candidates (0 inconclusive, whole list examined) — deferring to a fresher map
[frontier_explorer-13] [INFO] [1785968297.336511294] [robot_0.frontier_explorer]: [robot_0] waiting for map update (0.0 sim s)
[planner_server-4] [WARN] [1785968303.631124641] [robot_0.planner_server]:  plugin failed to plan from (-4.64, -0.34) to (-4.94, -0.96): "Failed to create plan with tolerance of: 0.500000"
[planner_server-4] [WARN] [1785968303.631182027] [robot_0.planner_server]: [compute_path_to_pose] [ActionServer] Aborting handle.
[frontier_explorer-13] [INFO] [1785968303.671687796] [robot_0.frontier_explorer]: [robot_0] precheck cand#0 (-4.94, -0.96) -> UNREACHABLE error_code=208 planning_time=0.000s poses=0 costmap=76 COST raw=196 COST
[frontier_explorer-13] [INFO] [1785968303.744417114] [robot_0.frontier_explorer]: [robot_0] start probe 1/3 (-4.89, 0.09) -> START_OK error_code=0 planning_time=0.000s poses=2 costmap=0 FREE raw=0 FREE
[frontier_explorer-13] [WARN] [1785968303.747248255] [robot_0.frontier_explorer]: [robot_0] frontier (-4.94, -0.96) unplannable — retiring until map #217 (now #207, TTL 10 maps); start probe cleared the robot pose, so the GOAL is at fault
[planner_server-4] [WARN] [1785968303.755714744] [robot_0.planner_server]:  plugin failed to plan from (-4.64, -0.34) to (-3.68, -0.12): "Failed to create plan with tolerance of: 0.500000"
[planner_server-4] [WARN] [1785968303.755766720] [robot_0.planner_server]: [compute_path_to_pose] [ActionServer] Aborting handle.
[frontier_explorer-13] [INFO] [1785968303.797103667] [robot_0.frontier_explorer]: [robot_0] precheck cand#1 (-3.68, -0.12) -> UNREACHABLE error_code=208 planning_time=0.000s poses=0 costmap=255 NO_INFORMATION int8=-1 raw=255 NO_INFORMATION
[frontier_explorer-13] [WARN] [1785968303.797600513] [robot_0.frontier_explorer]: [robot_0] frontier (-3.68, -0.12) unplannable — retiring until map #217 (now #207, TTL 10 maps); start probe cleared the robot pose, so the GOAL is at fault
[planner_server-4] [WARN] [1785968303.807723799] [robot_0.planner_server]:  plugin failed to plan from (-4.64, -0.34) to (-6.41, -0.01): "Failed to create plan with tolerance of: 0.500000"
[planner_server-4] [WARN] [1785968303.807770255] [robot_0.planner_server]: [compute_path_to_pose] [ActionServer] Aborting handle.
[frontier_explorer-13] [INFO] [1785968303.853594865] [robot_0.frontier_explorer]: [robot_0] precheck cand#2 (-6.41, -0.01) -> UNREACHABLE error_code=208 planning_time=0.000s poses=0 costmap=99 COST raw=253 INSCRIBED_INFLATED
[frontier_explorer-13] [WARN] [1785968303.857264071] [robot_0.frontier_explorer]: [robot_0] frontier (-6.41, -0.01) unplannable — retiring until map #217 (now #207, TTL 10 maps); start probe cleared the robot pose, so the GOAL is at fault
[planner_server-4] [WARN] [1785968303.865867822] [robot_0.planner_server]:  plugin failed to plan from (-4.64, -0.34) to (-5.54, -1.92): "Failed to create plan with tolerance of: 0.500000"
[planner_server-4] [WARN] [1785968303.865921123] [robot_0.planner_server]: [compute_path_to_pose] [ActionServer] Aborting handle.
[frontier_explorer-13] [INFO] [1785968303.917313921] [robot_0.frontier_explorer]: [robot_0] precheck cand#3 (-5.54, -1.92) -> UNREACHABLE error_code=208 planning_time=0.000s poses=0 costmap=0 FREE raw=0 FREE
[frontier_explorer-13] [WARN] [1785968303.928622838] [robot_0.frontier_explorer]: [robot_0] frontier (-5.54, -1.92) unplannable — retiring until map #217 (now #207, TTL 10 maps); start probe cleared the robot pose, so the GOAL is at fault
[planner_server-4] [WARN] [1785968303.934734446] [robot_0.planner_server]:  plugin failed to plan from (-4.64, -0.34) to (-6.64, -0.63): "Failed to create plan with tolerance of: 0.500000"
[planner_server-4] [WARN] [1785968303.934781348] [robot_0.planner_server]: [compute_path_to_pose] [ActionServer] Aborting handle.
[frontier_explorer-13] [INFO] [1785968303.976501144] [robot_0.frontier_explorer]: [robot_0] precheck cand#4 (-6.64, -0.63) -> UNREACHABLE error_code=208 planning_time=0.000s poses=0 costmap=99 COST raw=253 INSCRIBED_INFLATED
[frontier_explorer-13] [WARN] [1785968304.000753868] [robot_0.frontier_explorer]: [robot_0] frontier (-6.64, -0.63) unplannable — retiring until map #217 (now #207, TTL 10 maps); start probe cleared the robot pose, so the GOAL is at fault
[planner_server-4] [WARN] [1785968304.028976165] [robot_0.planner_server]:  plugin failed to plan from (-4.64, -0.34) to (-6.24, -1.96): "Failed to create plan with tolerance of: 0.500000"
[planner_server-4] [WARN] [1785968304.029031254] [robot_0.planner_server]: [compute_path_to_pose] [ActionServer] Aborting handle.
[frontier_explorer-13] [INFO] [1785968304.085296222] [robot_0.frontier_explorer]: [robot_0] precheck cand#5 (-6.24, -1.96) -> UNREACHABLE error_code=208 planning_time=0.000s poses=0 costmap=99 COST raw=253 INSCRIBED_INFLATED
[frontier_explorer-13] [WARN] [1785968304.091795891] [robot_0.frontier_explorer]: [robot_0] frontier (-6.24, -1.96) unplannable — retiring until map #217 (now #207, TTL 10 maps); start probe cleared the robot pose, so the GOAL is at fault
[planner_server-4] [WARN] [1785968304.100700112] [robot_0.planner_server]:  plugin failed to plan from (-4.64, -0.34) to (-5.19, -2.90): "Failed to create plan with tolerance of: 0.500000"
[planner_server-4] [WARN] [1785968304.102001460] [robot_0.planner_server]: [compute_path_to_pose] [ActionServer] Aborting handle.
[frontier_explorer-13] [INFO] [1785968304.165948244] [robot_0.frontier_explorer]: [robot_0] precheck cand#6 (-5.19, -2.90) -> UNREACHABLE error_code=208 planning_time=0.000s poses=0 costmap=91 COST raw=234 COST
[frontier_explorer-13] [WARN] [1785968304.166441274] [robot_0.frontier_explorer]: [robot_0] frontier (-5.19, -2.90) unplannable — retiring until map #217 (now #207, TTL 10 maps); start probe cleared the robot pose, so the GOAL is at fault
[planner_server-4] [WARN] [1785968304.172962545] [robot_0.planner_server]:  plugin failed to plan from (-4.64, -0.34) to (-6.67, -2.28): "Failed to create plan with tolerance of: 0.500000"
[planner_server-4] [WARN] [1785968304.173018742] [robot_0.planner_server]: [compute_path_to_pose] [ActionServer] Aborting handle.
[frontier_explorer-13] [INFO] [1785968304.219372904] [robot_0.frontier_explorer]: [robot_0] precheck cand#7 (-6.67, -2.28) -> UNREACHABLE error_code=208 planning_time=0.000s poses=0 costmap=99 COST raw=253 INSCRIBED_INFLATED
[frontier_explorer-13] [WARN] [1785968304.219830623] [robot_0.frontier_explorer]: [robot_0] frontier (-6.67, -2.28) unplannable — retiring until map #217 (now #207, TTL 10 maps); start probe cleared the robot pose, so the GOAL is at fault
[planner_server-4] [WARN] [1785968304.231015223] [robot_0.planner_server]:  plugin failed to plan from (-4.64, -0.34) to (-5.17, -3.11): "Failed to create plan with tolerance of: 0.500000"
[planner_server-4] [WARN] [1785968304.231069567] [robot_0.planner_server]: [compute_path_to_pose] [ActionServer] Aborting handle.
[frontier_explorer-13] [INFO] [1785968304.278687208] [robot_0.frontier_explorer]: [robot_0] precheck cand#8 (-5.17, -3.11) -> UNREACHABLE error_code=208 planning_time=0.000s poses=0 costmap=99 COST raw=253 INSCRIBED_INFLATED
[frontier_explorer-13] [WARN] [1785968304.279178655] [robot_0.frontier_explorer]: [robot_0] frontier (-5.17, -3.11) unplannable — retiring until map #217 (now #207, TTL 10 maps); start probe cleared the robot pose, so the GOAL is at fault
[planner_server-4] [WARN] [1785968304.305297201] [robot_0.planner_server]:  plugin failed to plan from (-4.64, -0.34) to (-5.98, 2.30): "Failed to create plan with tolerance of: 0.500000"
[planner_server-4] [WARN] [1785968304.305351401] [robot_0.planner_server]: [compute_path_to_pose] [ActionServer] Aborting handle.
[frontier_explorer-13] [INFO] [1785968304.350009508] [robot_0.frontier_explorer]: [robot_0] precheck cand#9 (-5.98, 2.30) -> UNREACHABLE error_code=208 planning_time=0.000s poses=0 costmap=0 FREE raw=0 FREE
[frontier_explorer-13] [WARN] [1785968304.350526205] [robot_0.frontier_explorer]: [robot_0] frontier (-5.98, 2.30) unplannable — retiring until map #217 (now #207, TTL 10 maps); start probe cleared the robot pose, so the GOAL is at fault
[planner_server-4] [WARN] [1785968304.353870696] [robot_0.planner_server]:  plugin failed to plan from (-4.64, -0.34) to (-7.00, -2.71): "Failed to create plan with tolerance of: 0.500000"
[planner_server-4] [WARN] [1785968304.353921317] [robot_0.planner_server]: [compute_path_to_pose] [ActionServer] Aborting handle.
[frontier_explorer-13] [INFO] [1785968304.418837319] [robot_0.frontier_explorer]: [robot_0] precheck cand#10 (-7.00, -2.71) -> UNREACHABLE error_code=208 planning_time=0.000s poses=0 costmap=99 COST raw=253 INSCRIBED_INFLATED
[frontier_explorer-13] [WARN] [1785968304.440455339] [robot_0.frontier_explorer]: [robot_0] frontier (-7.00, -2.71) unplannable — retiring until map #217 (now #207, TTL 10 maps); start probe cleared the robot pose, so the GOAL is at fault
[planner_server-4] [WARN] [1785968304.445711314] [robot_0.planner_server]:  plugin failed to plan from (-4.64, -0.34) to (-3.96, 2.94): "Failed to create plan with tolerance of: 0.500000"
[planner_server-4] [WARN] [1785968304.445760171] [robot_0.planner_server]: [compute_path_to_pose] [ActionServer] Aborting handle.
[frontier_explorer-13] [INFO] [1785968304.500797090] [robot_0.frontier_explorer]: [robot_0] precheck cand#11 (-3.96, 2.94) -> UNREACHABLE error_code=208 planning_time=0.000s poses=0 costmap=99 COST raw=253 INSCRIBED_INFLATED
[frontier_explorer-13] [WARN] [1785968304.501337161] [robot_0.frontier_explorer]: [robot_0] frontier (-3.96, 2.94) unplannable — retiring until map #217 (now #207, TTL 10 maps); start probe cleared the robot pose, so the GOAL is at fault
[frontier_explorer-13] [INFO] [1785968304.501711273] [robot_0.frontier_explorer]: [robot_0] no reachable frontier: probed 12 of 12 candidates (0 inconclusive, whole list examined) — deferring to a fresher map
[frontier_explorer-13] [INFO] [1785968304.502158583] [robot_0.frontier_explorer]: [robot_0] waiting for map update (0.0 sim s)
[planner_server-4] [WARN] [1785968307.240899193] [robot_0.planner_server]:  plugin failed to plan from (-4.64, -0.34) to (-1.17, 0.28): "Failed to create plan with tolerance of: 0.500000"
[planner_server-4] [WARN] [1785968307.240964297] [robot_0.planner_server]: [compute_path_to_pose] [ActionServer] Aborting handle.
[frontier_explorer-13] [INFO] [1785968307.283674430] [robot_0.frontier_explorer]: [robot_0] precheck cand#0 (-1.17, 0.28) -> UNREACHABLE error_code=208 planning_time=0.000s poses=0 costmap=255 NO_INFORMATION int8=-1 raw=255 NO_INFORMATION
[frontier_explorer-13] [INFO] [1785968307.341619459] [robot_0.frontier_explorer]: [robot_0] start probe 1/3 (-4.89, 0.09) -> START_OK error_code=0 planning_time=0.000s poses=2 costmap=0 FREE raw=0 FREE
[frontier_explorer-13] [WARN] [1785968307.344447376] [robot_0.frontier_explorer]: [robot_0] frontier (-1.17, 0.28) unplannable — retiring until map #219 (now #209, TTL 10 maps); start probe cleared the robot pose, so the GOAL is at fault
[planner_server-4] [WARN] [1785968307.359050275] [robot_0.planner_server]:  plugin failed to plan from (-4.64, -0.34) to (-5.03, -4.30): "Failed to create plan with tolerance of: 0.500000"
[planner_server-4] [WARN] [1785968307.359109714] [robot_0.planner_server]: [compute_path_to_pose] [ActionServer] Aborting handle.
[frontier_explorer-13] [INFO] [1785968307.407013028] [robot_0.frontier_explorer]: [robot_0] precheck cand#1 (-5.03, -4.30) -> UNREACHABLE error_code=208 planning_time=0.000s poses=0 costmap=91 COST raw=234 COST
[frontier_explorer-13] [WARN] [1785968307.409201243] [robot_0.frontier_explorer]: [robot_0] frontier (-5.03, -4.30) unplannable — retiring until map #219 (now #209, TTL 10 maps); start probe cleared the robot pose, so the GOAL is at fault
[planner_server-4] [WARN] [1785968307.418247618] [robot_0.planner_server]:  plugin failed to plan from (-4.64, -0.34) to (-5.31, 3.68): "Failed to create plan with tolerance of: 0.500000"
[planner_server-4] [WARN] [1785968307.418298427] [robot_0.planner_server]: [compute_path_to_pose] [ActionServer] Aborting handle.
[frontier_explorer-13] [INFO] [1785968307.466164923] [robot_0.frontier_explorer]: [robot_0] precheck cand#2 (-5.31, 3.68) -> UNREACHABLE error_code=208 planning_time=0.000s poses=0 costmap=99 COST raw=253 INSCRIBED_INFLATED
[frontier_explorer-13] [WARN] [1785968307.503282281] [robot_0.frontier_explorer]: [robot_0] frontier (-5.31, 3.68) unplannable — retiring until map #219 (now #209, TTL 10 maps); start probe cleared the robot pose, so the GOAL is at fault
[planner_server-4] [WARN] [1785968307.552918276] [robot_0.planner_server]:  plugin failed to plan from (-4.64, -0.34) to (-3.88, -4.42): "Failed to create plan with tolerance of: 0.500000"
[planner_server-4] [WARN] [1785968307.553074183] [robot_0.planner_server]: [compute_path_to_pose] [ActionServer] Aborting handle.
[frontier_explorer-13] [INFO] [1785968307.609625201] [robot_0.frontier_explorer]: [robot_0] precheck cand#3 (-3.88, -4.42) -> UNREACHABLE error_code=208 planning_time=0.000s poses=0 costmap=0 FREE raw=0 FREE
[frontier_explorer-13] [WARN] [1785968307.617277814] [robot_0.frontier_explorer]: [robot_0] frontier (-3.88, -4.42) unplannable — retiring until map #219 (now #209, TTL 10 maps); start probe cleared the robot pose, so the GOAL is at fault
[planner_server-4] [ERROR] [1785968307.639482006] [robot_0.planner_server]: worldToMap failed: mx,my: 15,203, size_x,size_y: 217,203
[planner_server-4] [ERROR] [1785968307.639654690] [robot_0.planner_server]: worldToMap failed: mx,my: 16,203, size_x,size_y: 217,203
[planner_server-4] [ERROR] [1785968307.639691263] [robot_0.planner_server]: worldToMap failed: mx,my: 17,203, size_x,size_y: 217,203
[planner_server-4] [ERROR] [1785968307.639717022] [robot_0.planner_server]: worldToMap failed: mx,my: 18,203, size_x,size_y: 217,203
[planner_server-4] [ERROR] [1785968307.639741868] [robot_0.planner_server]: worldToMap failed: mx,my: 19,203, size_x,size_y: 217,203
[planner_server-4] [ERROR] [1785968307.639766026] [robot_0.planner_server]: worldToMap failed: mx,my: 20,203, size_x,size_y: 217,203
[planner_server-4] [ERROR] [1785968307.639789860] [robot_0.planner_server]: worldToMap failed: mx,my: 21,203, size_x,size_y: 217,203
[planner_server-4] [ERROR] [1785968307.639813406] [robot_0.planner_server]: worldToMap failed: mx,my: 22,203, size_x,size_y: 217,203
[planner_server-4] [ERROR] [1785968307.639837477] [robot_0.planner_server]: worldToMap failed: mx,my: 23,203, size_x,size_y: 217,203
[planner_server-4] [ERROR] [1785968307.639861226] [robot_0.planner_server]: worldToMap failed: mx,my: 24,203, size_x,size_y: 217,203
[planner_server-4] [ERROR] [1785968307.639885172] [robot_0.planner_server]: worldToMap failed: mx,my: 25,203, size_x,size_y: 217,203
[planner_server-4] [ERROR] [1785968307.639908985] [robot_0.planner_server]: worldToMap failed: mx,my: 26,203, size_x,size_y: 217,203
[planner_server-4] [ERROR] [1785968307.639932877] [robot_0.planner_server]: worldToMap failed: mx,my: 27,203, size_x,size_y: 217,203
[planner_server-4] [ERROR] [1785968307.649849205] [robot_0.planner_server]: worldToMap failed: mx,my: 28,203, size_x,size_y: 217,203
[planner_server-4] [ERROR] [1785968307.649890492] [robot_0.planner_server]: worldToMap failed: mx,my: 29,203, size_x,size_y: 217,203
[planner_server-4] [ERROR] [1785968307.649916945] [robot_0.planner_server]: worldToMap failed: mx,my: 30,203, size_x,size_y: 217,203
[planner_server-4] [ERROR] [1785968307.649964321] [robot_0.planner_server]: worldToMap failed: mx,my: 31,203, size_x,size_y: 217,203
[planner_server-4] [ERROR] [1785968307.650025868] [robot_0.planner_server]: worldToMap failed: mx,my: 32,203, size_x,size_y: 217,203
[planner_server-4] [ERROR] [1785968307.650052266] [robot_0.planner_server]: worldToMap failed: mx,my: 33,203, size_x,size_y: 217,203
[planner_server-4] [ERROR] [1785968307.650076267] [robot_0.planner_server]: worldToMap failed: mx,my: 34,203, size_x,size_y: 217,203
[planner_server-4] [ERROR] [1785968307.650101304] [robot_0.planner_server]: worldToMap failed: mx,my: 15,204, size_x,size_y: 217,203
[planner_server-4] [ERROR] [1785968307.650125354] [robot_0.planner_server]: worldToMap failed: mx,my: 16,204, size_x,size_y: 217,203
[planner_server-4] [ERROR] [1785968307.650149415] [robot_0.planner_server]: worldToMap failed: mx,my: 17,204, size_x,size_y: 217,203
[planner_server-4] [ERROR] [1785968307.650173302] [robot_0.planner_server]: worldToMap failed: mx,my: 18,204, size_x,size_y: 217,203
[planner_server-4] [ERROR] [1785968307.650230470] [robot_0.planner_server]: worldToMap failed: mx,my: 19,204, size_x,size_y: 217,203
[planner_server-4] [ERROR] [1785968307.650258752] [robot_0.planner_server]: worldToMap failed: mx,my: 20,204, size_x,size_y: 217,203
[planner_server-4] [ERROR] [1785968307.650283258] [robot_0.planner_server]: worldToMap failed: mx,my: 21,204, size_x,size_y: 217,203
[planner_server-4] [ERROR] [1785968307.650307446] [robot_0.planner_server]: worldToMap failed: mx,my: 22,204, size_x,size_y: 217,203
[planner_server-4] [ERROR] [1785968307.650331787] [robot_0.planner_server]: worldToMap failed: mx,my: 23,204, size_x,size_y: 217,203
[planner_server-4] [ERROR] [1785968307.650356440] [robot_0.planner_server]: worldToMap failed: mx,my: 24,204, size_x,size_y: 217,203
[planner_server-4] [ERROR] [1785968307.650380490] [robot_0.planner_server]: worldToMap failed: mx,my: 25,204, size_x,size_y: 217,203
[planner_server-4] [ERROR] [1785968307.650405133] [robot_0.planner_server]: worldToMap failed: mx,my: 26,204, size_x,size_y: 217,203
[planner_server-4] [ERROR] [1785968307.650429623] [robot_0.planner_server]: worldToMap failed: mx,my: 27,204, size_x,size_y: 217,203
[planner_server-4] [ERROR] [1785968307.650453532] [robot_0.planner_server]: worldToMap failed: mx,my: 28,204, size_x,size_y: 217,203
[planner_server-4] [ERROR] [1785968307.650479008] [robot_0.planner_server]: worldToMap failed: mx,my: 29,204, size_x,size_y: 217,203
[planner_server-4] [ERROR] [1785968307.650524064] [robot_0.planner_server]: worldToMap failed: mx,my: 30,204, size_x,size_y: 217,203
[planner_server-4] [ERROR] [1785968307.650548949] [robot_0.planner_server]: worldToMap failed: mx,my: 31,204, size_x,size_y: 217,203
[planner_server-4] [ERROR] [1785968307.650574968] [robot_0.planner_server]: worldToMap failed: mx,my: 32,204, size_x,size_y: 217,203
[planner_server-4] [ERROR] [1785968307.650599844] [robot_0.planner_server]: worldToMap failed: mx,my: 33,204, size_x,size_y: 217,203
[planner_server-4] [ERROR] [1785968307.650623710] [robot_0.planner_server]: worldToMap failed: mx,my: 34,204, size_x,size_y: 217,203
[planner_server-4] [ERROR] [1785968307.650648183] [robot_0.planner_server]: worldToMap failed: mx,my: 15,205, size_x,size_y: 217,203
[planner_server-4] [ERROR] [1785968307.650672256] [robot_0.planner_server]: worldToMap failed: mx,my: 16,205, size_x,size_y: 217,203
[planner_server-4] [ERROR] [1785968307.650696330] [robot_0.planner_server]: worldToMap failed: mx,my: 17,205, size_x,size_y: 217,203
[planner_server-4] [ERROR] [1785968307.650720280] [robot_0.planner_server]: worldToMap failed: mx,my: 18,205, size_x,size_y: 217,203
[planner_server-4] [ERROR] [1785968307.650744896] [robot_0.planner_server]: worldToMap failed: mx,my: 19,205, size_x,size_y: 217,203
[planner_server-4] [ERROR] [1785968307.650768980] [robot_0.planner_server]: worldToMap failed: mx,my: 20,205, size_x,size_y: 217,203
[planner_server-4] [ERROR] [1785968307.650793809] [robot_0.planner_server]: worldToMap failed: mx,my: 21,205, size_x,size_y: 217,203
[planner_server-4] [ERROR] [1785968307.650817846] [robot_0.planner_server]: worldToMap failed: mx,my: 22,205, size_x,size_y: 217,203
[planner_server-4] [ERROR] [1785968307.650842873] [robot_0.planner_server]: worldToMap failed: mx,my: 23,205, size_x,size_y: 217,203
[planner_server-4] [ERROR] [1785968307.650872363] [robot_0.planner_server]: worldToMap failed: mx,my: 24,205, size_x,size_y: 217,203
[planner_server-4] [ERROR] [1785968307.650897032] [robot_0.planner_server]: worldToMap failed: mx,my: 25,205, size_x,size_y: 217,203
[planner_server-4] [ERROR] [1785968307.650921388] [robot_0.planner_server]: worldToMap failed: mx,my: 26,205, size_x,size_y: 217,203
[planner_server-4] [ERROR] [1785968307.650982609] [robot_0.planner_server]: worldToMap failed: mx,my: 27,205, size_x,size_y: 217,203
[planner_server-4] [ERROR] [1785968307.651011206] [robot_0.planner_server]: worldToMap failed: mx,my: 28,205, size_x,size_y: 217,203
[planner_server-4] [ERROR] [1785968307.651035944] [robot_0.planner_server]: worldToMap failed: mx,my: 29,205, size_x,size_y: 217,203
[planner_server-4] [ERROR] [1785968307.651060290] [robot_0.planner_server]: worldToMap failed: mx,my: 30,205, size_x,size_y: 217,203
[planner_server-4] [ERROR] [1785968307.651084957] [robot_0.planner_server]: worldToMap failed: mx,my: 31,205, size_x,size_y: 217,203
[planner_server-4] [ERROR] [1785968307.651109315] [robot_0.planner_server]: worldToMap failed: mx,my: 32,205, size_x,size_y: 217,203
[planner_server-4] [ERROR] [1785968307.651134163] [robot_0.planner_server]: worldToMap failed: mx,my: 33,205, size_x,size_y: 217,203
[planner_server-4] [ERROR] [1785968307.651158678] [robot_0.planner_server]: worldToMap failed: mx,my: 34,205, size_x,size_y: 217,203
[planner_server-4] [ERROR] [1785968307.651198251] [robot_0.planner_server]: worldToMap failed: mx,my: 15,206, size_x,size_y: 217,203
[planner_server-4] [ERROR] [1785968307.651224846] [robot_0.planner_server]: worldToMap failed: mx,my: 16,206, size_x,size_y: 217,203
[planner_server-4] [ERROR] [1785968307.651249028] [robot_0.planner_server]: worldToMap failed: mx,my: 17,206, size_x,size_y: 217,203
[planner_server-4] [ERROR] [1785968307.651273735] [robot_0.planner_server]: worldToMap failed: mx,my: 18,206, size_x,size_y: 217,203
[planner_server-4] [ERROR] [1785968307.651298816] [robot_0.planner_server]: worldToMap failed: mx,my: 19,206, size_x,size_y: 217,203
[planner_server-4] [ERROR] [1785968307.651323954] [robot_0.planner_server]: worldToMap failed: mx,my: 20,206, size_x,size_y: 217,203
[planner_server-4] [ERROR] [1785968307.651348018] [robot_0.planner_server]: worldToMap failed: mx,my: 21,206, size_x,size_y: 217,203
[planner_server-4] [ERROR] [1785968307.651372490] [robot_0.planner_server]: worldToMap failed: mx,my: 22,206, size_x,size_y: 217,203
[planner_server-4] [ERROR] [1785968307.651396878] [robot_0.planner_server]: worldToMap failed: mx,my: 23,206, size_x,size_y: 217,203
[planner_server-4] [ERROR] [1785968307.651421400] [robot_0.planner_server]: worldToMap failed: mx,my: 24,206, size_x,size_y: 217,203
[planner_server-4] [ERROR] [1785968307.651451378] [robot_0.planner_server]: worldToMap failed: mx,my: 25,206, size_x,size_y: 217,203
[planner_server-4] [ERROR] [1785968307.651476705] [robot_0.planner_server]: worldToMap failed: mx,my: 26,206, size_x,size_y: 217,203
[planner_server-4] [ERROR] [1785968307.651501284] [robot_0.planner_server]: worldToMap failed: mx,my: 27,206, size_x,size_y: 217,203
[planner_server-4] [ERROR] [1785968307.651525009] [robot_0.planner_server]: worldToMap failed: mx,my: 28,206, size_x,size_y: 217,203
[planner_server-4] [ERROR] [1785968307.651549626] [robot_0.planner_server]: worldToMap failed: mx,my: 29,206, size_x,size_y: 217,203
[planner_server-4] [ERROR] [1785968307.651574902] [robot_0.planner_server]: worldToMap failed: mx,my: 30,206, size_x,size_y: 217,203
[planner_server-4] [ERROR] [1785968307.651600361] [robot_0.planner_server]: worldToMap failed: mx,my: 31,206, size_x,size_y: 217,203
[planner_server-4] [ERROR] [1785968307.651625163] [robot_0.planner_server]: worldToMap failed: mx,my: 32,206, size_x,size_y: 217,203
[planner_server-4] [ERROR] [1785968307.651649707] [robot_0.planner_server]: worldToMap failed: mx,my: 33,206, size_x,size_y: 217,203
[planner_server-4] [ERROR] [1785968307.651674549] [robot_0.planner_server]: worldToMap failed: mx,my: 34,206, size_x,size_y: 217,203
[planner_server-4] [WARN] [1785968307.651776954] [robot_0.planner_server]:  plugin failed to plan from (-4.64, -0.34) to (-6.13, 3.84): "Failed to create plan with tolerance of: 0.500000"
[planner_server-4] [WARN] [1785968307.651821649] [robot_0.planner_server]: [compute_path_to_pose] [ActionServer] Aborting handle.
[frontier_explorer-13] [INFO] [1785968307.769097466] [robot_0.frontier_explorer]: [robot_0] precheck cand#4 (-6.13, 3.84) -> UNREACHABLE error_code=208 planning_time=0.000s poses=0 costmap=99 COST raw=253 INSCRIBED_INFLATED
[frontier_explorer-13] [WARN] [1785968307.792287550] [robot_0.frontier_explorer]: [robot_0] frontier (-6.13, 3.84) unplannable — retiring until map #219 (now #209, TTL 10 maps); start probe cleared the robot pose, so the GOAL is at fault
[planner_server-4] [WARN] [1785968307.814819544] [robot_0.planner_server]:  plugin failed to plan from (-4.64, -0.34) to (-3.57, -4.78): "Failed to create plan with tolerance of: 0.500000"
[planner_server-4] [WARN] [1785968307.814988143] [robot_0.planner_server]: [compute_path_to_pose] [ActionServer] Aborting handle.
[frontier_explorer-13] [INFO] [1785968307.971853956] [robot_0.frontier_explorer]: [robot_0] precheck cand#5 (-3.57, -4.78) -> UNREACHABLE error_code=208 planning_time=0.000s poses=0 costmap=0 FREE raw=0 FREE
[frontier_explorer-13] [WARN] [1785968307.994126458] [robot_0.frontier_explorer]: [robot_0] frontier (-3.57, -4.78) unplannable — retiring until map #219 (now #209, TTL 10 maps); start probe cleared the robot pose, so the GOAL is at fault
[planner_server-4] [WARN] [1785968308.028526695] [robot_0.planner_server]:  plugin failed to plan from (-4.64, -0.34) to (0.41, 1.79): "Failed to create plan with tolerance of: 0.500000"
[planner_server-4] [WARN] [1785968308.028670292] [robot_0.planner_server]: [compute_path_to_pose] [ActionServer] Aborting handle.
[frontier_explorer-13] [INFO] [1785968308.231241507] [robot_0.frontier_explorer]: [robot_0] precheck cand#6 (0.41, 1.79) -> UNREACHABLE error_code=208 planning_time=0.000s poses=0 costmap=99 COST raw=253 INSCRIBED_INFLATED
[frontier_explorer-13] [WARN] [1785968308.255918249] [robot_0.frontier_explorer]: [robot_0] frontier (0.41, 1.79) unplannable — retiring until map #219 (now #209, TTL 10 maps); start probe cleared the robot pose, so the GOAL is at fault
[planner_server-4] [WARN] [1785968308.325923562] [robot_0.planner_server]:  plugin failed to plan from (-4.64, -0.34) to (1.06, 0.93): "Failed to create plan with tolerance of: 0.500000"
[planner_server-4] [WARN] [1785968308.326091675] [robot_0.planner_server]: [compute_path_to_pose] [ActionServer] Aborting handle.
[frontier_explorer-13] [INFO] [1785968308.457198919] [robot_0.frontier_explorer]: [robot_0] precheck cand#7 (1.06, 0.93) -> UNREACHABLE error_code=208 planning_time=0.000s poses=0 costmap=0 FREE raw=0 FREE
[frontier_explorer-13] [WARN] [1785968308.458029578] [robot_0.frontier_explorer]: [robot_0] frontier (1.06, 0.93) unplannable — retiring until map #219 (now #209, TTL 10 maps); start probe cleared the robot pose, so the GOAL is at fault
[planner_server-4] [WARN] [1785968308.465513806] [robot_0.planner_server]:  plugin failed to plan from (-4.64, -0.34) to (1.26, -2.21): "Failed to create plan with tolerance of: 0.500000"
[planner_server-4] [WARN] [1785968308.465580165] [robot_0.planner_server]: [compute_path_to_pose] [ActionServer] Aborting handle.
[frontier_explorer-13] [INFO] [1785968308.520469155] [robot_0.frontier_explorer]: [robot_0] precheck cand#8 (1.26, -2.21) -> UNREACHABLE error_code=208 planning_time=0.000s poses=0 costmap=255 NO_INFORMATION int8=-1 raw=255 NO_INFORMATION
[frontier_explorer-13] [WARN] [1785968308.529365106] [robot_0.frontier_explorer]: [robot_0] frontier (1.26, -2.21) unplannable — retiring until map #219 (now #209, TTL 10 maps); start probe cleared the robot pose, so the GOAL is at fault
[planner_server-4] [WARN] [1785968308.531821770] [robot_0.planner_server]:  plugin failed to plan from (-4.64, -0.34) to (0.91, -3.46): "Failed to create plan with tolerance of: 0.500000"
[planner_server-4] [WARN] [1785968308.531885294] [robot_0.planner_server]: [compute_path_to_pose] [ActionServer] Aborting handle.
[frontier_explorer-13] [INFO] [1785968308.575471539] [robot_0.frontier_explorer]: [robot_0] precheck cand#9 (0.91, -3.46) -> UNREACHABLE error_code=208 planning_time=0.000s poses=0 costmap=255 NO_INFORMATION int8=-1 raw=255 NO_INFORMATION
[frontier_explorer-13] [WARN] [1785968308.575925668] [robot_0.frontier_explorer]: [robot_0] frontier (0.91, -3.46) unplannable — retiring until map #219 (now #209, TTL 10 maps); start probe cleared the robot pose, so the GOAL is at fault
[planner_server-4] [WARN] [1785968308.581708184] [robot_0.planner_server]:  plugin failed to plan from (-4.64, -0.34) to (2.10, -0.24): "Failed to create plan with tolerance of: 0.500000"
[planner_server-4] [WARN] [1785968308.581756569] [robot_0.planner_server]: [compute_path_to_pose] [ActionServer] Aborting handle.
[frontier_explorer-13] [INFO] [1785968308.634425738] [robot_0.frontier_explorer]: [robot_0] precheck cand#10 (2.10, -0.24) -> UNREACHABLE error_code=208 planning_time=0.000s poses=0 costmap=0 FREE raw=0 FREE
[frontier_explorer-13] [WARN] [1785968308.634992870] [robot_0.frontier_explorer]: [robot_0] frontier (2.10, -0.24) unplannable — retiring until map #219 (now #209, TTL 10 maps); start probe cleared the robot pose, so the GOAL is at fault
[planner_server-4] [WARN] [1785968308.641653711] [robot_0.planner_server]:  plugin failed to plan from (-4.64, -0.34) to (1.26, -3.74): "Failed to create plan with tolerance of: 0.500000"
[planner_server-4] [WARN] [1785968308.641704991] [robot_0.planner_server]: [compute_path_to_pose] [ActionServer] Aborting handle.
[frontier_explorer-13] [INFO] [1785968308.684066388] [robot_0.frontier_explorer]: [robot_0] precheck cand#11 (1.26, -3.74) -> UNREACHABLE error_code=208 planning_time=0.000s poses=0 costmap=0 FREE raw=0 FREE
[frontier_explorer-13] [WARN] [1785968308.688511294] [robot_0.frontier_explorer]: [robot_0] frontier (1.26, -3.74) unplannable — retiring until map #219 (now #209, TTL 10 maps); start probe cleared the robot pose, so the GOAL is at fault
[frontier_explorer-13] [INFO] [1785968308.690758139] [robot_0.frontier_explorer]: [robot_0] waiting for map update (0.0 sim s)
[planner_server-4] [WARN] [1785968311.301209819] [robot_0.planner_server]:  plugin failed to plan from (-4.64, -0.34) to (2.73, -2.53): "Failed to create plan with tolerance of: 0.500000"
[planner_server-4] [WARN] [1785968311.301260917] [robot_0.planner_server]: [compute_path_to_pose] [ActionServer] Aborting handle.
[frontier_explorer-13] [INFO] [1785968311.340985394] [robot_0.frontier_explorer]: [robot_0] precheck cand#0 (2.73, -2.53) -> UNREACHABLE error_code=208 planning_time=0.000s poses=0 costmap=99 COST raw=253 INSCRIBED_INFLATED
[frontier_explorer-13] [INFO] [1785968311.405128051] [robot_0.frontier_explorer]: [robot_0] start probe 1/3 (-4.89, 0.09) -> START_OK error_code=0 planning_time=0.000s poses=2 costmap=0 FREE raw=0 FREE
[frontier_explorer-13] [WARN] [1785968311.405589033] [robot_0.frontier_explorer]: [robot_0] frontier (2.73, -2.53) unplannable — retiring until map #221 (now #211, TTL 10 maps); start probe cleared the robot pose, so the GOAL is at fault
[frontier_explorer-13] [INFO] [1785968311.410530151] [robot_0.frontier_explorer]: [robot_0] no reachable frontier: probed 1 of 1 candidates (0 inconclusive, whole list examined) — deferring to a fresher map
[frontier_explorer-13] [INFO] [1785968311.411047554] [robot_0.frontier_explorer]: [robot_0] waiting for map update (0.0 sim s)
[planner_server-4] [WARN] [1785968315.613080078] [robot_0.planner_server]:  plugin failed to plan from (-4.64, -0.34) to (-3.98, -0.10): "Failed to create plan with tolerance of: 0.500000"
[planner_server-4] [WARN] [1785968315.613126669] [robot_0.planner_server]: [compute_path_to_pose] [ActionServer] Aborting handle.
[frontier_explorer-13] [INFO] [1785968315.683672942] [robot_0.frontier_explorer]: [robot_0] precheck cand#0 (-3.98, -0.10) -> UNREACHABLE error_code=208 planning_time=0.000s poses=0 costmap=255 NO_INFORMATION int8=-1 raw=255 NO_INFORMATION
[frontier_explorer-13] [INFO] [1785968315.740760703] [robot_0.frontier_explorer]: [robot_0] start probe 1/3 (-4.89, 0.09) -> START_OK error_code=0 planning_time=0.000s poses=2 costmap=0 FREE raw=0 FREE
[frontier_explorer-13] [WARN] [1785968315.741233257] [robot_0.frontier_explorer]: [robot_0] frontier (-4.50, -0.29) unplannable — retiring until map #223 (now #213, TTL 10 maps); start probe cleared the robot pose, so the GOAL is at fault
[frontier_explorer-13] [ERROR] [1785968315.741640219] [robot_0.frontier_explorer]: [robot_0] 10 consecutive selection cycles produced no dispatchable goal and at least one of them ran out of probe budget before it ran out of candidates — some frontiers were never examined, so this is NOT "nothing is reachable". Raise PRECHECK_MAX_PROBES (now 12) or PRECHECK_CYCLE_BUDGET (now 10s wall); do not read this as a completed map.
[frontier_explorer-13] [ERROR] [1785968315.836954748] [robot_0.frontier_explorer]: [robot_0] termination diagnostic (defer-truncated): pose (-4.640, -0.337) -> cell (54, 112) value=100 (OCC_THRESH=50, unknown=-1); 3x3 north-row-first [0,100,100] [0,100,0] [0,100,0]; nearest occupied 0.020 m away at (-4.64, -0.36); map seq 213, grid 217x203 res=0.050 origin=(-7.367, -5.982); costmap[translated] /robot_0/global_costmap/costmap seq 217, 0 updates applied (0 rejected), 1.2s old, 217x203 res=0.050 origin=(-7.367, -5.982): cell (54, 112) cost=100 COST; 3x3 north-row-first [99,100,100] [99,100,99] [99,100,99]; at nearest SLAM-occupied cost=100 COST; costmap[raw] /robot_0/global_costmap/costmap_raw seq 217, 0 updates applied (0 rejected), 1.2s old, 217x203 res=0.050 origin=(-7.367, -5.982): cell (54, 112) cost=254 LETHAL; 3x3 north-row-first [253,254,254] [253,254,253] [253,254,253]; at nearest SLAM-occupied cost=254 LETHAL; map saved to /home/lawlite/Desktop/NSKsim/experiments/maps/robot0_20260806_011835_defer-truncated.pgm. Verdict: pose error is plausible — the believed pose is inside mapped structure (SLAM value=100 (occupied), raw cost=254 LETHAL, 9/9 of the 3x3 at 253-254).
[frontier_explorer-13] [INFO] [1785968315.973000010] [robot_0.frontier_explorer]: [robot_0] termination audit after 21 goals: 56 frontier clusters detected this scan (0 blacklisted, 0 retry-pending, 27 retired-unexpired, 28 below MIN_CLUSTER=4).
[frontier_explorer-13] [WARN] [1785968315.974749352] [robot_0.frontier_explorer]: [robot_0] exploration HALTED with 1064 frontier cells remaining (non-blacklisted, >= MIN_CLUSTER) — NOT complete; selection could not turn them into a goal.
[ERROR] [frontier_explorer-13]: process has died [pid 230887, exit code 1, cmd '/home/lawlite/Desktop/NSKsim/ros2_ws/install/nsk_swarm/lib/nsk_swarm/frontier_explorer --ros-args --params-file /tmp/launch_params_2jmn0bnw'].
